{"app":["/app-97fa2ed0144385c1208d.js"],"component---src-pages-404-js":["/component---src-pages-404-js-d1aa1ed301e37d4c2252.js"],"component---src-pages-aplikacje-webowe-js":["/component---src-pages-aplikacje-webowe-js-6690547ad16fa8f00da8.js"],"component---src-pages-blog-aplikacje-webowe-vs-strony-internetowe-js":["/component---src-pages-blog-aplikacje-webowe-vs-strony-internetowe-js-de871fe85ef01819ce44.js"],"component---src-pages-blog-cms-vs-strona-pisana-od-podstaw-js":["/component---src-pages-blog-cms-vs-strona-pisana-od-podstaw-js-df3f1e817ac771ec8957.js"],"component---src-pages-blog-czym-jest-responsywnosc-strony-js":["/component---src-pages-blog-czym-jest-responsywnosc-strony-js-0359e6dead3b14270f34.js"],"component---src-pages-blog-index-js":["/component---src-pages-blog-index-js-32d56ffdb00c7f1143aa.js"],"component---src-pages-blog-jak-przebiega-proces-tworzenia-strony-js":["/component---src-pages-blog-jak-przebiega-proces-tworzenia-strony-js-874266b1cee330d8cfea.js"],"component---src-pages-blog-jak-wybrac-idealna-strone-js":["/component---src-pages-blog-jak-wybrac-idealna-strone-js-eb67d4f9ef3193ccb543.js"],"component---src-pages-blog-jak-wybrac-najlepszy-hosting-i-domene-js":["/component---src-pages-blog-jak-wybrac-najlepszy-hosting-i-domene-js-1e14611aab8c41b678f9.js"],"component---src-pages-blog-jakie-funkcje-powinna-miec-nowoczesna-strona-js":["/component---src-pages-blog-jakie-funkcje-powinna-miec-nowoczesna-strona-js-bcd059fb31448c4d50ba.js"],"component---src-pages-formularz-szybkiej-wyceny-js":["/component---src-pages-formularz-szybkiej-wyceny-js-3dd57ed4eda90d7a5e4e.js"],"component---src-pages-index-js":["/component---src-pages-index-js-0c61dd09ed9462dc67cd.js"],"component---src-pages-kontakt-js":["/component---src-pages-kontakt-js-715b06a33b262eff0ebd.js"],"component---src-pages-polityka-prywatnosci-js":["/component---src-pages-polityka-prywatnosci-js-40762ea4b6afd72e6962.js"],"component---src-pages-projektowanie-logo-js":["/component---src-pages-projektowanie-logo-js-ddbe27350f6a67abe029.js"],"component---src-pages-sklepy-internetowe-js":["/component---src-pages-sklepy-internetowe-js-53879ded911d4beddf4a.js"],"component---src-pages-strony-internetowe-gdansk-js":["/component---src-pages-strony-internetowe-gdansk-js-7024daecddef8e8d9dba.js"],"component---src-pages-strony-internetowe-index-js":["/component---src-pages-strony-internetowe-index-js-3cd6ea6bd6ac3cea3edb.js"],"component---src-pages-strony-internetowe-katowice-js":["/component---src-pages-strony-internetowe-katowice-js-86860b6668fbf1a00017.js"],"component---src-pages-strony-internetowe-krakow-js":["/component---src-pages-strony-internetowe-krakow-js-1e2e49c60bdfba01abec.js"],"component---src-pages-strony-internetowe-poznan-js":["/component---src-pages-strony-internetowe-poznan-js-b16dc29e93ebfe91fcfe.js"],"component---src-pages-strony-internetowe-warszawa-js":["/component---src-pages-strony-internetowe-warszawa-js-fceed749200e2053af85.js"],"component---src-pages-strony-internetowe-wroclaw-js":["/component---src-pages-strony-internetowe-wroclaw-js-3c47c923f4e68f5f9ccc.js"],"component---src-pages-strony-lms-js":["/component---src-pages-strony-lms-js-d448e73f39ec1a335282.js"],"component---src-pages-strony-niestandardowe-js":["/component---src-pages-strony-niestandardowe-js-92fee0f9aa93f151a076.js"],"component---src-pages-strony-wordpress-js":["/component---src-pages-strony-wordpress-js-8fd7e540cb4ac1b47acd.js"]}