{"app":["/app-5d307a16467f79a36614.js"],"component---src-pages-404-js":["/component---src-pages-404-js-d136cd27723148b37c55.js"],"component---src-pages-aplikacje-webowe-js":["/component---src-pages-aplikacje-webowe-js-b1504a6b5498ceffb417.js"],"component---src-pages-blog-js":["/component---src-pages-blog-js-5c7ef13074f328147616.js"],"component---src-pages-cms-vs-strona-pisana-od-podstaw-js":["/component---src-pages-cms-vs-strona-pisana-od-podstaw-js-5aa62c9ea3fb81833a4a.js"],"component---src-pages-index-js":["/component---src-pages-index-js-12a3b64d61f71cbbed5d.js"],"component---src-pages-jak-wybrac-najlepszy-hosting-i-domene-js":["/component---src-pages-jak-wybrac-najlepszy-hosting-i-domene-js-684469c412de1f58158d.js"],"component---src-pages-polityka-prywatnosci-js":["/component---src-pages-polityka-prywatnosci-js-24466658176ad0ee1661.js"],"component---src-pages-sklepy-internetowe-js":["/component---src-pages-sklepy-internetowe-js-2e0bbdfb88b1cd0dd0f0.js"],"component---src-pages-strony-niestandardowe-js":["/component---src-pages-strony-niestandardowe-js-5c105f7aa9fca4cbdb6a.js"],"component---src-pages-strony-wordpress-js":["/component---src-pages-strony-wordpress-js-8ea3df17538fe3d4c640.js"]}