{"app":["/app-759d7ba6967308a5b706.js"],"component---src-pages-404-js":["/component---src-pages-404-js-d1aa1ed301e37d4c2252.js"],"component---src-pages-aplikacje-webowe-js":["/component---src-pages-aplikacje-webowe-js-9f12f29f7e01cd3fb5ec.js"],"component---src-pages-blog-aplikacje-webowe-vs-strony-internetowe-js":["/component---src-pages-blog-aplikacje-webowe-vs-strony-internetowe-js-c75014949a1a326c8e3a.js"],"component---src-pages-blog-cms-vs-strona-pisana-od-podstaw-js":["/component---src-pages-blog-cms-vs-strona-pisana-od-podstaw-js-15fd8c993dcfcfee93b8.js"],"component---src-pages-blog-czym-jest-responsywnosc-strony-js":["/component---src-pages-blog-czym-jest-responsywnosc-strony-js-80248266ccb9a15fd7ed.js"],"component---src-pages-blog-index-js":["/component---src-pages-blog-index-js-a6e6188a8871cc0569c0.js"],"component---src-pages-blog-jak-przebiega-proces-tworzenia-strony-js":["/component---src-pages-blog-jak-przebiega-proces-tworzenia-strony-js-68855c6e93381fb1d13f.js"],"component---src-pages-blog-jak-wybrac-idealna-strone-js":["/component---src-pages-blog-jak-wybrac-idealna-strone-js-ac2fbed2ab7b1d5112a9.js"],"component---src-pages-blog-jak-wybrac-najlepszy-hosting-i-domene-js":["/component---src-pages-blog-jak-wybrac-najlepszy-hosting-i-domene-js-d6668bfa34e6f4c5e36e.js"],"component---src-pages-blog-jakie-funkcje-powinna-miec-nowoczesna-strona-js":["/component---src-pages-blog-jakie-funkcje-powinna-miec-nowoczesna-strona-js-22e7de31a119cec2d1f8.js"],"component---src-pages-formularz-szybkiej-wyceny-js":["/component---src-pages-formularz-szybkiej-wyceny-js-2123d47bafc994b4fa6d.js"],"component---src-pages-index-js":["/component---src-pages-index-js-2b3475b1ce41d57f2b8d.js"],"component---src-pages-kontakt-js":["/component---src-pages-kontakt-js-1b735b9962f2519270c5.js"],"component---src-pages-polityka-prywatnosci-js":["/component---src-pages-polityka-prywatnosci-js-dd635d9ea54bb3abe19c.js"],"component---src-pages-projektowanie-logo-js":["/component---src-pages-projektowanie-logo-js-dd8775a969aab5168c6c.js"],"component---src-pages-sklepy-internetowe-js":["/component---src-pages-sklepy-internetowe-js-29132a27bbd636d52965.js"],"component---src-pages-strony-internetowe-gdansk-js":["/component---src-pages-strony-internetowe-gdansk-js-6d30e95fcb404c3ff0af.js"],"component---src-pages-strony-internetowe-index-js":["/component---src-pages-strony-internetowe-index-js-389b6dcb3d6bdf6cbc14.js"],"component---src-pages-strony-internetowe-katowice-js":["/component---src-pages-strony-internetowe-katowice-js-b642407596e8e6cc325b.js"],"component---src-pages-strony-internetowe-krakow-js":["/component---src-pages-strony-internetowe-krakow-js-bde261f657ca75fe0eb3.js"],"component---src-pages-strony-internetowe-poznan-js":["/component---src-pages-strony-internetowe-poznan-js-3dd66a2f45f7835efdab.js"],"component---src-pages-strony-internetowe-warszawa-js":["/component---src-pages-strony-internetowe-warszawa-js-995d40f2336d8f37785b.js"],"component---src-pages-strony-internetowe-wroclaw-js":["/component---src-pages-strony-internetowe-wroclaw-js-031738f4d3834509dc53.js"],"component---src-pages-strony-lms-js":["/component---src-pages-strony-lms-js-553054f0a252db3176af.js"],"component---src-pages-strony-niestandardowe-js":["/component---src-pages-strony-niestandardowe-js-d02e59d6fc005d1159b2.js"],"component---src-pages-strony-wordpress-js":["/component---src-pages-strony-wordpress-js-776c700a83a663bd95ba.js"]}