{"app":["/app-b2e19f8d64360577e266.js"],"component---src-pages-404-js":["/component---src-pages-404-js-f52d51dd12780ed9f66a.js"],"component---src-pages-aplikacje-webowe-js":["/component---src-pages-aplikacje-webowe-js-e15b0a971c981b318164.js"],"component---src-pages-blog-js":["/component---src-pages-blog-js-e252745317648cc45c56.js"],"component---src-pages-cms-vs-strona-pisana-od-podstaw-js":["/component---src-pages-cms-vs-strona-pisana-od-podstaw-js-eb50a3efb23930ff03e7.js"],"component---src-pages-index-js":["/component---src-pages-index-js-e5bd8d889faac5939ff8.js"],"component---src-pages-jak-wybrac-najlepszy-hosting-i-domene-js":["/component---src-pages-jak-wybrac-najlepszy-hosting-i-domene-js-8ea0473e65475d285c56.js"],"component---src-pages-polityka-prywatnosci-js":["/component---src-pages-polityka-prywatnosci-js-0a4bd3ef107b8c529f42.js"],"component---src-pages-sklepy-internetowe-js":["/component---src-pages-sklepy-internetowe-js-929e67f45ae75018ae95.js"],"component---src-pages-strony-niestandardowe-js":["/component---src-pages-strony-niestandardowe-js-9a858138e3171e3212f3.js"],"component---src-pages-strony-wordpress-js":["/component---src-pages-strony-wordpress-js-386c41dd1b12f27760d5.js"]}