{"app":["/app-52e2d6df4af42b91e8b5.js"],"component---src-pages-404-js":["/component---src-pages-404-js-f52d51dd12780ed9f66a.js"],"component---src-pages-aplikacje-webowe-js":["/component---src-pages-aplikacje-webowe-js-70fab800ee17bd94dcec.js"],"component---src-pages-blog-aplikacje-webowe-vs-strony-internetowe-js":["/component---src-pages-blog-aplikacje-webowe-vs-strony-internetowe-js-02fe13acb9188ac87956.js"],"component---src-pages-blog-cms-vs-strona-pisana-od-podstaw-js":["/component---src-pages-blog-cms-vs-strona-pisana-od-podstaw-js-e3df847d45b9965a1a29.js"],"component---src-pages-blog-czym-jest-responsywnosc-strony-js":["/component---src-pages-blog-czym-jest-responsywnosc-strony-js-88feba1841e5e5f40254.js"],"component---src-pages-blog-index-js":["/component---src-pages-blog-index-js-5e221ae42624418f7e9d.js"],"component---src-pages-blog-jak-przebiega-proces-tworzenia-strony-js":["/component---src-pages-blog-jak-przebiega-proces-tworzenia-strony-js-dcf9b7bbc8c9474f1c3b.js"],"component---src-pages-blog-jak-wybrac-idealna-strone-js":["/component---src-pages-blog-jak-wybrac-idealna-strone-js-42a778c173349efce3db.js"],"component---src-pages-blog-jak-wybrac-najlepszy-hosting-i-domene-js":["/component---src-pages-blog-jak-wybrac-najlepszy-hosting-i-domene-js-8f046ff3a6b6f0165991.js"],"component---src-pages-blog-jakie-funkcje-powinna-miec-nowoczesna-strona-js":["/component---src-pages-blog-jakie-funkcje-powinna-miec-nowoczesna-strona-js-a55d75776f63f929d56d.js"],"component---src-pages-formularz-szybkiej-wyceny-js":["/component---src-pages-formularz-szybkiej-wyceny-js-04a96c3c783fe47e31b8.js"],"component---src-pages-index-js":["/component---src-pages-index-js-992a2ceb9c513891e40b.js"],"component---src-pages-kontakt-js":["/component---src-pages-kontakt-js-c0163be5d6b255fdfe07.js"],"component---src-pages-polityka-prywatnosci-js":["/component---src-pages-polityka-prywatnosci-js-f2e04dcbc3ab5966e07b.js"],"component---src-pages-projektowanie-logo-js":["/component---src-pages-projektowanie-logo-js-56a8f45f3c0fcf0a6525.js"],"component---src-pages-sklepy-internetowe-js":["/component---src-pages-sklepy-internetowe-js-a300c94d4d4f972f63a2.js"],"component---src-pages-strony-lms-js":["/component---src-pages-strony-lms-js-4f8977cc8ffe3cc9b6d6.js"],"component---src-pages-strony-niestandardowe-js":["/component---src-pages-strony-niestandardowe-js-df2ca8f017bd61cc8f4a.js"],"component---src-pages-strony-wordpress-js":["/component---src-pages-strony-wordpress-js-f392a0245252936e079f.js"]}