{"app":["/app-e4ac0e25ef59a8778854.js"],"component---src-pages-404-js":["/component---src-pages-404-js-f52d51dd12780ed9f66a.js"],"component---src-pages-aplikacje-webowe-js":["/component---src-pages-aplikacje-webowe-js-b99f374fae5c571597b3.js"],"component---src-pages-blog-aplikacje-webowe-vs-strony-internetowe-js":["/component---src-pages-blog-aplikacje-webowe-vs-strony-internetowe-js-39ea2712e3869ea6603b.js"],"component---src-pages-blog-cms-vs-strona-pisana-od-podstaw-js":["/component---src-pages-blog-cms-vs-strona-pisana-od-podstaw-js-98e3bb53e7ab6e26f757.js"],"component---src-pages-blog-czym-jest-responsywnosc-strony-js":["/component---src-pages-blog-czym-jest-responsywnosc-strony-js-67f214f492132a4f4744.js"],"component---src-pages-blog-index-js":["/component---src-pages-blog-index-js-4fc65511a95c890f205c.js"],"component---src-pages-blog-jak-przebiega-proces-tworzenia-strony-js":["/component---src-pages-blog-jak-przebiega-proces-tworzenia-strony-js-4a81d824c3ae77c4ae47.js"],"component---src-pages-blog-jak-wybrac-idealna-strone-js":["/component---src-pages-blog-jak-wybrac-idealna-strone-js-cf27ad9a5412e7e8a86e.js"],"component---src-pages-blog-jak-wybrac-najlepszy-hosting-i-domene-js":["/component---src-pages-blog-jak-wybrac-najlepszy-hosting-i-domene-js-f8e93c1cc4515278f692.js"],"component---src-pages-blog-jakie-funkcje-powinna-miec-nowoczesna-strona-js":["/component---src-pages-blog-jakie-funkcje-powinna-miec-nowoczesna-strona-js-a91e1b5e464809fdec3c.js"],"component---src-pages-index-js":["/component---src-pages-index-js-a8da528cc98d77064e34.js"],"component---src-pages-kontakt-js":["/component---src-pages-kontakt-js-23c873544a3fea761c3d.js"],"component---src-pages-polityka-prywatnosci-js":["/component---src-pages-polityka-prywatnosci-js-fb0bd577dc1a3334c474.js"],"component---src-pages-projektowanie-logo-js":["/component---src-pages-projektowanie-logo-js-56410d1611f9c08c15e1.js"],"component---src-pages-sklepy-internetowe-js":["/component---src-pages-sklepy-internetowe-js-c905af820b431aa358a9.js"],"component---src-pages-strony-lms-js":["/component---src-pages-strony-lms-js-7afda2492aa28bdee8d2.js"],"component---src-pages-strony-niestandardowe-js":["/component---src-pages-strony-niestandardowe-js-ea18d34086532418488f.js"],"component---src-pages-strony-wordpress-js":["/component---src-pages-strony-wordpress-js-251229ffca48aaea0f94.js"]}