{"app":["/app-73165d0d5bd4d1aab54b.js"],"component---src-pages-404-js":["/component---src-pages-404-js-e13d65541c7c1b6e904b.js"],"component---src-pages-aplikacje-webowe-js":["/component---src-pages-aplikacje-webowe-js-260d1ff94f52549f7285.js"],"component---src-pages-blog-aplikacje-webowe-vs-strony-internetowe-js":["/component---src-pages-blog-aplikacje-webowe-vs-strony-internetowe-js-5bda98cf043bc404d7e7.js"],"component---src-pages-blog-cms-vs-strona-pisana-od-podstaw-js":["/component---src-pages-blog-cms-vs-strona-pisana-od-podstaw-js-23522041696ba0f74406.js"],"component---src-pages-blog-czym-jest-responsywnosc-strony-js":["/component---src-pages-blog-czym-jest-responsywnosc-strony-js-2ef08ece86352b60da4b.js"],"component---src-pages-blog-index-js":["/component---src-pages-blog-index-js-825370467a624bec795d.js"],"component---src-pages-blog-jak-przebiega-proces-tworzenia-strony-js":["/component---src-pages-blog-jak-przebiega-proces-tworzenia-strony-js-8ae24ae301be176cf5c9.js"],"component---src-pages-blog-jak-wybrac-idealna-strone-js":["/component---src-pages-blog-jak-wybrac-idealna-strone-js-e7af6b7f63d08934325b.js"],"component---src-pages-blog-jak-wybrac-najlepszy-hosting-i-domene-js":["/component---src-pages-blog-jak-wybrac-najlepszy-hosting-i-domene-js-9d3d8d0793e8506ec822.js"],"component---src-pages-blog-jakie-funkcje-powinna-miec-nowoczesna-strona-js":["/component---src-pages-blog-jakie-funkcje-powinna-miec-nowoczesna-strona-js-12dae5058b1d1ba4f2cd.js"],"component---src-pages-formularz-szybkiej-wyceny-js":["/component---src-pages-formularz-szybkiej-wyceny-js-5019b086f69c9b0bd442.js"],"component---src-pages-index-js":["/component---src-pages-index-js-7710291f24c46d3e598e.js"],"component---src-pages-kontakt-js":["/component---src-pages-kontakt-js-8e90d17c9f0e533310cd.js"],"component---src-pages-polityka-prywatnosci-js":["/component---src-pages-polityka-prywatnosci-js-e6dc55d506854f58975b.js"],"component---src-pages-projektowanie-logo-js":["/component---src-pages-projektowanie-logo-js-64a0033f1685e3cc044e.js"],"component---src-pages-sklepy-internetowe-js":["/component---src-pages-sklepy-internetowe-js-3e1bf0f83b436bc0a861.js"],"component---src-pages-strony-internetowe-index-js":["/component---src-pages-strony-internetowe-index-js-6a7d1f9f053956255c24.js"],"component---src-pages-strony-internetowe-katowice-js":["/component---src-pages-strony-internetowe-katowice-js-4aabe183e19e9f6ea20a.js"],"component---src-pages-strony-internetowe-krakow-js":["/component---src-pages-strony-internetowe-krakow-js-f9afac90336d343dc1ad.js"],"component---src-pages-strony-internetowe-warszawa-js":["/component---src-pages-strony-internetowe-warszawa-js-732a1a446ba32c2617f7.js"],"component---src-pages-strony-internetowe-wroclaw-js":["/component---src-pages-strony-internetowe-wroclaw-js-3824e37ec2a13e41deff.js"],"component---src-pages-strony-lms-js":["/component---src-pages-strony-lms-js-7baf4fa0bf07d826978e.js"],"component---src-pages-strony-niestandardowe-js":["/component---src-pages-strony-niestandardowe-js-9328e4b2ee265863b398.js"],"component---src-pages-strony-wordpress-js":["/component---src-pages-strony-wordpress-js-0c9a4884eaddaac56d0a.js"]}