{"app":["/app-e4ac0e25ef59a8778854.js"],"component---src-pages-404-js":["/component---src-pages-404-js-f52d51dd12780ed9f66a.js"],"component---src-pages-aplikacje-webowe-js":["/component---src-pages-aplikacje-webowe-js-db73ff73e419658aa00d.js"],"component---src-pages-blog-aplikacje-webowe-vs-strony-internetowe-js":["/component---src-pages-blog-aplikacje-webowe-vs-strony-internetowe-js-7b6dd5493dff30797372.js"],"component---src-pages-blog-cms-vs-strona-pisana-od-podstaw-js":["/component---src-pages-blog-cms-vs-strona-pisana-od-podstaw-js-2a20b7d1a0e424719380.js"],"component---src-pages-blog-czym-jest-responsywnosc-strony-js":["/component---src-pages-blog-czym-jest-responsywnosc-strony-js-f7ec41857f7f57ca979f.js"],"component---src-pages-blog-index-js":["/component---src-pages-blog-index-js-756529ea3ac48c48cf3f.js"],"component---src-pages-blog-jak-przebiega-proces-tworzenia-strony-js":["/component---src-pages-blog-jak-przebiega-proces-tworzenia-strony-js-b110e72c7fac2c3808aa.js"],"component---src-pages-blog-jak-wybrac-idealna-strone-js":["/component---src-pages-blog-jak-wybrac-idealna-strone-js-fa6e1e1f5654a947662c.js"],"component---src-pages-blog-jak-wybrac-najlepszy-hosting-i-domene-js":["/component---src-pages-blog-jak-wybrac-najlepszy-hosting-i-domene-js-f8e5f0db29146de5ecf6.js"],"component---src-pages-blog-jakie-funkcje-powinna-miec-nowoczesna-strona-js":["/component---src-pages-blog-jakie-funkcje-powinna-miec-nowoczesna-strona-js-e8d4a73adc7db7cd8f2e.js"],"component---src-pages-index-js":["/component---src-pages-index-js-1fae3f2aeef01f00be67.js"],"component---src-pages-kontakt-js":["/component---src-pages-kontakt-js-23c873544a3fea761c3d.js"],"component---src-pages-polityka-prywatnosci-js":["/component---src-pages-polityka-prywatnosci-js-1350ae28941718e7d12e.js"],"component---src-pages-projektowanie-logo-js":["/component---src-pages-projektowanie-logo-js-56410d1611f9c08c15e1.js"],"component---src-pages-sklepy-internetowe-js":["/component---src-pages-sklepy-internetowe-js-291ab5a1232b6f72c09b.js"],"component---src-pages-strony-lms-js":["/component---src-pages-strony-lms-js-9bfe0c6583193374d8d2.js"],"component---src-pages-strony-niestandardowe-js":["/component---src-pages-strony-niestandardowe-js-ba04bce7f7ea96a12bc2.js"],"component---src-pages-strony-wordpress-js":["/component---src-pages-strony-wordpress-js-33572febf30121f99928.js"]}