{"app":["/app-f53379487352e555d71a.js"],"component---src-pages-404-js":["/component---src-pages-404-js-01729e114511783abb6c.js"],"component---src-pages-aplikacje-webowe-js":["/component---src-pages-aplikacje-webowe-js-f18a03687133bd8175b8.js"],"component---src-pages-blog-aplikacje-webowe-vs-strony-internetowe-js":["/component---src-pages-blog-aplikacje-webowe-vs-strony-internetowe-js-70c72182b500c9081c82.js"],"component---src-pages-blog-cms-vs-strona-pisana-od-podstaw-js":["/component---src-pages-blog-cms-vs-strona-pisana-od-podstaw-js-e4fe242a004d80244f73.js"],"component---src-pages-blog-czym-jest-responsywnosc-strony-js":["/component---src-pages-blog-czym-jest-responsywnosc-strony-js-bbfaac925055eedf37f5.js"],"component---src-pages-blog-index-js":["/component---src-pages-blog-index-js-cba5123c166eb57dc4b2.js"],"component---src-pages-blog-jak-przebiega-proces-tworzenia-strony-js":["/component---src-pages-blog-jak-przebiega-proces-tworzenia-strony-js-f59e75a58736f408fcec.js"],"component---src-pages-blog-jak-wybrac-idealna-strone-js":["/component---src-pages-blog-jak-wybrac-idealna-strone-js-3d4e0922764a80178d2c.js"],"component---src-pages-blog-jak-wybrac-najlepszy-hosting-i-domene-js":["/component---src-pages-blog-jak-wybrac-najlepszy-hosting-i-domene-js-e760d3084e7f01287554.js"],"component---src-pages-blog-jakie-funkcje-powinna-miec-nowoczesna-strona-js":["/component---src-pages-blog-jakie-funkcje-powinna-miec-nowoczesna-strona-js-429c1a05f1ed442f7817.js"],"component---src-pages-formularz-szybkiej-wyceny-js":["/component---src-pages-formularz-szybkiej-wyceny-js-92be70b55debce4bd862.js"],"component---src-pages-index-js":["/component---src-pages-index-js-52879066ff0a6a5846e7.js"],"component---src-pages-kontakt-js":["/component---src-pages-kontakt-js-b59a215406db46c9960a.js"],"component---src-pages-polityka-prywatnosci-js":["/component---src-pages-polityka-prywatnosci-js-de2fb31fee60a1835829.js"],"component---src-pages-projektowanie-logo-js":["/component---src-pages-projektowanie-logo-js-3228023ef4313eac2c49.js"],"component---src-pages-sklepy-internetowe-js":["/component---src-pages-sklepy-internetowe-js-90cfc24cee01085998ea.js"],"component---src-pages-strony-internetowe-index-js":["/component---src-pages-strony-internetowe-index-js-3a63027e183bb39bd966.js"],"component---src-pages-strony-internetowe-katowice-js":["/component---src-pages-strony-internetowe-katowice-js-a15ed25392b801a1425e.js"],"component---src-pages-strony-internetowe-krakow-js":["/component---src-pages-strony-internetowe-krakow-js-3f54f0bd8684d2410c38.js"],"component---src-pages-strony-internetowe-warszawa-js":["/component---src-pages-strony-internetowe-warszawa-js-557fffe50e5dbfc0d05d.js"],"component---src-pages-strony-internetowe-wroclaw-js":["/component---src-pages-strony-internetowe-wroclaw-js-9dfe811692fc9dcc0d49.js"],"component---src-pages-strony-lms-js":["/component---src-pages-strony-lms-js-69b03fbf6cc15b40a1fc.js"],"component---src-pages-strony-niestandardowe-js":["/component---src-pages-strony-niestandardowe-js-fb30d7dd128429133edf.js"],"component---src-pages-strony-wordpress-js":["/component---src-pages-strony-wordpress-js-bb166531643dadf8df99.js"]}