{"app":["/app-fec202fcaff9c0c28585.js"],"component---src-pages-404-js":["/component---src-pages-404-js-f52d51dd12780ed9f66a.js"],"component---src-pages-aplikacje-webowe-js":["/component---src-pages-aplikacje-webowe-js-aa5775e6511659022f3b.js"],"component---src-pages-blog-aplikacje-webowe-vs-strony-internetowe-js":["/component---src-pages-blog-aplikacje-webowe-vs-strony-internetowe-js-3b194821cc8177ea4769.js"],"component---src-pages-blog-cms-vs-strona-pisana-od-podstaw-js":["/component---src-pages-blog-cms-vs-strona-pisana-od-podstaw-js-e5f31714e3d6f38317c4.js"],"component---src-pages-blog-czym-jest-responsywnosc-strony-js":["/component---src-pages-blog-czym-jest-responsywnosc-strony-js-d10b7a2f57fa4c3f1666.js"],"component---src-pages-blog-index-js":["/component---src-pages-blog-index-js-67dd7dca400841e4d47b.js"],"component---src-pages-blog-jak-przebiega-proces-tworzenia-strony-js":["/component---src-pages-blog-jak-przebiega-proces-tworzenia-strony-js-981f09034b8b781c2a92.js"],"component---src-pages-blog-jak-wybrac-idealna-strone-js":["/component---src-pages-blog-jak-wybrac-idealna-strone-js-e85a63f212d648281e12.js"],"component---src-pages-blog-jak-wybrac-najlepszy-hosting-i-domene-js":["/component---src-pages-blog-jak-wybrac-najlepszy-hosting-i-domene-js-76319808e5e82201b0fd.js"],"component---src-pages-blog-jakie-funkcje-powinna-miec-nowoczesna-strona-js":["/component---src-pages-blog-jakie-funkcje-powinna-miec-nowoczesna-strona-js-18003b2dda10d8de07a5.js"],"component---src-pages-formularz-szybkiej-wyceny-js":["/component---src-pages-formularz-szybkiej-wyceny-js-17adb718ee9ff87fd1e8.js"],"component---src-pages-index-js":["/component---src-pages-index-js-179a977122f139e761f1.js"],"component---src-pages-kontakt-js":["/component---src-pages-kontakt-js-634ec98106653901a1d8.js"],"component---src-pages-polityka-prywatnosci-js":["/component---src-pages-polityka-prywatnosci-js-9fa02a71d2f0d8708459.js"],"component---src-pages-projektowanie-logo-js":["/component---src-pages-projektowanie-logo-js-618825586ba0300806c3.js"],"component---src-pages-sklepy-internetowe-js":["/component---src-pages-sklepy-internetowe-js-eb1bfbdcb35f3fe7a4c4.js"],"component---src-pages-strony-internetowe-index-js":["/component---src-pages-strony-internetowe-index-js-57af198caa4cb82c291e.js"],"component---src-pages-strony-internetowe-katowice-js":["/component---src-pages-strony-internetowe-katowice-js-6f08f9797be07e054655.js"],"component---src-pages-strony-internetowe-krakow-js":["/component---src-pages-strony-internetowe-krakow-js-dcf2098ba81e9f591939.js"],"component---src-pages-strony-internetowe-warszawa-js":["/component---src-pages-strony-internetowe-warszawa-js-2bc7fe1fc24bcc0f8ffd.js"],"component---src-pages-strony-internetowe-wroclaw-js":["/component---src-pages-strony-internetowe-wroclaw-js-6eddd4a025a376907055.js"],"component---src-pages-strony-lms-js":["/component---src-pages-strony-lms-js-10d6f418206ea5134d7b.js"],"component---src-pages-strony-niestandardowe-js":["/component---src-pages-strony-niestandardowe-js-592da57d18c3f998faf4.js"],"component---src-pages-strony-wordpress-js":["/component---src-pages-strony-wordpress-js-77d89e2e5b7c171fd848.js"]}