{"app":["/app-976c290a3145cba7615b.js"],"component---src-pages-404-js":["/component---src-pages-404-js-d1aa1ed301e37d4c2252.js"],"component---src-pages-aplikacje-webowe-js":["/component---src-pages-aplikacje-webowe-js-9f12f29f7e01cd3fb5ec.js"],"component---src-pages-blog-aplikacje-webowe-vs-strony-internetowe-js":["/component---src-pages-blog-aplikacje-webowe-vs-strony-internetowe-js-8d097fda49cad275b31e.js"],"component---src-pages-blog-cms-vs-strona-pisana-od-podstaw-js":["/component---src-pages-blog-cms-vs-strona-pisana-od-podstaw-js-08fd9603cfab3f348d33.js"],"component---src-pages-blog-czym-jest-responsywnosc-strony-js":["/component---src-pages-blog-czym-jest-responsywnosc-strony-js-0c1c6c098334b5d5ad79.js"],"component---src-pages-blog-index-js":["/component---src-pages-blog-index-js-4be408856fb45f123127.js"],"component---src-pages-blog-jak-przebiega-proces-tworzenia-strony-js":["/component---src-pages-blog-jak-przebiega-proces-tworzenia-strony-js-a49aeedc9d1d1c839ca6.js"],"component---src-pages-blog-jak-wybrac-idealna-strone-js":["/component---src-pages-blog-jak-wybrac-idealna-strone-js-3f16ac7a7d0fa646238f.js"],"component---src-pages-blog-jak-wybrac-najlepszy-hosting-i-domene-js":["/component---src-pages-blog-jak-wybrac-najlepszy-hosting-i-domene-js-13fca5ae1cda957346ac.js"],"component---src-pages-blog-jakie-funkcje-powinna-miec-nowoczesna-strona-js":["/component---src-pages-blog-jakie-funkcje-powinna-miec-nowoczesna-strona-js-44b8200d5dcf01deba25.js"],"component---src-pages-formularz-szybkiej-wyceny-js":["/component---src-pages-formularz-szybkiej-wyceny-js-2123d47bafc994b4fa6d.js"],"component---src-pages-index-js":["/component---src-pages-index-js-f2cc9a0b66f1e61f60a2.js"],"component---src-pages-kontakt-js":["/component---src-pages-kontakt-js-1b735b9962f2519270c5.js"],"component---src-pages-polityka-prywatnosci-js":["/component---src-pages-polityka-prywatnosci-js-83bf0b5360eae1073266.js"],"component---src-pages-projektowanie-logo-js":["/component---src-pages-projektowanie-logo-js-9c074374c1ddbb3cec1b.js"],"component---src-pages-sklepy-internetowe-js":["/component---src-pages-sklepy-internetowe-js-29132a27bbd636d52965.js"],"component---src-pages-strony-internetowe-gdansk-js":["/component---src-pages-strony-internetowe-gdansk-js-6d30e95fcb404c3ff0af.js"],"component---src-pages-strony-internetowe-index-js":["/component---src-pages-strony-internetowe-index-js-8ddb0c165fa99ad4867a.js"],"component---src-pages-strony-internetowe-katowice-js":["/component---src-pages-strony-internetowe-katowice-js-b642407596e8e6cc325b.js"],"component---src-pages-strony-internetowe-krakow-js":["/component---src-pages-strony-internetowe-krakow-js-bde261f657ca75fe0eb3.js"],"component---src-pages-strony-internetowe-poznan-js":["/component---src-pages-strony-internetowe-poznan-js-3dd66a2f45f7835efdab.js"],"component---src-pages-strony-internetowe-warszawa-js":["/component---src-pages-strony-internetowe-warszawa-js-995d40f2336d8f37785b.js"],"component---src-pages-strony-internetowe-wroclaw-js":["/component---src-pages-strony-internetowe-wroclaw-js-031738f4d3834509dc53.js"],"component---src-pages-strony-lms-js":["/component---src-pages-strony-lms-js-553054f0a252db3176af.js"],"component---src-pages-strony-niestandardowe-js":["/component---src-pages-strony-niestandardowe-js-d02e59d6fc005d1159b2.js"],"component---src-pages-strony-wordpress-js":["/component---src-pages-strony-wordpress-js-776c700a83a663bd95ba.js"]}