{"app":["/app-71287deef23cd9dc1f1f.js"],"component---src-pages-404-js":["/component---src-pages-404-js-f52d51dd12780ed9f66a.js"],"component---src-pages-aplikacje-webowe-js":["/component---src-pages-aplikacje-webowe-js-0ff475b588966fb65971.js"],"component---src-pages-blog-aplikacje-webowe-vs-strony-internetowe-js":["/component---src-pages-blog-aplikacje-webowe-vs-strony-internetowe-js-faa00f3319c344b18974.js"],"component---src-pages-blog-cms-vs-strona-pisana-od-podstaw-js":["/component---src-pages-blog-cms-vs-strona-pisana-od-podstaw-js-a3444c83d9f49119f8e8.js"],"component---src-pages-blog-czym-jest-responsywnosc-strony-js":["/component---src-pages-blog-czym-jest-responsywnosc-strony-js-b6e32079e2411f2c601d.js"],"component---src-pages-blog-index-js":["/component---src-pages-blog-index-js-1b2fffa23cff8f3e4844.js"],"component---src-pages-blog-jak-przebiega-proces-tworzenia-strony-js":["/component---src-pages-blog-jak-przebiega-proces-tworzenia-strony-js-939a24f9e688d4c236eb.js"],"component---src-pages-blog-jak-wybrac-idealna-strone-js":["/component---src-pages-blog-jak-wybrac-idealna-strone-js-43b70e479fda552319c7.js"],"component---src-pages-blog-jak-wybrac-najlepszy-hosting-i-domene-js":["/component---src-pages-blog-jak-wybrac-najlepszy-hosting-i-domene-js-ef3b16964b57e7a5467b.js"],"component---src-pages-blog-jakie-funkcje-powinna-miec-nowoczesna-strona-js":["/component---src-pages-blog-jakie-funkcje-powinna-miec-nowoczesna-strona-js-4a75f656763b1c1f3dc0.js"],"component---src-pages-formularz-szybkiej-wyceny-js":["/component---src-pages-formularz-szybkiej-wyceny-js-5962b5918eb807c428f9.js"],"component---src-pages-index-js":["/component---src-pages-index-js-a1cbc9d4c29c82534de7.js"],"component---src-pages-kontakt-js":["/component---src-pages-kontakt-js-9271ac4bb0538dc2037a.js"],"component---src-pages-polityka-prywatnosci-js":["/component---src-pages-polityka-prywatnosci-js-a89484926887f008c997.js"],"component---src-pages-projektowanie-logo-js":["/component---src-pages-projektowanie-logo-js-1fff3ad3f9061227d44c.js"],"component---src-pages-sklepy-internetowe-js":["/component---src-pages-sklepy-internetowe-js-af011bee5a41acf396cb.js"],"component---src-pages-strony-internetowe-gdansk-js":["/component---src-pages-strony-internetowe-gdansk-js-9ca42410774e5183ab67.js"],"component---src-pages-strony-internetowe-index-js":["/component---src-pages-strony-internetowe-index-js-e035f51f61f6ca6f8ad7.js"],"component---src-pages-strony-internetowe-katowice-js":["/component---src-pages-strony-internetowe-katowice-js-1c40db1c6aebefa8d907.js"],"component---src-pages-strony-internetowe-krakow-js":["/component---src-pages-strony-internetowe-krakow-js-bd7866b18d5b2dcb3592.js"],"component---src-pages-strony-internetowe-poznan-js":["/component---src-pages-strony-internetowe-poznan-js-4160f01873287866dd6a.js"],"component---src-pages-strony-internetowe-warszawa-js":["/component---src-pages-strony-internetowe-warszawa-js-f8c02bd4d6af79adabcd.js"],"component---src-pages-strony-internetowe-wroclaw-js":["/component---src-pages-strony-internetowe-wroclaw-js-2438b93c62c7e3011bde.js"],"component---src-pages-strony-lms-js":["/component---src-pages-strony-lms-js-9463679aa32749dca370.js"],"component---src-pages-strony-niestandardowe-js":["/component---src-pages-strony-niestandardowe-js-3cbe8ee1eaeaabed4aae.js"],"component---src-pages-strony-wordpress-js":["/component---src-pages-strony-wordpress-js-4164b08e115cf313fe99.js"]}