{"name":"build-javascript","namedChunkGroups":{"app":{"name":"app","assets":[{"name":"webpack-runtime-a90b0e72baafbb97fb3d.js","size":6669},{"name":"styles.9b115c99b253f663df06.css","size":53983},{"name":"framework-2872737fa36ed838cf44.js","size":140997},{"name":"app-fe76298786d521534ffa.js","size":84770}],"filteredAssets":0,"assetsSize":286419,"filteredAuxiliaryAssets":3,"auxiliaryAssetsSize":673418},"component---src-pages-404-js":{"name":"component---src-pages-404-js","assets":[{"name":"component---src-pages-404-js-d1aa1ed301e37d4c2252.js","size":789}],"filteredAssets":0,"assetsSize":789,"filteredAuxiliaryAssets":1,"auxiliaryAssetsSize":1957},"component---src-pages-aplikacje-webowe-js":{"name":"component---src-pages-aplikacje-webowe-js","assets":[{"name":"styles.9b115c99b253f663df06.css","size":53983},{"name":"6779ea2a6359ff28d390f0c94d4eb14edb5a5470-2ea0442e81d1c71feecb.js","size":32143},{"name":"a22ac5a548f60a75627e73a2e529076be61eb59b-349fad6e98b2183abed8.js","size":18884},{"name":"ac6aa5ad65d35adc8bf4262e472648a55d045570-1d16186b80db08c3de45.js","size":35419},{"name":"component---src-pages-aplikacje-webowe-js-9f12f29f7e01cd3fb5ec.js","size":14369}],"filteredAssets":0,"assetsSize":154798,"filteredAuxiliaryAssets":4,"auxiliaryAssetsSize":204172},"component---src-pages-blog-aplikacje-webowe-vs-strony-internetowe-js":{"name":"component---src-pages-blog-aplikacje-webowe-vs-strony-internetowe-js","assets":[{"name":"styles.9b115c99b253f663df06.css","size":53983},{"name":"6779ea2a6359ff28d390f0c94d4eb14edb5a5470-2ea0442e81d1c71feecb.js","size":32143},{"name":"component---src-pages-blog-aplikacje-webowe-vs-strony-internetowe-js-84a395e7943ce8759fe4.js","size":12463}],"filteredAssets":0,"assetsSize":98589,"filteredAuxiliaryAssets":2,"auxiliaryAssetsSize":118829},"component---src-pages-blog-cms-vs-strona-pisana-od-podstaw-js":{"name":"component---src-pages-blog-cms-vs-strona-pisana-od-podstaw-js","assets":[{"name":"styles.9b115c99b253f663df06.css","size":53983},{"name":"6779ea2a6359ff28d390f0c94d4eb14edb5a5470-2ea0442e81d1c71feecb.js","size":32143},{"name":"component---src-pages-blog-cms-vs-strona-pisana-od-podstaw-js-9822e73a2fe47d2ac113.js","size":16902}],"filteredAssets":0,"assetsSize":103028,"filteredAuxiliaryAssets":2,"auxiliaryAssetsSize":123046},"component---src-pages-blog-czym-jest-responsywnosc-strony-js":{"name":"component---src-pages-blog-czym-jest-responsywnosc-strony-js","assets":[{"name":"styles.9b115c99b253f663df06.css","size":53983},{"name":"6779ea2a6359ff28d390f0c94d4eb14edb5a5470-2ea0442e81d1c71feecb.js","size":32143},{"name":"component---src-pages-blog-czym-jest-responsywnosc-strony-js-1e8052c0bdba210013be.js","size":12112}],"filteredAssets":0,"assetsSize":98238,"filteredAuxiliaryAssets":2,"auxiliaryAssetsSize":118459},"component---src-pages-blog-index-js":{"name":"component---src-pages-blog-index-js","assets":[{"name":"styles.9b115c99b253f663df06.css","size":53983},{"name":"6779ea2a6359ff28d390f0c94d4eb14edb5a5470-2ea0442e81d1c71feecb.js","size":32143},{"name":"component---src-pages-blog-index-js-278bc8dbb1e91237a3b8.js","size":24800}],"filteredAssets":0,"assetsSize":110926,"filteredAuxiliaryAssets":2,"auxiliaryAssetsSize":122275},"component---src-pages-blog-jak-przebiega-proces-tworzenia-strony-js":{"name":"component---src-pages-blog-jak-przebiega-proces-tworzenia-strony-js","assets":[{"name":"styles.9b115c99b253f663df06.css","size":53983},{"name":"6779ea2a6359ff28d390f0c94d4eb14edb5a5470-2ea0442e81d1c71feecb.js","size":32143},{"name":"component---src-pages-blog-jak-przebiega-proces-tworzenia-strony-js-405c35e687a9a21caeab.js","size":12174}],"filteredAssets":0,"assetsSize":98300,"filteredAuxiliaryAssets":2,"auxiliaryAssetsSize":118563},"component---src-pages-blog-jak-wybrac-idealna-strone-js":{"name":"component---src-pages-blog-jak-wybrac-idealna-strone-js","assets":[{"name":"styles.9b115c99b253f663df06.css","size":53983},{"name":"6779ea2a6359ff28d390f0c94d4eb14edb5a5470-2ea0442e81d1c71feecb.js","size":32143},{"name":"component---src-pages-blog-jak-wybrac-idealna-strone-js-026d749fb2fb92fd9601.js","size":15586}],"filteredAssets":0,"assetsSize":101712,"filteredAuxiliaryAssets":2,"auxiliaryAssetsSize":123288},"component---src-pages-blog-jak-wybrac-najlepszy-hosting-i-domene-js":{"name":"component---src-pages-blog-jak-wybrac-najlepszy-hosting-i-domene-js","assets":[{"name":"styles.9b115c99b253f663df06.css","size":53983},{"name":"6779ea2a6359ff28d390f0c94d4eb14edb5a5470-2ea0442e81d1c71feecb.js","size":32143},{"name":"component---src-pages-blog-jak-wybrac-najlepszy-hosting-i-domene-js-ef165a23dc2baf9e87d2.js","size":12920}],"filteredAssets":0,"assetsSize":99046,"filteredAuxiliaryAssets":2,"auxiliaryAssetsSize":120158},"component---src-pages-blog-jakie-funkcje-powinna-miec-nowoczesna-strona-js":{"name":"component---src-pages-blog-jakie-funkcje-powinna-miec-nowoczesna-strona-js","assets":[{"name":"styles.9b115c99b253f663df06.css","size":53983},{"name":"6779ea2a6359ff28d390f0c94d4eb14edb5a5470-2ea0442e81d1c71feecb.js","size":32143},{"name":"component---src-pages-blog-jakie-funkcje-powinna-miec-nowoczesna-strona-js-2ec450dc168efcf93792.js","size":14458}],"filteredAssets":0,"assetsSize":100584,"filteredAuxiliaryAssets":2,"auxiliaryAssetsSize":121603},"component---src-pages-formularz-szybkiej-wyceny-js":{"name":"component---src-pages-formularz-szybkiej-wyceny-js","assets":[{"name":"styles.9b115c99b253f663df06.css","size":53983},{"name":"6779ea2a6359ff28d390f0c94d4eb14edb5a5470-2ea0442e81d1c71feecb.js","size":32143},{"name":"a22ac5a548f60a75627e73a2e529076be61eb59b-349fad6e98b2183abed8.js","size":18884},{"name":"ee6ad327328575b986aa81d922a943f6f0da9c1c-ca0029f9edec896bd06f.js","size":23127},{"name":"component---src-pages-formularz-szybkiej-wyceny-js-2123d47bafc994b4fa6d.js","size":46446}],"filteredAssets":0,"assetsSize":174583,"filteredAuxiliaryAssets":4,"auxiliaryAssetsSize":385066},"component---src-pages-index-js":{"name":"component---src-pages-index-js","assets":[{"name":"styles.9b115c99b253f663df06.css","size":53983},{"name":"6779ea2a6359ff28d390f0c94d4eb14edb5a5470-2ea0442e81d1c71feecb.js","size":32143},{"name":"component---src-pages-index-js-194509dfef38f6507c15.js","size":14267}],"filteredAssets":0,"assetsSize":100393,"filteredAuxiliaryAssets":2,"auxiliaryAssetsSize":122977},"component---src-pages-kontakt-js":{"name":"component---src-pages-kontakt-js","assets":[{"name":"styles.9b115c99b253f663df06.css","size":53983},{"name":"framework-2872737fa36ed838cf44.js","size":140997},{"name":"7d0bf13e-a88435d7bff9432d5973.js","size":146922},{"name":"6779ea2a6359ff28d390f0c94d4eb14edb5a5470-2ea0442e81d1c71feecb.js","size":32143},{"name":"a22ac5a548f60a75627e73a2e529076be61eb59b-349fad6e98b2183abed8.js","size":18884},{"name":"ee6ad327328575b986aa81d922a943f6f0da9c1c-ca0029f9edec896bd06f.js","size":23127},{"name":"component---src-pages-kontakt-js-1b735b9962f2519270c5.js","size":10996}],"filteredAssets":0,"assetsSize":427052,"filteredAuxiliaryAssets":6,"auxiliaryAssetsSize":1179792},"component---src-pages-polityka-prywatnosci-js":{"name":"component---src-pages-polityka-prywatnosci-js","assets":[{"name":"styles.9b115c99b253f663df06.css","size":53983},{"name":"6779ea2a6359ff28d390f0c94d4eb14edb5a5470-2ea0442e81d1c71feecb.js","size":32143},{"name":"component---src-pages-polityka-prywatnosci-js-daa9117d4319f899b658.js","size":13863}],"filteredAssets":0,"assetsSize":99989,"filteredAuxiliaryAssets":2,"auxiliaryAssetsSize":119584},"component---src-pages-projektowanie-logo-js":{"name":"component---src-pages-projektowanie-logo-js","assets":[{"name":"styles.9b115c99b253f663df06.css","size":53983},{"name":"6779ea2a6359ff28d390f0c94d4eb14edb5a5470-2ea0442e81d1c71feecb.js","size":32143},{"name":"a22ac5a548f60a75627e73a2e529076be61eb59b-349fad6e98b2183abed8.js","size":18884},{"name":"ac6aa5ad65d35adc8bf4262e472648a55d045570-1d16186b80db08c3de45.js","size":35419},{"name":"component---src-pages-projektowanie-logo-js-dd8775a969aab5168c6c.js","size":19344}],"filteredAssets":0,"assetsSize":159773,"filteredAuxiliaryAssets":4,"auxiliaryAssetsSize":202254},"component---src-pages-sklepy-internetowe-js":{"name":"component---src-pages-sklepy-internetowe-js","assets":[{"name":"styles.9b115c99b253f663df06.css","size":53983},{"name":"6779ea2a6359ff28d390f0c94d4eb14edb5a5470-2ea0442e81d1c71feecb.js","size":32143},{"name":"a22ac5a548f60a75627e73a2e529076be61eb59b-349fad6e98b2183abed8.js","size":18884},{"name":"ac6aa5ad65d35adc8bf4262e472648a55d045570-1d16186b80db08c3de45.js","size":35419},{"name":"component---src-pages-sklepy-internetowe-js-29132a27bbd636d52965.js","size":17947}],"filteredAssets":0,"assetsSize":158376,"filteredAuxiliaryAssets":4,"auxiliaryAssetsSize":206652},"component---src-pages-strony-internetowe-gdansk-js":{"name":"component---src-pages-strony-internetowe-gdansk-js","assets":[{"name":"styles.9b115c99b253f663df06.css","size":53983},{"name":"6779ea2a6359ff28d390f0c94d4eb14edb5a5470-2ea0442e81d1c71feecb.js","size":32143},{"name":"bc9babd85d6468b42138223eeef3f79a1d64da05-d4cd873108ad727cb461.js","size":32270},{"name":"fffcb4ef5b0b00ac5fe76babe3db9aa7eaa93f4c-2c8b89ecdf0dc7a8e953.js","size":171590},{"name":"component---src-pages-strony-internetowe-gdansk-js-6d30e95fcb404c3ff0af.js","size":4942}],"filteredAssets":0,"assetsSize":294928,"filteredAuxiliaryAssets":4,"auxiliaryAssetsSize":392535},"component---src-pages-strony-internetowe-index-js":{"name":"component---src-pages-strony-internetowe-index-js","assets":[{"name":"styles.9b115c99b253f663df06.css","size":53983},{"name":"6779ea2a6359ff28d390f0c94d4eb14edb5a5470-2ea0442e81d1c71feecb.js","size":32143},{"name":"component---src-pages-strony-internetowe-index-js-82fe24fd9cc84ed56d10.js","size":11857}],"filteredAssets":0,"assetsSize":97983,"filteredAuxiliaryAssets":2,"auxiliaryAssetsSize":119845},"component---src-pages-strony-internetowe-katowice-js":{"name":"component---src-pages-strony-internetowe-katowice-js","assets":[{"name":"styles.9b115c99b253f663df06.css","size":53983},{"name":"6779ea2a6359ff28d390f0c94d4eb14edb5a5470-2ea0442e81d1c71feecb.js","size":32143},{"name":"bc9babd85d6468b42138223eeef3f79a1d64da05-d4cd873108ad727cb461.js","size":32270},{"name":"fffcb4ef5b0b00ac5fe76babe3db9aa7eaa93f4c-2c8b89ecdf0dc7a8e953.js","size":171590},{"name":"component---src-pages-strony-internetowe-katowice-js-b642407596e8e6cc325b.js","size":4746}],"filteredAssets":0,"assetsSize":294732,"filteredAuxiliaryAssets":4,"auxiliaryAssetsSize":392474},"component---src-pages-strony-internetowe-krakow-js":{"name":"component---src-pages-strony-internetowe-krakow-js","assets":[{"name":"styles.9b115c99b253f663df06.css","size":53983},{"name":"6779ea2a6359ff28d390f0c94d4eb14edb5a5470-2ea0442e81d1c71feecb.js","size":32143},{"name":"bc9babd85d6468b42138223eeef3f79a1d64da05-d4cd873108ad727cb461.js","size":32270},{"name":"fffcb4ef5b0b00ac5fe76babe3db9aa7eaa93f4c-2c8b89ecdf0dc7a8e953.js","size":171590},{"name":"component---src-pages-strony-internetowe-krakow-js-bde261f657ca75fe0eb3.js","size":4807}],"filteredAssets":0,"assetsSize":294793,"filteredAuxiliaryAssets":4,"auxiliaryAssetsSize":392400},"component---src-pages-strony-internetowe-poznan-js":{"name":"component---src-pages-strony-internetowe-poznan-js","assets":[{"name":"styles.9b115c99b253f663df06.css","size":53983},{"name":"6779ea2a6359ff28d390f0c94d4eb14edb5a5470-2ea0442e81d1c71feecb.js","size":32143},{"name":"bc9babd85d6468b42138223eeef3f79a1d64da05-d4cd873108ad727cb461.js","size":32270},{"name":"fffcb4ef5b0b00ac5fe76babe3db9aa7eaa93f4c-2c8b89ecdf0dc7a8e953.js","size":171590},{"name":"component---src-pages-strony-internetowe-poznan-js-3dd66a2f45f7835efdab.js","size":4949}],"filteredAssets":0,"assetsSize":294935,"filteredAuxiliaryAssets":4,"auxiliaryAssetsSize":392538},"component---src-pages-strony-internetowe-warszawa-js":{"name":"component---src-pages-strony-internetowe-warszawa-js","assets":[{"name":"styles.9b115c99b253f663df06.css","size":53983},{"name":"6779ea2a6359ff28d390f0c94d4eb14edb5a5470-2ea0442e81d1c71feecb.js","size":32143},{"name":"bc9babd85d6468b42138223eeef3f79a1d64da05-d4cd873108ad727cb461.js","size":32270},{"name":"fffcb4ef5b0b00ac5fe76babe3db9aa7eaa93f4c-2c8b89ecdf0dc7a8e953.js","size":171590},{"name":"component---src-pages-strony-internetowe-warszawa-js-995d40f2336d8f37785b.js","size":4960}],"filteredAssets":0,"assetsSize":294946,"filteredAuxiliaryAssets":4,"auxiliaryAssetsSize":392694},"component---src-pages-strony-internetowe-wroclaw-js":{"name":"component---src-pages-strony-internetowe-wroclaw-js","assets":[{"name":"styles.9b115c99b253f663df06.css","size":53983},{"name":"6779ea2a6359ff28d390f0c94d4eb14edb5a5470-2ea0442e81d1c71feecb.js","size":32143},{"name":"bc9babd85d6468b42138223eeef3f79a1d64da05-d4cd873108ad727cb461.js","size":32270},{"name":"fffcb4ef5b0b00ac5fe76babe3db9aa7eaa93f4c-2c8b89ecdf0dc7a8e953.js","size":171590},{"name":"component---src-pages-strony-internetowe-wroclaw-js-031738f4d3834509dc53.js","size":5005}],"filteredAssets":0,"assetsSize":294991,"filteredAuxiliaryAssets":4,"auxiliaryAssetsSize":392682},"component---src-pages-strony-lms-js":{"name":"component---src-pages-strony-lms-js","assets":[{"name":"styles.9b115c99b253f663df06.css","size":53983},{"name":"6779ea2a6359ff28d390f0c94d4eb14edb5a5470-2ea0442e81d1c71feecb.js","size":32143},{"name":"a22ac5a548f60a75627e73a2e529076be61eb59b-349fad6e98b2183abed8.js","size":18884},{"name":"ac6aa5ad65d35adc8bf4262e472648a55d045570-1d16186b80db08c3de45.js","size":35419},{"name":"component---src-pages-strony-lms-js-553054f0a252db3176af.js","size":14421}],"filteredAssets":0,"assetsSize":154850,"filteredAuxiliaryAssets":4,"auxiliaryAssetsSize":204137},"component---src-pages-strony-niestandardowe-js":{"name":"component---src-pages-strony-niestandardowe-js","assets":[{"name":"styles.9b115c99b253f663df06.css","size":53983},{"name":"6779ea2a6359ff28d390f0c94d4eb14edb5a5470-2ea0442e81d1c71feecb.js","size":32143},{"name":"a22ac5a548f60a75627e73a2e529076be61eb59b-349fad6e98b2183abed8.js","size":18884},{"name":"ac6aa5ad65d35adc8bf4262e472648a55d045570-1d16186b80db08c3de45.js","size":35419},{"name":"component---src-pages-strony-niestandardowe-js-d02e59d6fc005d1159b2.js","size":14397}],"filteredAssets":0,"assetsSize":154826,"filteredAuxiliaryAssets":4,"auxiliaryAssetsSize":204248},"component---src-pages-strony-wordpress-js":{"name":"component---src-pages-strony-wordpress-js","assets":[{"name":"styles.9b115c99b253f663df06.css","size":53983},{"name":"6779ea2a6359ff28d390f0c94d4eb14edb5a5470-2ea0442e81d1c71feecb.js","size":32143},{"name":"a22ac5a548f60a75627e73a2e529076be61eb59b-349fad6e98b2183abed8.js","size":18884},{"name":"ac6aa5ad65d35adc8bf4262e472648a55d045570-1d16186b80db08c3de45.js","size":35419},{"name":"component---src-pages-strony-wordpress-js-776c700a83a663bd95ba.js","size":14419}],"filteredAssets":0,"assetsSize":154848,"filteredAuxiliaryAssets":4,"auxiliaryAssetsSize":204282}},"assetsByChunkName":{"app":["webpack-runtime-a90b0e72baafbb97fb3d.js","styles.9b115c99b253f663df06.css","framework-2872737fa36ed838cf44.js","app-fe76298786d521534ffa.js"],"component---src-pages-404-js":["component---src-pages-404-js-d1aa1ed301e37d4c2252.js"],"component---src-pages-aplikacje-webowe-js":["styles.9b115c99b253f663df06.css","6779ea2a6359ff28d390f0c94d4eb14edb5a5470-2ea0442e81d1c71feecb.js","a22ac5a548f60a75627e73a2e529076be61eb59b-349fad6e98b2183abed8.js","ac6aa5ad65d35adc8bf4262e472648a55d045570-1d16186b80db08c3de45.js","component---src-pages-aplikacje-webowe-js-9f12f29f7e01cd3fb5ec.js"],"component---src-pages-blog-aplikacje-webowe-vs-strony-internetowe-js":["styles.9b115c99b253f663df06.css","6779ea2a6359ff28d390f0c94d4eb14edb5a5470-2ea0442e81d1c71feecb.js","component---src-pages-blog-aplikacje-webowe-vs-strony-internetowe-js-84a395e7943ce8759fe4.js"],"component---src-pages-blog-cms-vs-strona-pisana-od-podstaw-js":["styles.9b115c99b253f663df06.css","6779ea2a6359ff28d390f0c94d4eb14edb5a5470-2ea0442e81d1c71feecb.js","component---src-pages-blog-cms-vs-strona-pisana-od-podstaw-js-9822e73a2fe47d2ac113.js"],"component---src-pages-blog-czym-jest-responsywnosc-strony-js":["styles.9b115c99b253f663df06.css","6779ea2a6359ff28d390f0c94d4eb14edb5a5470-2ea0442e81d1c71feecb.js","component---src-pages-blog-czym-jest-responsywnosc-strony-js-1e8052c0bdba210013be.js"],"component---src-pages-blog-index-js":["styles.9b115c99b253f663df06.css","6779ea2a6359ff28d390f0c94d4eb14edb5a5470-2ea0442e81d1c71feecb.js","component---src-pages-blog-index-js-278bc8dbb1e91237a3b8.js"],"component---src-pages-blog-jak-przebiega-proces-tworzenia-strony-js":["styles.9b115c99b253f663df06.css","6779ea2a6359ff28d390f0c94d4eb14edb5a5470-2ea0442e81d1c71feecb.js","component---src-pages-blog-jak-przebiega-proces-tworzenia-strony-js-405c35e687a9a21caeab.js"],"component---src-pages-blog-jak-wybrac-idealna-strone-js":["styles.9b115c99b253f663df06.css","6779ea2a6359ff28d390f0c94d4eb14edb5a5470-2ea0442e81d1c71feecb.js","component---src-pages-blog-jak-wybrac-idealna-strone-js-026d749fb2fb92fd9601.js"],"component---src-pages-blog-jak-wybrac-najlepszy-hosting-i-domene-js":["styles.9b115c99b253f663df06.css","6779ea2a6359ff28d390f0c94d4eb14edb5a5470-2ea0442e81d1c71feecb.js","component---src-pages-blog-jak-wybrac-najlepszy-hosting-i-domene-js-ef165a23dc2baf9e87d2.js"],"component---src-pages-blog-jakie-funkcje-powinna-miec-nowoczesna-strona-js":["styles.9b115c99b253f663df06.css","6779ea2a6359ff28d390f0c94d4eb14edb5a5470-2ea0442e81d1c71feecb.js","component---src-pages-blog-jakie-funkcje-powinna-miec-nowoczesna-strona-js-2ec450dc168efcf93792.js"],"component---src-pages-formularz-szybkiej-wyceny-js":["styles.9b115c99b253f663df06.css","6779ea2a6359ff28d390f0c94d4eb14edb5a5470-2ea0442e81d1c71feecb.js","a22ac5a548f60a75627e73a2e529076be61eb59b-349fad6e98b2183abed8.js","ee6ad327328575b986aa81d922a943f6f0da9c1c-ca0029f9edec896bd06f.js","component---src-pages-formularz-szybkiej-wyceny-js-2123d47bafc994b4fa6d.js"],"component---src-pages-index-js":["styles.9b115c99b253f663df06.css","6779ea2a6359ff28d390f0c94d4eb14edb5a5470-2ea0442e81d1c71feecb.js","component---src-pages-index-js-194509dfef38f6507c15.js"],"component---src-pages-kontakt-js":["styles.9b115c99b253f663df06.css","framework-2872737fa36ed838cf44.js","7d0bf13e-a88435d7bff9432d5973.js","6779ea2a6359ff28d390f0c94d4eb14edb5a5470-2ea0442e81d1c71feecb.js","a22ac5a548f60a75627e73a2e529076be61eb59b-349fad6e98b2183abed8.js","ee6ad327328575b986aa81d922a943f6f0da9c1c-ca0029f9edec896bd06f.js","component---src-pages-kontakt-js-1b735b9962f2519270c5.js"],"component---src-pages-polityka-prywatnosci-js":["styles.9b115c99b253f663df06.css","6779ea2a6359ff28d390f0c94d4eb14edb5a5470-2ea0442e81d1c71feecb.js","component---src-pages-polityka-prywatnosci-js-daa9117d4319f899b658.js"],"component---src-pages-projektowanie-logo-js":["styles.9b115c99b253f663df06.css","6779ea2a6359ff28d390f0c94d4eb14edb5a5470-2ea0442e81d1c71feecb.js","a22ac5a548f60a75627e73a2e529076be61eb59b-349fad6e98b2183abed8.js","ac6aa5ad65d35adc8bf4262e472648a55d045570-1d16186b80db08c3de45.js","component---src-pages-projektowanie-logo-js-dd8775a969aab5168c6c.js"],"component---src-pages-sklepy-internetowe-js":["styles.9b115c99b253f663df06.css","6779ea2a6359ff28d390f0c94d4eb14edb5a5470-2ea0442e81d1c71feecb.js","a22ac5a548f60a75627e73a2e529076be61eb59b-349fad6e98b2183abed8.js","ac6aa5ad65d35adc8bf4262e472648a55d045570-1d16186b80db08c3de45.js","component---src-pages-sklepy-internetowe-js-29132a27bbd636d52965.js"],"component---src-pages-strony-internetowe-gdansk-js":["styles.9b115c99b253f663df06.css","6779ea2a6359ff28d390f0c94d4eb14edb5a5470-2ea0442e81d1c71feecb.js","bc9babd85d6468b42138223eeef3f79a1d64da05-d4cd873108ad727cb461.js","fffcb4ef5b0b00ac5fe76babe3db9aa7eaa93f4c-2c8b89ecdf0dc7a8e953.js","component---src-pages-strony-internetowe-gdansk-js-6d30e95fcb404c3ff0af.js"],"component---src-pages-strony-internetowe-index-js":["styles.9b115c99b253f663df06.css","6779ea2a6359ff28d390f0c94d4eb14edb5a5470-2ea0442e81d1c71feecb.js","component---src-pages-strony-internetowe-index-js-82fe24fd9cc84ed56d10.js"],"component---src-pages-strony-internetowe-katowice-js":["styles.9b115c99b253f663df06.css","6779ea2a6359ff28d390f0c94d4eb14edb5a5470-2ea0442e81d1c71feecb.js","bc9babd85d6468b42138223eeef3f79a1d64da05-d4cd873108ad727cb461.js","fffcb4ef5b0b00ac5fe76babe3db9aa7eaa93f4c-2c8b89ecdf0dc7a8e953.js","component---src-pages-strony-internetowe-katowice-js-b642407596e8e6cc325b.js"],"component---src-pages-strony-internetowe-krakow-js":["styles.9b115c99b253f663df06.css","6779ea2a6359ff28d390f0c94d4eb14edb5a5470-2ea0442e81d1c71feecb.js","bc9babd85d6468b42138223eeef3f79a1d64da05-d4cd873108ad727cb461.js","fffcb4ef5b0b00ac5fe76babe3db9aa7eaa93f4c-2c8b89ecdf0dc7a8e953.js","component---src-pages-strony-internetowe-krakow-js-bde261f657ca75fe0eb3.js"],"component---src-pages-strony-internetowe-poznan-js":["styles.9b115c99b253f663df06.css","6779ea2a6359ff28d390f0c94d4eb14edb5a5470-2ea0442e81d1c71feecb.js","bc9babd85d6468b42138223eeef3f79a1d64da05-d4cd873108ad727cb461.js","fffcb4ef5b0b00ac5fe76babe3db9aa7eaa93f4c-2c8b89ecdf0dc7a8e953.js","component---src-pages-strony-internetowe-poznan-js-3dd66a2f45f7835efdab.js"],"component---src-pages-strony-internetowe-warszawa-js":["styles.9b115c99b253f663df06.css","6779ea2a6359ff28d390f0c94d4eb14edb5a5470-2ea0442e81d1c71feecb.js","bc9babd85d6468b42138223eeef3f79a1d64da05-d4cd873108ad727cb461.js","fffcb4ef5b0b00ac5fe76babe3db9aa7eaa93f4c-2c8b89ecdf0dc7a8e953.js","component---src-pages-strony-internetowe-warszawa-js-995d40f2336d8f37785b.js"],"component---src-pages-strony-internetowe-wroclaw-js":["styles.9b115c99b253f663df06.css","6779ea2a6359ff28d390f0c94d4eb14edb5a5470-2ea0442e81d1c71feecb.js","bc9babd85d6468b42138223eeef3f79a1d64da05-d4cd873108ad727cb461.js","fffcb4ef5b0b00ac5fe76babe3db9aa7eaa93f4c-2c8b89ecdf0dc7a8e953.js","component---src-pages-strony-internetowe-wroclaw-js-031738f4d3834509dc53.js"],"component---src-pages-strony-lms-js":["styles.9b115c99b253f663df06.css","6779ea2a6359ff28d390f0c94d4eb14edb5a5470-2ea0442e81d1c71feecb.js","a22ac5a548f60a75627e73a2e529076be61eb59b-349fad6e98b2183abed8.js","ac6aa5ad65d35adc8bf4262e472648a55d045570-1d16186b80db08c3de45.js","component---src-pages-strony-lms-js-553054f0a252db3176af.js"],"component---src-pages-strony-niestandardowe-js":["styles.9b115c99b253f663df06.css","6779ea2a6359ff28d390f0c94d4eb14edb5a5470-2ea0442e81d1c71feecb.js","a22ac5a548f60a75627e73a2e529076be61eb59b-349fad6e98b2183abed8.js","ac6aa5ad65d35adc8bf4262e472648a55d045570-1d16186b80db08c3de45.js","component---src-pages-strony-niestandardowe-js-d02e59d6fc005d1159b2.js"],"component---src-pages-strony-wordpress-js":["styles.9b115c99b253f663df06.css","6779ea2a6359ff28d390f0c94d4eb14edb5a5470-2ea0442e81d1c71feecb.js","a22ac5a548f60a75627e73a2e529076be61eb59b-349fad6e98b2183abed8.js","ac6aa5ad65d35adc8bf4262e472648a55d045570-1d16186b80db08c3de45.js","component---src-pages-strony-wordpress-js-776c700a83a663bd95ba.js"]},"childAssetsByChunkName":{}}