{"name":"build-javascript","namedChunkGroups":{"app":{"name":"app","assets":[{"name":"webpack-runtime-962a43f55b761a3a4ca1.js","size":4737},{"name":"styles.1b7c90987c4d3c3fee0a.css","size":239959},{"name":"framework-4c9a48b6a0c8be73726d.js","size":140996},{"name":"app-b2e19f8d64360577e266.js","size":82192}],"filteredAssets":0,"assetsSize":467884,"filteredAuxiliaryAssets":3,"auxiliaryAssetsSize":667534},"component---src-pages-404-js":{"name":"component---src-pages-404-js","assets":[{"name":"component---src-pages-404-js-f52d51dd12780ed9f66a.js","size":788}],"filteredAssets":0,"assetsSize":788,"filteredAuxiliaryAssets":1,"auxiliaryAssetsSize":1957},"component---src-pages-aplikacje-webowe-js":{"name":"component---src-pages-aplikacje-webowe-js","assets":[{"name":"styles.1b7c90987c4d3c3fee0a.css","size":239959},{"name":"framework-4c9a48b6a0c8be73726d.js","size":140996},{"name":"c9a52fca43954aad44e05ac95865b77c0411e13b-e739b2f2bcb53cf8507f.js","size":113394},{"name":"c86aef2d550d7bbe56b1aa15c6c97d3a0a5f62d6-151540aad59a058832d8.js","size":42550},{"name":"575f127bf6c8b40468da8e674eee952166d1134f-23b933bdb77b63a91601.js","size":30654},{"name":"component---src-pages-aplikacje-webowe-js-e15b0a971c981b318164.js","size":1216}],"filteredAssets":0,"assetsSize":568769,"filteredAuxiliaryAssets":5,"auxiliaryAssetsSize":1167433},"component---src-pages-blog-js":{"name":"component---src-pages-blog-js","assets":[{"name":"styles.1b7c90987c4d3c3fee0a.css","size":239959},{"name":"framework-4c9a48b6a0c8be73726d.js","size":140996},{"name":"c9a52fca43954aad44e05ac95865b77c0411e13b-e739b2f2bcb53cf8507f.js","size":113394},{"name":"component---src-pages-blog-js-e252745317648cc45c56.js","size":8741}],"filteredAssets":0,"assetsSize":503090,"filteredAuxiliaryAssets":3,"auxiliaryAssetsSize":924282},"component---src-pages-cms-vs-strona-pisana-od-podstaw-js":{"name":"component---src-pages-cms-vs-strona-pisana-od-podstaw-js","assets":[{"name":"styles.1b7c90987c4d3c3fee0a.css","size":239959},{"name":"framework-4c9a48b6a0c8be73726d.js","size":140996},{"name":"c9a52fca43954aad44e05ac95865b77c0411e13b-e739b2f2bcb53cf8507f.js","size":113394},{"name":"component---src-pages-cms-vs-strona-pisana-od-podstaw-js-eb50a3efb23930ff03e7.js","size":13760}],"filteredAssets":0,"assetsSize":508109,"filteredAuxiliaryAssets":3,"auxiliaryAssetsSize":922172},"component---src-pages-index-js":{"name":"component---src-pages-index-js","assets":[{"name":"styles.1b7c90987c4d3c3fee0a.css","size":239959},{"name":"framework-4c9a48b6a0c8be73726d.js","size":140996},{"name":"c9a52fca43954aad44e05ac95865b77c0411e13b-e739b2f2bcb53cf8507f.js","size":113394},{"name":"c86aef2d550d7bbe56b1aa15c6c97d3a0a5f62d6-151540aad59a058832d8.js","size":42550},{"name":"component---src-pages-index-js-e5bd8d889faac5939ff8.js","size":49773}],"filteredAssets":0,"assetsSize":586672,"filteredAuxiliaryAssets":4,"auxiliaryAssetsSize":1202649},"component---src-pages-jak-wybrac-najlepszy-hosting-i-domene-js":{"name":"component---src-pages-jak-wybrac-najlepszy-hosting-i-domene-js","assets":[{"name":"styles.1b7c90987c4d3c3fee0a.css","size":239959},{"name":"framework-4c9a48b6a0c8be73726d.js","size":140996},{"name":"c9a52fca43954aad44e05ac95865b77c0411e13b-e739b2f2bcb53cf8507f.js","size":113394},{"name":"component---src-pages-jak-wybrac-najlepszy-hosting-i-domene-js-8ea0473e65475d285c56.js","size":15198}],"filteredAssets":0,"assetsSize":509547,"filteredAuxiliaryAssets":3,"auxiliaryAssetsSize":926515},"component---src-pages-polityka-prywatnosci-js":{"name":"component---src-pages-polityka-prywatnosci-js","assets":[{"name":"styles.1b7c90987c4d3c3fee0a.css","size":239959},{"name":"framework-4c9a48b6a0c8be73726d.js","size":140996},{"name":"c9a52fca43954aad44e05ac95865b77c0411e13b-e739b2f2bcb53cf8507f.js","size":113394},{"name":"component---src-pages-polityka-prywatnosci-js-0a4bd3ef107b8c529f42.js","size":6380}],"filteredAssets":0,"assetsSize":500729,"filteredAuxiliaryAssets":3,"auxiliaryAssetsSize":911034},"component---src-pages-sklepy-internetowe-js":{"name":"component---src-pages-sklepy-internetowe-js","assets":[{"name":"styles.1b7c90987c4d3c3fee0a.css","size":239959},{"name":"framework-4c9a48b6a0c8be73726d.js","size":140996},{"name":"c9a52fca43954aad44e05ac95865b77c0411e13b-e739b2f2bcb53cf8507f.js","size":113394},{"name":"c86aef2d550d7bbe56b1aa15c6c97d3a0a5f62d6-151540aad59a058832d8.js","size":42550},{"name":"575f127bf6c8b40468da8e674eee952166d1134f-23b933bdb77b63a91601.js","size":30654},{"name":"component---src-pages-sklepy-internetowe-js-929e67f45ae75018ae95.js","size":1224}],"filteredAssets":0,"assetsSize":568777,"filteredAuxiliaryAssets":5,"auxiliaryAssetsSize":1167465},"component---src-pages-strony-niestandardowe-js":{"name":"component---src-pages-strony-niestandardowe-js","assets":[{"name":"styles.1b7c90987c4d3c3fee0a.css","size":239959},{"name":"framework-4c9a48b6a0c8be73726d.js","size":140996},{"name":"c9a52fca43954aad44e05ac95865b77c0411e13b-e739b2f2bcb53cf8507f.js","size":113394},{"name":"c86aef2d550d7bbe56b1aa15c6c97d3a0a5f62d6-151540aad59a058832d8.js","size":42550},{"name":"575f127bf6c8b40468da8e674eee952166d1134f-23b933bdb77b63a91601.js","size":30654},{"name":"component---src-pages-strony-niestandardowe-js-9a858138e3171e3212f3.js","size":1225}],"filteredAssets":0,"assetsSize":568778,"filteredAuxiliaryAssets":5,"auxiliaryAssetsSize":1167489},"component---src-pages-strony-wordpress-js":{"name":"component---src-pages-strony-wordpress-js","assets":[{"name":"styles.1b7c90987c4d3c3fee0a.css","size":239959},{"name":"framework-4c9a48b6a0c8be73726d.js","size":140996},{"name":"c9a52fca43954aad44e05ac95865b77c0411e13b-e739b2f2bcb53cf8507f.js","size":113394},{"name":"c86aef2d550d7bbe56b1aa15c6c97d3a0a5f62d6-151540aad59a058832d8.js","size":42550},{"name":"575f127bf6c8b40468da8e674eee952166d1134f-23b933bdb77b63a91601.js","size":30654},{"name":"component---src-pages-strony-wordpress-js-386c41dd1b12f27760d5.js","size":1214}],"filteredAssets":0,"assetsSize":568767,"filteredAuxiliaryAssets":5,"auxiliaryAssetsSize":1167426}},"assetsByChunkName":{"app":["webpack-runtime-962a43f55b761a3a4ca1.js","styles.1b7c90987c4d3c3fee0a.css","framework-4c9a48b6a0c8be73726d.js","app-b2e19f8d64360577e266.js"],"component---src-pages-404-js":["component---src-pages-404-js-f52d51dd12780ed9f66a.js"],"component---src-pages-aplikacje-webowe-js":["styles.1b7c90987c4d3c3fee0a.css","framework-4c9a48b6a0c8be73726d.js","c9a52fca43954aad44e05ac95865b77c0411e13b-e739b2f2bcb53cf8507f.js","c86aef2d550d7bbe56b1aa15c6c97d3a0a5f62d6-151540aad59a058832d8.js","575f127bf6c8b40468da8e674eee952166d1134f-23b933bdb77b63a91601.js","component---src-pages-aplikacje-webowe-js-e15b0a971c981b318164.js"],"component---src-pages-blog-js":["styles.1b7c90987c4d3c3fee0a.css","framework-4c9a48b6a0c8be73726d.js","c9a52fca43954aad44e05ac95865b77c0411e13b-e739b2f2bcb53cf8507f.js","component---src-pages-blog-js-e252745317648cc45c56.js"],"component---src-pages-cms-vs-strona-pisana-od-podstaw-js":["styles.1b7c90987c4d3c3fee0a.css","framework-4c9a48b6a0c8be73726d.js","c9a52fca43954aad44e05ac95865b77c0411e13b-e739b2f2bcb53cf8507f.js","component---src-pages-cms-vs-strona-pisana-od-podstaw-js-eb50a3efb23930ff03e7.js"],"component---src-pages-index-js":["styles.1b7c90987c4d3c3fee0a.css","framework-4c9a48b6a0c8be73726d.js","c9a52fca43954aad44e05ac95865b77c0411e13b-e739b2f2bcb53cf8507f.js","c86aef2d550d7bbe56b1aa15c6c97d3a0a5f62d6-151540aad59a058832d8.js","component---src-pages-index-js-e5bd8d889faac5939ff8.js"],"component---src-pages-jak-wybrac-najlepszy-hosting-i-domene-js":["styles.1b7c90987c4d3c3fee0a.css","framework-4c9a48b6a0c8be73726d.js","c9a52fca43954aad44e05ac95865b77c0411e13b-e739b2f2bcb53cf8507f.js","component---src-pages-jak-wybrac-najlepszy-hosting-i-domene-js-8ea0473e65475d285c56.js"],"component---src-pages-polityka-prywatnosci-js":["styles.1b7c90987c4d3c3fee0a.css","framework-4c9a48b6a0c8be73726d.js","c9a52fca43954aad44e05ac95865b77c0411e13b-e739b2f2bcb53cf8507f.js","component---src-pages-polityka-prywatnosci-js-0a4bd3ef107b8c529f42.js"],"component---src-pages-sklepy-internetowe-js":["styles.1b7c90987c4d3c3fee0a.css","framework-4c9a48b6a0c8be73726d.js","c9a52fca43954aad44e05ac95865b77c0411e13b-e739b2f2bcb53cf8507f.js","c86aef2d550d7bbe56b1aa15c6c97d3a0a5f62d6-151540aad59a058832d8.js","575f127bf6c8b40468da8e674eee952166d1134f-23b933bdb77b63a91601.js","component---src-pages-sklepy-internetowe-js-929e67f45ae75018ae95.js"],"component---src-pages-strony-niestandardowe-js":["styles.1b7c90987c4d3c3fee0a.css","framework-4c9a48b6a0c8be73726d.js","c9a52fca43954aad44e05ac95865b77c0411e13b-e739b2f2bcb53cf8507f.js","c86aef2d550d7bbe56b1aa15c6c97d3a0a5f62d6-151540aad59a058832d8.js","575f127bf6c8b40468da8e674eee952166d1134f-23b933bdb77b63a91601.js","component---src-pages-strony-niestandardowe-js-9a858138e3171e3212f3.js"],"component---src-pages-strony-wordpress-js":["styles.1b7c90987c4d3c3fee0a.css","framework-4c9a48b6a0c8be73726d.js","c9a52fca43954aad44e05ac95865b77c0411e13b-e739b2f2bcb53cf8507f.js","c86aef2d550d7bbe56b1aa15c6c97d3a0a5f62d6-151540aad59a058832d8.js","575f127bf6c8b40468da8e674eee952166d1134f-23b933bdb77b63a91601.js","component---src-pages-strony-wordpress-js-386c41dd1b12f27760d5.js"]},"childAssetsByChunkName":{}}