{"name":"build-javascript","namedChunkGroups":{"app":{"name":"app","assets":[{"name":"webpack-runtime-ea4b933141e3b8ede555.js","size":6641},{"name":"styles.7e718a906568d672a59a.css","size":145545},{"name":"framework-2e11ba2ec88a39210bca.js","size":140997},{"name":"app-97fa2ed0144385c1208d.js","size":84753}],"filteredAssets":0,"assetsSize":377936,"filteredAuxiliaryAssets":3,"auxiliaryAssetsSize":672811},"component---src-pages-404-js":{"name":"component---src-pages-404-js","assets":[{"name":"component---src-pages-404-js-d1aa1ed301e37d4c2252.js","size":789}],"filteredAssets":0,"assetsSize":789,"filteredAuxiliaryAssets":1,"auxiliaryAssetsSize":1957},"component---src-pages-aplikacje-webowe-js":{"name":"component---src-pages-aplikacje-webowe-js","assets":[{"name":"styles.7e718a906568d672a59a.css","size":145545},{"name":"framework-2e11ba2ec88a39210bca.js","size":140997},{"name":"6779ea2a6359ff28d390f0c94d4eb14edb5a5470-1ff5b5538243a86bbcdf.js","size":146943},{"name":"a22ac5a548f60a75627e73a2e529076be61eb59b-f634a75182e9e0e22868.js","size":18478},{"name":"ac6aa5ad65d35adc8bf4262e472648a55d045570-de9b2b4d6710e6b1fac9.js","size":24372},{"name":"component---src-pages-aplikacje-webowe-js-6690547ad16fa8f00da8.js","size":13896}],"filteredAssets":0,"assetsSize":490231,"filteredAuxiliaryAssets":5,"auxiliaryAssetsSize":1185204},"component---src-pages-blog-aplikacje-webowe-vs-strony-internetowe-js":{"name":"component---src-pages-blog-aplikacje-webowe-vs-strony-internetowe-js","assets":[{"name":"styles.7e718a906568d672a59a.css","size":145545},{"name":"framework-2e11ba2ec88a39210bca.js","size":140997},{"name":"6779ea2a6359ff28d390f0c94d4eb14edb5a5470-1ff5b5538243a86bbcdf.js","size":146943},{"name":"component---src-pages-blog-aplikacje-webowe-vs-strony-internetowe-js-de871fe85ef01819ce44.js","size":11536}],"filteredAssets":0,"assetsSize":445021,"filteredAuxiliaryAssets":3,"auxiliaryAssetsSize":1113948},"component---src-pages-blog-cms-vs-strona-pisana-od-podstaw-js":{"name":"component---src-pages-blog-cms-vs-strona-pisana-od-podstaw-js","assets":[{"name":"styles.7e718a906568d672a59a.css","size":145545},{"name":"framework-2e11ba2ec88a39210bca.js","size":140997},{"name":"6779ea2a6359ff28d390f0c94d4eb14edb5a5470-1ff5b5538243a86bbcdf.js","size":146943},{"name":"component---src-pages-blog-cms-vs-strona-pisana-od-podstaw-js-df3f1e817ac771ec8957.js","size":19019}],"filteredAssets":0,"assetsSize":452504,"filteredAuxiliaryAssets":3,"auxiliaryAssetsSize":1121875},"component---src-pages-blog-czym-jest-responsywnosc-strony-js":{"name":"component---src-pages-blog-czym-jest-responsywnosc-strony-js","assets":[{"name":"styles.7e718a906568d672a59a.css","size":145545},{"name":"framework-2e11ba2ec88a39210bca.js","size":140997},{"name":"6779ea2a6359ff28d390f0c94d4eb14edb5a5470-1ff5b5538243a86bbcdf.js","size":146943},{"name":"component---src-pages-blog-czym-jest-responsywnosc-strony-js-0359e6dead3b14270f34.js","size":11225}],"filteredAssets":0,"assetsSize":444710,"filteredAuxiliaryAssets":3,"auxiliaryAssetsSize":1113714},"component---src-pages-blog-index-js":{"name":"component---src-pages-blog-index-js","assets":[{"name":"styles.7e718a906568d672a59a.css","size":145545},{"name":"framework-2e11ba2ec88a39210bca.js","size":140997},{"name":"6779ea2a6359ff28d390f0c94d4eb14edb5a5470-1ff5b5538243a86bbcdf.js","size":146943},{"name":"component---src-pages-blog-index-js-32d56ffdb00c7f1143aa.js","size":23570}],"filteredAssets":0,"assetsSize":457055,"filteredAuxiliaryAssets":3,"auxiliaryAssetsSize":1117191},"component---src-pages-blog-jak-przebiega-proces-tworzenia-strony-js":{"name":"component---src-pages-blog-jak-przebiega-proces-tworzenia-strony-js","assets":[{"name":"styles.7e718a906568d672a59a.css","size":145545},{"name":"framework-2e11ba2ec88a39210bca.js","size":140997},{"name":"6779ea2a6359ff28d390f0c94d4eb14edb5a5470-1ff5b5538243a86bbcdf.js","size":146943},{"name":"component---src-pages-blog-jak-przebiega-proces-tworzenia-strony-js-874266b1cee330d8cfea.js","size":11434}],"filteredAssets":0,"assetsSize":444919,"filteredAuxiliaryAssets":3,"auxiliaryAssetsSize":1113908},"component---src-pages-blog-jak-wybrac-idealna-strone-js":{"name":"component---src-pages-blog-jak-wybrac-idealna-strone-js","assets":[{"name":"styles.7e718a906568d672a59a.css","size":145545},{"name":"framework-2e11ba2ec88a39210bca.js","size":140997},{"name":"6779ea2a6359ff28d390f0c94d4eb14edb5a5470-1ff5b5538243a86bbcdf.js","size":146943},{"name":"component---src-pages-blog-jak-wybrac-idealna-strone-js-eb67d4f9ef3193ccb543.js","size":14218}],"filteredAssets":0,"assetsSize":447703,"filteredAuxiliaryAssets":3,"auxiliaryAssetsSize":1117776},"component---src-pages-blog-jak-wybrac-najlepszy-hosting-i-domene-js":{"name":"component---src-pages-blog-jak-wybrac-najlepszy-hosting-i-domene-js","assets":[{"name":"styles.7e718a906568d672a59a.css","size":145545},{"name":"framework-2e11ba2ec88a39210bca.js","size":140997},{"name":"6779ea2a6359ff28d390f0c94d4eb14edb5a5470-1ff5b5538243a86bbcdf.js","size":146943},{"name":"component---src-pages-blog-jak-wybrac-najlepszy-hosting-i-domene-js-1e14611aab8c41b678f9.js","size":13544}],"filteredAssets":0,"assetsSize":447029,"filteredAuxiliaryAssets":3,"auxiliaryAssetsSize":1117239},"component---src-pages-blog-jakie-funkcje-powinna-miec-nowoczesna-strona-js":{"name":"component---src-pages-blog-jakie-funkcje-powinna-miec-nowoczesna-strona-js","assets":[{"name":"styles.7e718a906568d672a59a.css","size":145545},{"name":"framework-2e11ba2ec88a39210bca.js","size":140997},{"name":"6779ea2a6359ff28d390f0c94d4eb14edb5a5470-1ff5b5538243a86bbcdf.js","size":146943},{"name":"component---src-pages-blog-jakie-funkcje-powinna-miec-nowoczesna-strona-js-bcd059fb31448c4d50ba.js","size":13159}],"filteredAssets":0,"assetsSize":446644,"filteredAuxiliaryAssets":3,"auxiliaryAssetsSize":1116177},"component---src-pages-formularz-szybkiej-wyceny-js":{"name":"component---src-pages-formularz-szybkiej-wyceny-js","assets":[{"name":"styles.7e718a906568d672a59a.css","size":145545},{"name":"framework-2e11ba2ec88a39210bca.js","size":140997},{"name":"6779ea2a6359ff28d390f0c94d4eb14edb5a5470-1ff5b5538243a86bbcdf.js","size":146943},{"name":"a22ac5a548f60a75627e73a2e529076be61eb59b-f634a75182e9e0e22868.js","size":18478},{"name":"ee6ad327328575b986aa81d922a943f6f0da9c1c-ca0029f9edec896bd06f.js","size":23127},{"name":"component---src-pages-formularz-szybkiej-wyceny-js-3dd57ed4eda90d7a5e4e.js","size":41087}],"filteredAssets":0,"assetsSize":516177,"filteredAuxiliaryAssets":5,"auxiliaryAssetsSize":1374865},"component---src-pages-index-js":{"name":"component---src-pages-index-js","assets":[{"name":"styles.7e718a906568d672a59a.css","size":145545},{"name":"framework-2e11ba2ec88a39210bca.js","size":140997},{"name":"6779ea2a6359ff28d390f0c94d4eb14edb5a5470-1ff5b5538243a86bbcdf.js","size":146943},{"name":"component---src-pages-index-js-0c61dd09ed9462dc67cd.js","size":11608}],"filteredAssets":0,"assetsSize":445093,"filteredAuxiliaryAssets":3,"auxiliaryAssetsSize":1115810},"component---src-pages-kontakt-js":{"name":"component---src-pages-kontakt-js","assets":[{"name":"styles.7e718a906568d672a59a.css","size":145545},{"name":"framework-2e11ba2ec88a39210bca.js","size":140997},{"name":"7d0bf13e-113b26baaf995bec0e14.js","size":146922},{"name":"6779ea2a6359ff28d390f0c94d4eb14edb5a5470-1ff5b5538243a86bbcdf.js","size":146943},{"name":"a22ac5a548f60a75627e73a2e529076be61eb59b-f634a75182e9e0e22868.js","size":18478},{"name":"ee6ad327328575b986aa81d922a943f6f0da9c1c-ca0029f9edec896bd06f.js","size":23127},{"name":"component---src-pages-kontakt-js-715b06a33b262eff0ebd.js","size":10007}],"filteredAssets":0,"assetsSize":632019,"filteredAuxiliaryAssets":6,"auxiliaryAssetsSize":1819472},"component---src-pages-polityka-prywatnosci-js":{"name":"component---src-pages-polityka-prywatnosci-js","assets":[{"name":"styles.7e718a906568d672a59a.css","size":145545},{"name":"framework-2e11ba2ec88a39210bca.js","size":140997},{"name":"6779ea2a6359ff28d390f0c94d4eb14edb5a5470-1ff5b5538243a86bbcdf.js","size":146943},{"name":"component---src-pages-polityka-prywatnosci-js-40762ea4b6afd72e6962.js","size":12934}],"filteredAssets":0,"assetsSize":446419,"filteredAuxiliaryAssets":3,"auxiliaryAssetsSize":1114488},"component---src-pages-projektowanie-logo-js":{"name":"component---src-pages-projektowanie-logo-js","assets":[{"name":"styles.7e718a906568d672a59a.css","size":145545},{"name":"framework-2e11ba2ec88a39210bca.js","size":140997},{"name":"6779ea2a6359ff28d390f0c94d4eb14edb5a5470-1ff5b5538243a86bbcdf.js","size":146943},{"name":"a22ac5a548f60a75627e73a2e529076be61eb59b-f634a75182e9e0e22868.js","size":18478},{"name":"ac6aa5ad65d35adc8bf4262e472648a55d045570-de9b2b4d6710e6b1fac9.js","size":24372},{"name":"component---src-pages-projektowanie-logo-js-ddbe27350f6a67abe029.js","size":19511}],"filteredAssets":0,"assetsSize":495846,"filteredAuxiliaryAssets":5,"auxiliaryAssetsSize":1186513},"component---src-pages-sklepy-internetowe-js":{"name":"component---src-pages-sklepy-internetowe-js","assets":[{"name":"styles.7e718a906568d672a59a.css","size":145545},{"name":"framework-2e11ba2ec88a39210bca.js","size":140997},{"name":"6779ea2a6359ff28d390f0c94d4eb14edb5a5470-1ff5b5538243a86bbcdf.js","size":146943},{"name":"a22ac5a548f60a75627e73a2e529076be61eb59b-f634a75182e9e0e22868.js","size":18478},{"name":"ac6aa5ad65d35adc8bf4262e472648a55d045570-de9b2b4d6710e6b1fac9.js","size":24372},{"name":"component---src-pages-sklepy-internetowe-js-53879ded911d4beddf4a.js","size":17660}],"filteredAssets":0,"assetsSize":493995,"filteredAuxiliaryAssets":5,"auxiliaryAssetsSize":1188251},"component---src-pages-strony-internetowe-gdansk-js":{"name":"component---src-pages-strony-internetowe-gdansk-js","assets":[{"name":"styles.7e718a906568d672a59a.css","size":145545},{"name":"framework-2e11ba2ec88a39210bca.js","size":140997},{"name":"6779ea2a6359ff28d390f0c94d4eb14edb5a5470-1ff5b5538243a86bbcdf.js","size":146943},{"name":"bc9babd85d6468b42138223eeef3f79a1d64da05-122ceb10bba3ccfd81c2.js","size":32340},{"name":"fffcb4ef5b0b00ac5fe76babe3db9aa7eaa93f4c-65d7ce289b9e18c0c54c.js","size":164766},{"name":"component---src-pages-strony-internetowe-gdansk-js-7024daecddef8e8d9dba.js","size":4941}],"filteredAssets":0,"assetsSize":635532,"filteredAuxiliaryAssets":5,"auxiliaryAssetsSize":1388465},"component---src-pages-strony-internetowe-index-js":{"name":"component---src-pages-strony-internetowe-index-js","assets":[{"name":"styles.7e718a906568d672a59a.css","size":145545},{"name":"framework-2e11ba2ec88a39210bca.js","size":140997},{"name":"6779ea2a6359ff28d390f0c94d4eb14edb5a5470-1ff5b5538243a86bbcdf.js","size":146943},{"name":"component---src-pages-strony-internetowe-index-js-3cd6ea6bd6ac3cea3edb.js","size":10862}],"filteredAssets":0,"assetsSize":444347,"filteredAuxiliaryAssets":3,"auxiliaryAssetsSize":1115013},"component---src-pages-strony-internetowe-katowice-js":{"name":"component---src-pages-strony-internetowe-katowice-js","assets":[{"name":"styles.7e718a906568d672a59a.css","size":145545},{"name":"framework-2e11ba2ec88a39210bca.js","size":140997},{"name":"6779ea2a6359ff28d390f0c94d4eb14edb5a5470-1ff5b5538243a86bbcdf.js","size":146943},{"name":"bc9babd85d6468b42138223eeef3f79a1d64da05-122ceb10bba3ccfd81c2.js","size":32340},{"name":"fffcb4ef5b0b00ac5fe76babe3db9aa7eaa93f4c-65d7ce289b9e18c0c54c.js","size":164766},{"name":"component---src-pages-strony-internetowe-katowice-js-86860b6668fbf1a00017.js","size":4745}],"filteredAssets":0,"assetsSize":635336,"filteredAuxiliaryAssets":5,"auxiliaryAssetsSize":1388404},"component---src-pages-strony-internetowe-krakow-js":{"name":"component---src-pages-strony-internetowe-krakow-js","assets":[{"name":"styles.7e718a906568d672a59a.css","size":145545},{"name":"framework-2e11ba2ec88a39210bca.js","size":140997},{"name":"6779ea2a6359ff28d390f0c94d4eb14edb5a5470-1ff5b5538243a86bbcdf.js","size":146943},{"name":"bc9babd85d6468b42138223eeef3f79a1d64da05-122ceb10bba3ccfd81c2.js","size":32340},{"name":"fffcb4ef5b0b00ac5fe76babe3db9aa7eaa93f4c-65d7ce289b9e18c0c54c.js","size":164766},{"name":"component---src-pages-strony-internetowe-krakow-js-1e2e49c60bdfba01abec.js","size":4806}],"filteredAssets":0,"assetsSize":635397,"filteredAuxiliaryAssets":5,"auxiliaryAssetsSize":1388330},"component---src-pages-strony-internetowe-poznan-js":{"name":"component---src-pages-strony-internetowe-poznan-js","assets":[{"name":"styles.7e718a906568d672a59a.css","size":145545},{"name":"framework-2e11ba2ec88a39210bca.js","size":140997},{"name":"6779ea2a6359ff28d390f0c94d4eb14edb5a5470-1ff5b5538243a86bbcdf.js","size":146943},{"name":"bc9babd85d6468b42138223eeef3f79a1d64da05-122ceb10bba3ccfd81c2.js","size":32340},{"name":"fffcb4ef5b0b00ac5fe76babe3db9aa7eaa93f4c-65d7ce289b9e18c0c54c.js","size":164766},{"name":"component---src-pages-strony-internetowe-poznan-js-b16dc29e93ebfe91fcfe.js","size":4948}],"filteredAssets":0,"assetsSize":635539,"filteredAuxiliaryAssets":5,"auxiliaryAssetsSize":1388468},"component---src-pages-strony-internetowe-warszawa-js":{"name":"component---src-pages-strony-internetowe-warszawa-js","assets":[{"name":"styles.7e718a906568d672a59a.css","size":145545},{"name":"framework-2e11ba2ec88a39210bca.js","size":140997},{"name":"6779ea2a6359ff28d390f0c94d4eb14edb5a5470-1ff5b5538243a86bbcdf.js","size":146943},{"name":"bc9babd85d6468b42138223eeef3f79a1d64da05-122ceb10bba3ccfd81c2.js","size":32340},{"name":"fffcb4ef5b0b00ac5fe76babe3db9aa7eaa93f4c-65d7ce289b9e18c0c54c.js","size":164766},{"name":"component---src-pages-strony-internetowe-warszawa-js-fceed749200e2053af85.js","size":4959}],"filteredAssets":0,"assetsSize":635550,"filteredAuxiliaryAssets":5,"auxiliaryAssetsSize":1388624},"component---src-pages-strony-internetowe-wroclaw-js":{"name":"component---src-pages-strony-internetowe-wroclaw-js","assets":[{"name":"styles.7e718a906568d672a59a.css","size":145545},{"name":"framework-2e11ba2ec88a39210bca.js","size":140997},{"name":"6779ea2a6359ff28d390f0c94d4eb14edb5a5470-1ff5b5538243a86bbcdf.js","size":146943},{"name":"bc9babd85d6468b42138223eeef3f79a1d64da05-122ceb10bba3ccfd81c2.js","size":32340},{"name":"fffcb4ef5b0b00ac5fe76babe3db9aa7eaa93f4c-65d7ce289b9e18c0c54c.js","size":164766},{"name":"component---src-pages-strony-internetowe-wroclaw-js-3c47c923f4e68f5f9ccc.js","size":5004}],"filteredAssets":0,"assetsSize":635595,"filteredAuxiliaryAssets":5,"auxiliaryAssetsSize":1388612},"component---src-pages-strony-lms-js":{"name":"component---src-pages-strony-lms-js","assets":[{"name":"styles.7e718a906568d672a59a.css","size":145545},{"name":"framework-2e11ba2ec88a39210bca.js","size":140997},{"name":"6779ea2a6359ff28d390f0c94d4eb14edb5a5470-1ff5b5538243a86bbcdf.js","size":146943},{"name":"a22ac5a548f60a75627e73a2e529076be61eb59b-f634a75182e9e0e22868.js","size":18478},{"name":"ac6aa5ad65d35adc8bf4262e472648a55d045570-de9b2b4d6710e6b1fac9.js","size":24372},{"name":"component---src-pages-strony-lms-js-d448e73f39ec1a335282.js","size":13948}],"filteredAssets":0,"assetsSize":490283,"filteredAuxiliaryAssets":5,"auxiliaryAssetsSize":1185168},"component---src-pages-strony-niestandardowe-js":{"name":"component---src-pages-strony-niestandardowe-js","assets":[{"name":"styles.7e718a906568d672a59a.css","size":145545},{"name":"framework-2e11ba2ec88a39210bca.js","size":140997},{"name":"6779ea2a6359ff28d390f0c94d4eb14edb5a5470-1ff5b5538243a86bbcdf.js","size":146943},{"name":"a22ac5a548f60a75627e73a2e529076be61eb59b-f634a75182e9e0e22868.js","size":18478},{"name":"ac6aa5ad65d35adc8bf4262e472648a55d045570-de9b2b4d6710e6b1fac9.js","size":24372},{"name":"component---src-pages-strony-niestandardowe-js-92fee0f9aa93f151a076.js","size":13924}],"filteredAssets":0,"assetsSize":490259,"filteredAuxiliaryAssets":5,"auxiliaryAssetsSize":1185279},"component---src-pages-strony-wordpress-js":{"name":"component---src-pages-strony-wordpress-js","assets":[{"name":"styles.7e718a906568d672a59a.css","size":145545},{"name":"framework-2e11ba2ec88a39210bca.js","size":140997},{"name":"6779ea2a6359ff28d390f0c94d4eb14edb5a5470-1ff5b5538243a86bbcdf.js","size":146943},{"name":"a22ac5a548f60a75627e73a2e529076be61eb59b-f634a75182e9e0e22868.js","size":18478},{"name":"ac6aa5ad65d35adc8bf4262e472648a55d045570-de9b2b4d6710e6b1fac9.js","size":24372},{"name":"component---src-pages-strony-wordpress-js-8fd7e540cb4ac1b47acd.js","size":13946}],"filteredAssets":0,"assetsSize":490281,"filteredAuxiliaryAssets":5,"auxiliaryAssetsSize":1185291}},"assetsByChunkName":{"app":["webpack-runtime-ea4b933141e3b8ede555.js","styles.7e718a906568d672a59a.css","framework-2e11ba2ec88a39210bca.js","app-97fa2ed0144385c1208d.js"],"component---src-pages-404-js":["component---src-pages-404-js-d1aa1ed301e37d4c2252.js"],"component---src-pages-aplikacje-webowe-js":["styles.7e718a906568d672a59a.css","framework-2e11ba2ec88a39210bca.js","6779ea2a6359ff28d390f0c94d4eb14edb5a5470-1ff5b5538243a86bbcdf.js","a22ac5a548f60a75627e73a2e529076be61eb59b-f634a75182e9e0e22868.js","ac6aa5ad65d35adc8bf4262e472648a55d045570-de9b2b4d6710e6b1fac9.js","component---src-pages-aplikacje-webowe-js-6690547ad16fa8f00da8.js"],"component---src-pages-blog-aplikacje-webowe-vs-strony-internetowe-js":["styles.7e718a906568d672a59a.css","framework-2e11ba2ec88a39210bca.js","6779ea2a6359ff28d390f0c94d4eb14edb5a5470-1ff5b5538243a86bbcdf.js","component---src-pages-blog-aplikacje-webowe-vs-strony-internetowe-js-de871fe85ef01819ce44.js"],"component---src-pages-blog-cms-vs-strona-pisana-od-podstaw-js":["styles.7e718a906568d672a59a.css","framework-2e11ba2ec88a39210bca.js","6779ea2a6359ff28d390f0c94d4eb14edb5a5470-1ff5b5538243a86bbcdf.js","component---src-pages-blog-cms-vs-strona-pisana-od-podstaw-js-df3f1e817ac771ec8957.js"],"component---src-pages-blog-czym-jest-responsywnosc-strony-js":["styles.7e718a906568d672a59a.css","framework-2e11ba2ec88a39210bca.js","6779ea2a6359ff28d390f0c94d4eb14edb5a5470-1ff5b5538243a86bbcdf.js","component---src-pages-blog-czym-jest-responsywnosc-strony-js-0359e6dead3b14270f34.js"],"component---src-pages-blog-index-js":["styles.7e718a906568d672a59a.css","framework-2e11ba2ec88a39210bca.js","6779ea2a6359ff28d390f0c94d4eb14edb5a5470-1ff5b5538243a86bbcdf.js","component---src-pages-blog-index-js-32d56ffdb00c7f1143aa.js"],"component---src-pages-blog-jak-przebiega-proces-tworzenia-strony-js":["styles.7e718a906568d672a59a.css","framework-2e11ba2ec88a39210bca.js","6779ea2a6359ff28d390f0c94d4eb14edb5a5470-1ff5b5538243a86bbcdf.js","component---src-pages-blog-jak-przebiega-proces-tworzenia-strony-js-874266b1cee330d8cfea.js"],"component---src-pages-blog-jak-wybrac-idealna-strone-js":["styles.7e718a906568d672a59a.css","framework-2e11ba2ec88a39210bca.js","6779ea2a6359ff28d390f0c94d4eb14edb5a5470-1ff5b5538243a86bbcdf.js","component---src-pages-blog-jak-wybrac-idealna-strone-js-eb67d4f9ef3193ccb543.js"],"component---src-pages-blog-jak-wybrac-najlepszy-hosting-i-domene-js":["styles.7e718a906568d672a59a.css","framework-2e11ba2ec88a39210bca.js","6779ea2a6359ff28d390f0c94d4eb14edb5a5470-1ff5b5538243a86bbcdf.js","component---src-pages-blog-jak-wybrac-najlepszy-hosting-i-domene-js-1e14611aab8c41b678f9.js"],"component---src-pages-blog-jakie-funkcje-powinna-miec-nowoczesna-strona-js":["styles.7e718a906568d672a59a.css","framework-2e11ba2ec88a39210bca.js","6779ea2a6359ff28d390f0c94d4eb14edb5a5470-1ff5b5538243a86bbcdf.js","component---src-pages-blog-jakie-funkcje-powinna-miec-nowoczesna-strona-js-bcd059fb31448c4d50ba.js"],"component---src-pages-formularz-szybkiej-wyceny-js":["styles.7e718a906568d672a59a.css","framework-2e11ba2ec88a39210bca.js","6779ea2a6359ff28d390f0c94d4eb14edb5a5470-1ff5b5538243a86bbcdf.js","a22ac5a548f60a75627e73a2e529076be61eb59b-f634a75182e9e0e22868.js","ee6ad327328575b986aa81d922a943f6f0da9c1c-ca0029f9edec896bd06f.js","component---src-pages-formularz-szybkiej-wyceny-js-3dd57ed4eda90d7a5e4e.js"],"component---src-pages-index-js":["styles.7e718a906568d672a59a.css","framework-2e11ba2ec88a39210bca.js","6779ea2a6359ff28d390f0c94d4eb14edb5a5470-1ff5b5538243a86bbcdf.js","component---src-pages-index-js-0c61dd09ed9462dc67cd.js"],"component---src-pages-kontakt-js":["styles.7e718a906568d672a59a.css","framework-2e11ba2ec88a39210bca.js","7d0bf13e-113b26baaf995bec0e14.js","6779ea2a6359ff28d390f0c94d4eb14edb5a5470-1ff5b5538243a86bbcdf.js","a22ac5a548f60a75627e73a2e529076be61eb59b-f634a75182e9e0e22868.js","ee6ad327328575b986aa81d922a943f6f0da9c1c-ca0029f9edec896bd06f.js","component---src-pages-kontakt-js-715b06a33b262eff0ebd.js"],"component---src-pages-polityka-prywatnosci-js":["styles.7e718a906568d672a59a.css","framework-2e11ba2ec88a39210bca.js","6779ea2a6359ff28d390f0c94d4eb14edb5a5470-1ff5b5538243a86bbcdf.js","component---src-pages-polityka-prywatnosci-js-40762ea4b6afd72e6962.js"],"component---src-pages-projektowanie-logo-js":["styles.7e718a906568d672a59a.css","framework-2e11ba2ec88a39210bca.js","6779ea2a6359ff28d390f0c94d4eb14edb5a5470-1ff5b5538243a86bbcdf.js","a22ac5a548f60a75627e73a2e529076be61eb59b-f634a75182e9e0e22868.js","ac6aa5ad65d35adc8bf4262e472648a55d045570-de9b2b4d6710e6b1fac9.js","component---src-pages-projektowanie-logo-js-ddbe27350f6a67abe029.js"],"component---src-pages-sklepy-internetowe-js":["styles.7e718a906568d672a59a.css","framework-2e11ba2ec88a39210bca.js","6779ea2a6359ff28d390f0c94d4eb14edb5a5470-1ff5b5538243a86bbcdf.js","a22ac5a548f60a75627e73a2e529076be61eb59b-f634a75182e9e0e22868.js","ac6aa5ad65d35adc8bf4262e472648a55d045570-de9b2b4d6710e6b1fac9.js","component---src-pages-sklepy-internetowe-js-53879ded911d4beddf4a.js"],"component---src-pages-strony-internetowe-gdansk-js":["styles.7e718a906568d672a59a.css","framework-2e11ba2ec88a39210bca.js","6779ea2a6359ff28d390f0c94d4eb14edb5a5470-1ff5b5538243a86bbcdf.js","bc9babd85d6468b42138223eeef3f79a1d64da05-122ceb10bba3ccfd81c2.js","fffcb4ef5b0b00ac5fe76babe3db9aa7eaa93f4c-65d7ce289b9e18c0c54c.js","component---src-pages-strony-internetowe-gdansk-js-7024daecddef8e8d9dba.js"],"component---src-pages-strony-internetowe-index-js":["styles.7e718a906568d672a59a.css","framework-2e11ba2ec88a39210bca.js","6779ea2a6359ff28d390f0c94d4eb14edb5a5470-1ff5b5538243a86bbcdf.js","component---src-pages-strony-internetowe-index-js-3cd6ea6bd6ac3cea3edb.js"],"component---src-pages-strony-internetowe-katowice-js":["styles.7e718a906568d672a59a.css","framework-2e11ba2ec88a39210bca.js","6779ea2a6359ff28d390f0c94d4eb14edb5a5470-1ff5b5538243a86bbcdf.js","bc9babd85d6468b42138223eeef3f79a1d64da05-122ceb10bba3ccfd81c2.js","fffcb4ef5b0b00ac5fe76babe3db9aa7eaa93f4c-65d7ce289b9e18c0c54c.js","component---src-pages-strony-internetowe-katowice-js-86860b6668fbf1a00017.js"],"component---src-pages-strony-internetowe-krakow-js":["styles.7e718a906568d672a59a.css","framework-2e11ba2ec88a39210bca.js","6779ea2a6359ff28d390f0c94d4eb14edb5a5470-1ff5b5538243a86bbcdf.js","bc9babd85d6468b42138223eeef3f79a1d64da05-122ceb10bba3ccfd81c2.js","fffcb4ef5b0b00ac5fe76babe3db9aa7eaa93f4c-65d7ce289b9e18c0c54c.js","component---src-pages-strony-internetowe-krakow-js-1e2e49c60bdfba01abec.js"],"component---src-pages-strony-internetowe-poznan-js":["styles.7e718a906568d672a59a.css","framework-2e11ba2ec88a39210bca.js","6779ea2a6359ff28d390f0c94d4eb14edb5a5470-1ff5b5538243a86bbcdf.js","bc9babd85d6468b42138223eeef3f79a1d64da05-122ceb10bba3ccfd81c2.js","fffcb4ef5b0b00ac5fe76babe3db9aa7eaa93f4c-65d7ce289b9e18c0c54c.js","component---src-pages-strony-internetowe-poznan-js-b16dc29e93ebfe91fcfe.js"],"component---src-pages-strony-internetowe-warszawa-js":["styles.7e718a906568d672a59a.css","framework-2e11ba2ec88a39210bca.js","6779ea2a6359ff28d390f0c94d4eb14edb5a5470-1ff5b5538243a86bbcdf.js","bc9babd85d6468b42138223eeef3f79a1d64da05-122ceb10bba3ccfd81c2.js","fffcb4ef5b0b00ac5fe76babe3db9aa7eaa93f4c-65d7ce289b9e18c0c54c.js","component---src-pages-strony-internetowe-warszawa-js-fceed749200e2053af85.js"],"component---src-pages-strony-internetowe-wroclaw-js":["styles.7e718a906568d672a59a.css","framework-2e11ba2ec88a39210bca.js","6779ea2a6359ff28d390f0c94d4eb14edb5a5470-1ff5b5538243a86bbcdf.js","bc9babd85d6468b42138223eeef3f79a1d64da05-122ceb10bba3ccfd81c2.js","fffcb4ef5b0b00ac5fe76babe3db9aa7eaa93f4c-65d7ce289b9e18c0c54c.js","component---src-pages-strony-internetowe-wroclaw-js-3c47c923f4e68f5f9ccc.js"],"component---src-pages-strony-lms-js":["styles.7e718a906568d672a59a.css","framework-2e11ba2ec88a39210bca.js","6779ea2a6359ff28d390f0c94d4eb14edb5a5470-1ff5b5538243a86bbcdf.js","a22ac5a548f60a75627e73a2e529076be61eb59b-f634a75182e9e0e22868.js","ac6aa5ad65d35adc8bf4262e472648a55d045570-de9b2b4d6710e6b1fac9.js","component---src-pages-strony-lms-js-d448e73f39ec1a335282.js"],"component---src-pages-strony-niestandardowe-js":["styles.7e718a906568d672a59a.css","framework-2e11ba2ec88a39210bca.js","6779ea2a6359ff28d390f0c94d4eb14edb5a5470-1ff5b5538243a86bbcdf.js","a22ac5a548f60a75627e73a2e529076be61eb59b-f634a75182e9e0e22868.js","ac6aa5ad65d35adc8bf4262e472648a55d045570-de9b2b4d6710e6b1fac9.js","component---src-pages-strony-niestandardowe-js-92fee0f9aa93f151a076.js"],"component---src-pages-strony-wordpress-js":["styles.7e718a906568d672a59a.css","framework-2e11ba2ec88a39210bca.js","6779ea2a6359ff28d390f0c94d4eb14edb5a5470-1ff5b5538243a86bbcdf.js","a22ac5a548f60a75627e73a2e529076be61eb59b-f634a75182e9e0e22868.js","ac6aa5ad65d35adc8bf4262e472648a55d045570-de9b2b4d6710e6b1fac9.js","component---src-pages-strony-wordpress-js-8fd7e540cb4ac1b47acd.js"]},"childAssetsByChunkName":{}}