{"name":"build-javascript","namedChunkGroups":{"app":{"name":"app","assets":[{"name":"webpack-runtime-f92c1722703a1ec207ed.js","size":6669},{"name":"styles.5ccba70cbde2c032d660.css","size":54531},{"name":"framework-2872737fa36ed838cf44.js","size":140997},{"name":"app-976c290a3145cba7615b.js","size":92764}],"filteredAssets":0,"assetsSize":294961,"filteredAuxiliaryAssets":3,"auxiliaryAssetsSize":709396},"component---src-pages-404-js":{"name":"component---src-pages-404-js","assets":[{"name":"component---src-pages-404-js-d1aa1ed301e37d4c2252.js","size":789}],"filteredAssets":0,"assetsSize":789,"filteredAuxiliaryAssets":1,"auxiliaryAssetsSize":1957},"component---src-pages-aplikacje-webowe-js":{"name":"component---src-pages-aplikacje-webowe-js","assets":[{"name":"styles.5ccba70cbde2c032d660.css","size":54531},{"name":"6779ea2a6359ff28d390f0c94d4eb14edb5a5470-2ea0442e81d1c71feecb.js","size":32143},{"name":"a22ac5a548f60a75627e73a2e529076be61eb59b-c65f8ba9a41b874656e0.js","size":18519},{"name":"ac6aa5ad65d35adc8bf4262e472648a55d045570-1d16186b80db08c3de45.js","size":35419},{"name":"component---src-pages-aplikacje-webowe-js-9f12f29f7e01cd3fb5ec.js","size":14369}],"filteredAssets":0,"assetsSize":154981,"filteredAuxiliaryAssets":4,"auxiliaryAssetsSize":203118},"component---src-pages-blog-aplikacje-webowe-vs-strony-internetowe-js":{"name":"component---src-pages-blog-aplikacje-webowe-vs-strony-internetowe-js","assets":[{"name":"styles.5ccba70cbde2c032d660.css","size":54531},{"name":"6779ea2a6359ff28d390f0c94d4eb14edb5a5470-2ea0442e81d1c71feecb.js","size":32143},{"name":"component---src-pages-blog-aplikacje-webowe-vs-strony-internetowe-js-8d097fda49cad275b31e.js","size":12050}],"filteredAssets":0,"assetsSize":98724,"filteredAuxiliaryAssets":2,"auxiliaryAssetsSize":117750},"component---src-pages-blog-cms-vs-strona-pisana-od-podstaw-js":{"name":"component---src-pages-blog-cms-vs-strona-pisana-od-podstaw-js","assets":[{"name":"styles.5ccba70cbde2c032d660.css","size":54531},{"name":"6779ea2a6359ff28d390f0c94d4eb14edb5a5470-2ea0442e81d1c71feecb.js","size":32143},{"name":"component---src-pages-blog-cms-vs-strona-pisana-od-podstaw-js-08fd9603cfab3f348d33.js","size":16489}],"filteredAssets":0,"assetsSize":103163,"filteredAuxiliaryAssets":2,"auxiliaryAssetsSize":121967},"component---src-pages-blog-czym-jest-responsywnosc-strony-js":{"name":"component---src-pages-blog-czym-jest-responsywnosc-strony-js","assets":[{"name":"styles.5ccba70cbde2c032d660.css","size":54531},{"name":"6779ea2a6359ff28d390f0c94d4eb14edb5a5470-2ea0442e81d1c71feecb.js","size":32143},{"name":"component---src-pages-blog-czym-jest-responsywnosc-strony-js-0c1c6c098334b5d5ad79.js","size":11699}],"filteredAssets":0,"assetsSize":98373,"filteredAuxiliaryAssets":2,"auxiliaryAssetsSize":117380},"component---src-pages-blog-index-js":{"name":"component---src-pages-blog-index-js","assets":[{"name":"styles.5ccba70cbde2c032d660.css","size":54531},{"name":"6779ea2a6359ff28d390f0c94d4eb14edb5a5470-2ea0442e81d1c71feecb.js","size":32143},{"name":"component---src-pages-blog-index-js-4be408856fb45f123127.js","size":24387}],"filteredAssets":0,"assetsSize":111061,"filteredAuxiliaryAssets":2,"auxiliaryAssetsSize":121196},"component---src-pages-blog-jak-przebiega-proces-tworzenia-strony-js":{"name":"component---src-pages-blog-jak-przebiega-proces-tworzenia-strony-js","assets":[{"name":"styles.5ccba70cbde2c032d660.css","size":54531},{"name":"6779ea2a6359ff28d390f0c94d4eb14edb5a5470-2ea0442e81d1c71feecb.js","size":32143},{"name":"component---src-pages-blog-jak-przebiega-proces-tworzenia-strony-js-a49aeedc9d1d1c839ca6.js","size":11761}],"filteredAssets":0,"assetsSize":98435,"filteredAuxiliaryAssets":2,"auxiliaryAssetsSize":117484},"component---src-pages-blog-jak-wybrac-idealna-strone-js":{"name":"component---src-pages-blog-jak-wybrac-idealna-strone-js","assets":[{"name":"styles.5ccba70cbde2c032d660.css","size":54531},{"name":"6779ea2a6359ff28d390f0c94d4eb14edb5a5470-2ea0442e81d1c71feecb.js","size":32143},{"name":"component---src-pages-blog-jak-wybrac-idealna-strone-js-3f16ac7a7d0fa646238f.js","size":15173}],"filteredAssets":0,"assetsSize":101847,"filteredAuxiliaryAssets":2,"auxiliaryAssetsSize":122209},"component---src-pages-blog-jak-wybrac-najlepszy-hosting-i-domene-js":{"name":"component---src-pages-blog-jak-wybrac-najlepszy-hosting-i-domene-js","assets":[{"name":"styles.5ccba70cbde2c032d660.css","size":54531},{"name":"6779ea2a6359ff28d390f0c94d4eb14edb5a5470-2ea0442e81d1c71feecb.js","size":32143},{"name":"component---src-pages-blog-jak-wybrac-najlepszy-hosting-i-domene-js-13fca5ae1cda957346ac.js","size":12507}],"filteredAssets":0,"assetsSize":99181,"filteredAuxiliaryAssets":2,"auxiliaryAssetsSize":119061},"component---src-pages-blog-jakie-funkcje-powinna-miec-nowoczesna-strona-js":{"name":"component---src-pages-blog-jakie-funkcje-powinna-miec-nowoczesna-strona-js","assets":[{"name":"styles.5ccba70cbde2c032d660.css","size":54531},{"name":"6779ea2a6359ff28d390f0c94d4eb14edb5a5470-2ea0442e81d1c71feecb.js","size":32143},{"name":"component---src-pages-blog-jakie-funkcje-powinna-miec-nowoczesna-strona-js-44b8200d5dcf01deba25.js","size":14045}],"filteredAssets":0,"assetsSize":100719,"filteredAuxiliaryAssets":2,"auxiliaryAssetsSize":120509},"component---src-pages-formularz-szybkiej-wyceny-js":{"name":"component---src-pages-formularz-szybkiej-wyceny-js","assets":[{"name":"styles.5ccba70cbde2c032d660.css","size":54531},{"name":"6779ea2a6359ff28d390f0c94d4eb14edb5a5470-2ea0442e81d1c71feecb.js","size":32143},{"name":"a22ac5a548f60a75627e73a2e529076be61eb59b-c65f8ba9a41b874656e0.js","size":18519},{"name":"ee6ad327328575b986aa81d922a943f6f0da9c1c-ca0029f9edec896bd06f.js","size":23127},{"name":"component---src-pages-formularz-szybkiej-wyceny-js-2123d47bafc994b4fa6d.js","size":46446}],"filteredAssets":0,"assetsSize":174766,"filteredAuxiliaryAssets":4,"auxiliaryAssetsSize":384012},"component---src-pages-index-js":{"name":"component---src-pages-index-js","assets":[{"name":"styles.5ccba70cbde2c032d660.css","size":54531},{"name":"6779ea2a6359ff28d390f0c94d4eb14edb5a5470-2ea0442e81d1c71feecb.js","size":32143},{"name":"component---src-pages-index-js-f2cc9a0b66f1e61f60a2.js","size":11980}],"filteredAssets":0,"assetsSize":98654,"filteredAuxiliaryAssets":2,"auxiliaryAssetsSize":118364},"component---src-pages-kontakt-js":{"name":"component---src-pages-kontakt-js","assets":[{"name":"styles.5ccba70cbde2c032d660.css","size":54531},{"name":"framework-2872737fa36ed838cf44.js","size":140997},{"name":"7d0bf13e-a88435d7bff9432d5973.js","size":146922},{"name":"6779ea2a6359ff28d390f0c94d4eb14edb5a5470-2ea0442e81d1c71feecb.js","size":32143},{"name":"a22ac5a548f60a75627e73a2e529076be61eb59b-c65f8ba9a41b874656e0.js","size":18519},{"name":"ee6ad327328575b986aa81d922a943f6f0da9c1c-ca0029f9edec896bd06f.js","size":23127},{"name":"component---src-pages-kontakt-js-1b735b9962f2519270c5.js","size":10996}],"filteredAssets":0,"assetsSize":427235,"filteredAuxiliaryAssets":6,"auxiliaryAssetsSize":1178738},"component---src-pages-polityka-prywatnosci-js":{"name":"component---src-pages-polityka-prywatnosci-js","assets":[{"name":"styles.5ccba70cbde2c032d660.css","size":54531},{"name":"6779ea2a6359ff28d390f0c94d4eb14edb5a5470-2ea0442e81d1c71feecb.js","size":32143},{"name":"component---src-pages-polityka-prywatnosci-js-83bf0b5360eae1073266.js","size":13450}],"filteredAssets":0,"assetsSize":100124,"filteredAuxiliaryAssets":2,"auxiliaryAssetsSize":118478},"component---src-pages-projektowanie-logo-js":{"name":"component---src-pages-projektowanie-logo-js","assets":[{"name":"styles.5ccba70cbde2c032d660.css","size":54531},{"name":"6779ea2a6359ff28d390f0c94d4eb14edb5a5470-2ea0442e81d1c71feecb.js","size":32143},{"name":"a22ac5a548f60a75627e73a2e529076be61eb59b-c65f8ba9a41b874656e0.js","size":18519},{"name":"ac6aa5ad65d35adc8bf4262e472648a55d045570-1d16186b80db08c3de45.js","size":35419},{"name":"component---src-pages-projektowanie-logo-js-9c074374c1ddbb3cec1b.js","size":19344}],"filteredAssets":0,"assetsSize":159956,"filteredAuxiliaryAssets":4,"auxiliaryAssetsSize":201200},"component---src-pages-sklepy-internetowe-js":{"name":"component---src-pages-sklepy-internetowe-js","assets":[{"name":"styles.5ccba70cbde2c032d660.css","size":54531},{"name":"6779ea2a6359ff28d390f0c94d4eb14edb5a5470-2ea0442e81d1c71feecb.js","size":32143},{"name":"a22ac5a548f60a75627e73a2e529076be61eb59b-c65f8ba9a41b874656e0.js","size":18519},{"name":"ac6aa5ad65d35adc8bf4262e472648a55d045570-1d16186b80db08c3de45.js","size":35419},{"name":"component---src-pages-sklepy-internetowe-js-29132a27bbd636d52965.js","size":17947}],"filteredAssets":0,"assetsSize":158559,"filteredAuxiliaryAssets":4,"auxiliaryAssetsSize":205598},"component---src-pages-strony-internetowe-gdansk-js":{"name":"component---src-pages-strony-internetowe-gdansk-js","assets":[{"name":"styles.5ccba70cbde2c032d660.css","size":54531},{"name":"6779ea2a6359ff28d390f0c94d4eb14edb5a5470-2ea0442e81d1c71feecb.js","size":32143},{"name":"bc9babd85d6468b42138223eeef3f79a1d64da05-7258ccd58ebdd0daedff.js","size":32318},{"name":"fffcb4ef5b0b00ac5fe76babe3db9aa7eaa93f4c-1f232f4524fb7f2eadd9.js","size":170978},{"name":"component---src-pages-strony-internetowe-gdansk-js-6d30e95fcb404c3ff0af.js","size":4942}],"filteredAssets":0,"assetsSize":294912,"filteredAuxiliaryAssets":4,"auxiliaryAssetsSize":390885},"component---src-pages-strony-internetowe-index-js":{"name":"component---src-pages-strony-internetowe-index-js","assets":[{"name":"styles.5ccba70cbde2c032d660.css","size":54531},{"name":"6779ea2a6359ff28d390f0c94d4eb14edb5a5470-2ea0442e81d1c71feecb.js","size":32143},{"name":"component---src-pages-strony-internetowe-index-js-8ddb0c165fa99ad4867a.js","size":11492}],"filteredAssets":0,"assetsSize":98166,"filteredAuxiliaryAssets":2,"auxiliaryAssetsSize":118806},"component---src-pages-strony-internetowe-katowice-js":{"name":"component---src-pages-strony-internetowe-katowice-js","assets":[{"name":"styles.5ccba70cbde2c032d660.css","size":54531},{"name":"6779ea2a6359ff28d390f0c94d4eb14edb5a5470-2ea0442e81d1c71feecb.js","size":32143},{"name":"bc9babd85d6468b42138223eeef3f79a1d64da05-7258ccd58ebdd0daedff.js","size":32318},{"name":"fffcb4ef5b0b00ac5fe76babe3db9aa7eaa93f4c-1f232f4524fb7f2eadd9.js","size":170978},{"name":"component---src-pages-strony-internetowe-katowice-js-b642407596e8e6cc325b.js","size":4746}],"filteredAssets":0,"assetsSize":294716,"filteredAuxiliaryAssets":4,"auxiliaryAssetsSize":390824},"component---src-pages-strony-internetowe-krakow-js":{"name":"component---src-pages-strony-internetowe-krakow-js","assets":[{"name":"styles.5ccba70cbde2c032d660.css","size":54531},{"name":"6779ea2a6359ff28d390f0c94d4eb14edb5a5470-2ea0442e81d1c71feecb.js","size":32143},{"name":"bc9babd85d6468b42138223eeef3f79a1d64da05-7258ccd58ebdd0daedff.js","size":32318},{"name":"fffcb4ef5b0b00ac5fe76babe3db9aa7eaa93f4c-1f232f4524fb7f2eadd9.js","size":170978},{"name":"component---src-pages-strony-internetowe-krakow-js-bde261f657ca75fe0eb3.js","size":4807}],"filteredAssets":0,"assetsSize":294777,"filteredAuxiliaryAssets":4,"auxiliaryAssetsSize":390750},"component---src-pages-strony-internetowe-poznan-js":{"name":"component---src-pages-strony-internetowe-poznan-js","assets":[{"name":"styles.5ccba70cbde2c032d660.css","size":54531},{"name":"6779ea2a6359ff28d390f0c94d4eb14edb5a5470-2ea0442e81d1c71feecb.js","size":32143},{"name":"bc9babd85d6468b42138223eeef3f79a1d64da05-7258ccd58ebdd0daedff.js","size":32318},{"name":"fffcb4ef5b0b00ac5fe76babe3db9aa7eaa93f4c-1f232f4524fb7f2eadd9.js","size":170978},{"name":"component---src-pages-strony-internetowe-poznan-js-3dd66a2f45f7835efdab.js","size":4949}],"filteredAssets":0,"assetsSize":294919,"filteredAuxiliaryAssets":4,"auxiliaryAssetsSize":390888},"component---src-pages-strony-internetowe-warszawa-js":{"name":"component---src-pages-strony-internetowe-warszawa-js","assets":[{"name":"styles.5ccba70cbde2c032d660.css","size":54531},{"name":"6779ea2a6359ff28d390f0c94d4eb14edb5a5470-2ea0442e81d1c71feecb.js","size":32143},{"name":"bc9babd85d6468b42138223eeef3f79a1d64da05-7258ccd58ebdd0daedff.js","size":32318},{"name":"fffcb4ef5b0b00ac5fe76babe3db9aa7eaa93f4c-1f232f4524fb7f2eadd9.js","size":170978},{"name":"component---src-pages-strony-internetowe-warszawa-js-995d40f2336d8f37785b.js","size":4960}],"filteredAssets":0,"assetsSize":294930,"filteredAuxiliaryAssets":4,"auxiliaryAssetsSize":391044},"component---src-pages-strony-internetowe-wroclaw-js":{"name":"component---src-pages-strony-internetowe-wroclaw-js","assets":[{"name":"styles.5ccba70cbde2c032d660.css","size":54531},{"name":"6779ea2a6359ff28d390f0c94d4eb14edb5a5470-2ea0442e81d1c71feecb.js","size":32143},{"name":"bc9babd85d6468b42138223eeef3f79a1d64da05-7258ccd58ebdd0daedff.js","size":32318},{"name":"fffcb4ef5b0b00ac5fe76babe3db9aa7eaa93f4c-1f232f4524fb7f2eadd9.js","size":170978},{"name":"component---src-pages-strony-internetowe-wroclaw-js-031738f4d3834509dc53.js","size":5005}],"filteredAssets":0,"assetsSize":294975,"filteredAuxiliaryAssets":4,"auxiliaryAssetsSize":391032},"component---src-pages-strony-lms-js":{"name":"component---src-pages-strony-lms-js","assets":[{"name":"styles.5ccba70cbde2c032d660.css","size":54531},{"name":"6779ea2a6359ff28d390f0c94d4eb14edb5a5470-2ea0442e81d1c71feecb.js","size":32143},{"name":"a22ac5a548f60a75627e73a2e529076be61eb59b-c65f8ba9a41b874656e0.js","size":18519},{"name":"ac6aa5ad65d35adc8bf4262e472648a55d045570-1d16186b80db08c3de45.js","size":35419},{"name":"component---src-pages-strony-lms-js-553054f0a252db3176af.js","size":14421}],"filteredAssets":0,"assetsSize":155033,"filteredAuxiliaryAssets":4,"auxiliaryAssetsSize":203083},"component---src-pages-strony-niestandardowe-js":{"name":"component---src-pages-strony-niestandardowe-js","assets":[{"name":"styles.5ccba70cbde2c032d660.css","size":54531},{"name":"6779ea2a6359ff28d390f0c94d4eb14edb5a5470-2ea0442e81d1c71feecb.js","size":32143},{"name":"a22ac5a548f60a75627e73a2e529076be61eb59b-c65f8ba9a41b874656e0.js","size":18519},{"name":"ac6aa5ad65d35adc8bf4262e472648a55d045570-1d16186b80db08c3de45.js","size":35419},{"name":"component---src-pages-strony-niestandardowe-js-d02e59d6fc005d1159b2.js","size":14397}],"filteredAssets":0,"assetsSize":155009,"filteredAuxiliaryAssets":4,"auxiliaryAssetsSize":203194},"component---src-pages-strony-wordpress-js":{"name":"component---src-pages-strony-wordpress-js","assets":[{"name":"styles.5ccba70cbde2c032d660.css","size":54531},{"name":"6779ea2a6359ff28d390f0c94d4eb14edb5a5470-2ea0442e81d1c71feecb.js","size":32143},{"name":"a22ac5a548f60a75627e73a2e529076be61eb59b-c65f8ba9a41b874656e0.js","size":18519},{"name":"ac6aa5ad65d35adc8bf4262e472648a55d045570-1d16186b80db08c3de45.js","size":35419},{"name":"component---src-pages-strony-wordpress-js-776c700a83a663bd95ba.js","size":14419}],"filteredAssets":0,"assetsSize":155031,"filteredAuxiliaryAssets":4,"auxiliaryAssetsSize":203228}},"assetsByChunkName":{"app":["webpack-runtime-f92c1722703a1ec207ed.js","styles.5ccba70cbde2c032d660.css","framework-2872737fa36ed838cf44.js","app-976c290a3145cba7615b.js"],"component---src-pages-404-js":["component---src-pages-404-js-d1aa1ed301e37d4c2252.js"],"component---src-pages-aplikacje-webowe-js":["styles.5ccba70cbde2c032d660.css","6779ea2a6359ff28d390f0c94d4eb14edb5a5470-2ea0442e81d1c71feecb.js","a22ac5a548f60a75627e73a2e529076be61eb59b-c65f8ba9a41b874656e0.js","ac6aa5ad65d35adc8bf4262e472648a55d045570-1d16186b80db08c3de45.js","component---src-pages-aplikacje-webowe-js-9f12f29f7e01cd3fb5ec.js"],"component---src-pages-blog-aplikacje-webowe-vs-strony-internetowe-js":["styles.5ccba70cbde2c032d660.css","6779ea2a6359ff28d390f0c94d4eb14edb5a5470-2ea0442e81d1c71feecb.js","component---src-pages-blog-aplikacje-webowe-vs-strony-internetowe-js-8d097fda49cad275b31e.js"],"component---src-pages-blog-cms-vs-strona-pisana-od-podstaw-js":["styles.5ccba70cbde2c032d660.css","6779ea2a6359ff28d390f0c94d4eb14edb5a5470-2ea0442e81d1c71feecb.js","component---src-pages-blog-cms-vs-strona-pisana-od-podstaw-js-08fd9603cfab3f348d33.js"],"component---src-pages-blog-czym-jest-responsywnosc-strony-js":["styles.5ccba70cbde2c032d660.css","6779ea2a6359ff28d390f0c94d4eb14edb5a5470-2ea0442e81d1c71feecb.js","component---src-pages-blog-czym-jest-responsywnosc-strony-js-0c1c6c098334b5d5ad79.js"],"component---src-pages-blog-index-js":["styles.5ccba70cbde2c032d660.css","6779ea2a6359ff28d390f0c94d4eb14edb5a5470-2ea0442e81d1c71feecb.js","component---src-pages-blog-index-js-4be408856fb45f123127.js"],"component---src-pages-blog-jak-przebiega-proces-tworzenia-strony-js":["styles.5ccba70cbde2c032d660.css","6779ea2a6359ff28d390f0c94d4eb14edb5a5470-2ea0442e81d1c71feecb.js","component---src-pages-blog-jak-przebiega-proces-tworzenia-strony-js-a49aeedc9d1d1c839ca6.js"],"component---src-pages-blog-jak-wybrac-idealna-strone-js":["styles.5ccba70cbde2c032d660.css","6779ea2a6359ff28d390f0c94d4eb14edb5a5470-2ea0442e81d1c71feecb.js","component---src-pages-blog-jak-wybrac-idealna-strone-js-3f16ac7a7d0fa646238f.js"],"component---src-pages-blog-jak-wybrac-najlepszy-hosting-i-domene-js":["styles.5ccba70cbde2c032d660.css","6779ea2a6359ff28d390f0c94d4eb14edb5a5470-2ea0442e81d1c71feecb.js","component---src-pages-blog-jak-wybrac-najlepszy-hosting-i-domene-js-13fca5ae1cda957346ac.js"],"component---src-pages-blog-jakie-funkcje-powinna-miec-nowoczesna-strona-js":["styles.5ccba70cbde2c032d660.css","6779ea2a6359ff28d390f0c94d4eb14edb5a5470-2ea0442e81d1c71feecb.js","component---src-pages-blog-jakie-funkcje-powinna-miec-nowoczesna-strona-js-44b8200d5dcf01deba25.js"],"component---src-pages-formularz-szybkiej-wyceny-js":["styles.5ccba70cbde2c032d660.css","6779ea2a6359ff28d390f0c94d4eb14edb5a5470-2ea0442e81d1c71feecb.js","a22ac5a548f60a75627e73a2e529076be61eb59b-c65f8ba9a41b874656e0.js","ee6ad327328575b986aa81d922a943f6f0da9c1c-ca0029f9edec896bd06f.js","component---src-pages-formularz-szybkiej-wyceny-js-2123d47bafc994b4fa6d.js"],"component---src-pages-index-js":["styles.5ccba70cbde2c032d660.css","6779ea2a6359ff28d390f0c94d4eb14edb5a5470-2ea0442e81d1c71feecb.js","component---src-pages-index-js-f2cc9a0b66f1e61f60a2.js"],"component---src-pages-kontakt-js":["styles.5ccba70cbde2c032d660.css","framework-2872737fa36ed838cf44.js","7d0bf13e-a88435d7bff9432d5973.js","6779ea2a6359ff28d390f0c94d4eb14edb5a5470-2ea0442e81d1c71feecb.js","a22ac5a548f60a75627e73a2e529076be61eb59b-c65f8ba9a41b874656e0.js","ee6ad327328575b986aa81d922a943f6f0da9c1c-ca0029f9edec896bd06f.js","component---src-pages-kontakt-js-1b735b9962f2519270c5.js"],"component---src-pages-polityka-prywatnosci-js":["styles.5ccba70cbde2c032d660.css","6779ea2a6359ff28d390f0c94d4eb14edb5a5470-2ea0442e81d1c71feecb.js","component---src-pages-polityka-prywatnosci-js-83bf0b5360eae1073266.js"],"component---src-pages-projektowanie-logo-js":["styles.5ccba70cbde2c032d660.css","6779ea2a6359ff28d390f0c94d4eb14edb5a5470-2ea0442e81d1c71feecb.js","a22ac5a548f60a75627e73a2e529076be61eb59b-c65f8ba9a41b874656e0.js","ac6aa5ad65d35adc8bf4262e472648a55d045570-1d16186b80db08c3de45.js","component---src-pages-projektowanie-logo-js-9c074374c1ddbb3cec1b.js"],"component---src-pages-sklepy-internetowe-js":["styles.5ccba70cbde2c032d660.css","6779ea2a6359ff28d390f0c94d4eb14edb5a5470-2ea0442e81d1c71feecb.js","a22ac5a548f60a75627e73a2e529076be61eb59b-c65f8ba9a41b874656e0.js","ac6aa5ad65d35adc8bf4262e472648a55d045570-1d16186b80db08c3de45.js","component---src-pages-sklepy-internetowe-js-29132a27bbd636d52965.js"],"component---src-pages-strony-internetowe-gdansk-js":["styles.5ccba70cbde2c032d660.css","6779ea2a6359ff28d390f0c94d4eb14edb5a5470-2ea0442e81d1c71feecb.js","bc9babd85d6468b42138223eeef3f79a1d64da05-7258ccd58ebdd0daedff.js","fffcb4ef5b0b00ac5fe76babe3db9aa7eaa93f4c-1f232f4524fb7f2eadd9.js","component---src-pages-strony-internetowe-gdansk-js-6d30e95fcb404c3ff0af.js"],"component---src-pages-strony-internetowe-index-js":["styles.5ccba70cbde2c032d660.css","6779ea2a6359ff28d390f0c94d4eb14edb5a5470-2ea0442e81d1c71feecb.js","component---src-pages-strony-internetowe-index-js-8ddb0c165fa99ad4867a.js"],"component---src-pages-strony-internetowe-katowice-js":["styles.5ccba70cbde2c032d660.css","6779ea2a6359ff28d390f0c94d4eb14edb5a5470-2ea0442e81d1c71feecb.js","bc9babd85d6468b42138223eeef3f79a1d64da05-7258ccd58ebdd0daedff.js","fffcb4ef5b0b00ac5fe76babe3db9aa7eaa93f4c-1f232f4524fb7f2eadd9.js","component---src-pages-strony-internetowe-katowice-js-b642407596e8e6cc325b.js"],"component---src-pages-strony-internetowe-krakow-js":["styles.5ccba70cbde2c032d660.css","6779ea2a6359ff28d390f0c94d4eb14edb5a5470-2ea0442e81d1c71feecb.js","bc9babd85d6468b42138223eeef3f79a1d64da05-7258ccd58ebdd0daedff.js","fffcb4ef5b0b00ac5fe76babe3db9aa7eaa93f4c-1f232f4524fb7f2eadd9.js","component---src-pages-strony-internetowe-krakow-js-bde261f657ca75fe0eb3.js"],"component---src-pages-strony-internetowe-poznan-js":["styles.5ccba70cbde2c032d660.css","6779ea2a6359ff28d390f0c94d4eb14edb5a5470-2ea0442e81d1c71feecb.js","bc9babd85d6468b42138223eeef3f79a1d64da05-7258ccd58ebdd0daedff.js","fffcb4ef5b0b00ac5fe76babe3db9aa7eaa93f4c-1f232f4524fb7f2eadd9.js","component---src-pages-strony-internetowe-poznan-js-3dd66a2f45f7835efdab.js"],"component---src-pages-strony-internetowe-warszawa-js":["styles.5ccba70cbde2c032d660.css","6779ea2a6359ff28d390f0c94d4eb14edb5a5470-2ea0442e81d1c71feecb.js","bc9babd85d6468b42138223eeef3f79a1d64da05-7258ccd58ebdd0daedff.js","fffcb4ef5b0b00ac5fe76babe3db9aa7eaa93f4c-1f232f4524fb7f2eadd9.js","component---src-pages-strony-internetowe-warszawa-js-995d40f2336d8f37785b.js"],"component---src-pages-strony-internetowe-wroclaw-js":["styles.5ccba70cbde2c032d660.css","6779ea2a6359ff28d390f0c94d4eb14edb5a5470-2ea0442e81d1c71feecb.js","bc9babd85d6468b42138223eeef3f79a1d64da05-7258ccd58ebdd0daedff.js","fffcb4ef5b0b00ac5fe76babe3db9aa7eaa93f4c-1f232f4524fb7f2eadd9.js","component---src-pages-strony-internetowe-wroclaw-js-031738f4d3834509dc53.js"],"component---src-pages-strony-lms-js":["styles.5ccba70cbde2c032d660.css","6779ea2a6359ff28d390f0c94d4eb14edb5a5470-2ea0442e81d1c71feecb.js","a22ac5a548f60a75627e73a2e529076be61eb59b-c65f8ba9a41b874656e0.js","ac6aa5ad65d35adc8bf4262e472648a55d045570-1d16186b80db08c3de45.js","component---src-pages-strony-lms-js-553054f0a252db3176af.js"],"component---src-pages-strony-niestandardowe-js":["styles.5ccba70cbde2c032d660.css","6779ea2a6359ff28d390f0c94d4eb14edb5a5470-2ea0442e81d1c71feecb.js","a22ac5a548f60a75627e73a2e529076be61eb59b-c65f8ba9a41b874656e0.js","ac6aa5ad65d35adc8bf4262e472648a55d045570-1d16186b80db08c3de45.js","component---src-pages-strony-niestandardowe-js-d02e59d6fc005d1159b2.js"],"component---src-pages-strony-wordpress-js":["styles.5ccba70cbde2c032d660.css","6779ea2a6359ff28d390f0c94d4eb14edb5a5470-2ea0442e81d1c71feecb.js","a22ac5a548f60a75627e73a2e529076be61eb59b-c65f8ba9a41b874656e0.js","ac6aa5ad65d35adc8bf4262e472648a55d045570-1d16186b80db08c3de45.js","component---src-pages-strony-wordpress-js-776c700a83a663bd95ba.js"]},"childAssetsByChunkName":{}}