{"name":"build-javascript","namedChunkGroups":{"app":{"name":"app","assets":[{"name":"webpack-runtime-8be12569872545ddc3da.js","size":4710},{"name":"styles.3af2d4addefb3fe5937d.css","size":237013},{"name":"framework-4c9a48b6a0c8be73726d.js","size":140996},{"name":"app-5d307a16467f79a36614.js","size":80968}],"filteredAssets":0,"assetsSize":463687,"filteredAuxiliaryAssets":3,"auxiliaryAssetsSize":662786},"component---src-pages-404-js":{"name":"component---src-pages-404-js","assets":[{"name":"component---src-pages-404-js-d136cd27723148b37c55.js","size":781}],"filteredAssets":0,"assetsSize":781,"filteredAuxiliaryAssets":1,"auxiliaryAssetsSize":1955},"component---src-pages-aplikacje-webowe-js":{"name":"component---src-pages-aplikacje-webowe-js","assets":[{"name":"styles.3af2d4addefb3fe5937d.css","size":237013},{"name":"framework-4c9a48b6a0c8be73726d.js","size":140996},{"name":"c9a52fca43954aad44e05ac95865b77c0411e13b-4e4df1a76d51e38b29c0.js","size":113251},{"name":"c86aef2d550d7bbe56b1aa15c6c97d3a0a5f62d6-999cc8567be41f756b0a.js","size":40664},{"name":"575f127bf6c8b40468da8e674eee952166d1134f-a8775183233a9677a109.js","size":30655},{"name":"component---src-pages-aplikacje-webowe-js-b1504a6b5498ceffb417.js","size":1179}],"filteredAssets":0,"assetsSize":563758,"filteredAuxiliaryAssets":5,"auxiliaryAssetsSize":1160836},"component---src-pages-blog-js":{"name":"component---src-pages-blog-js","assets":[{"name":"styles.3af2d4addefb3fe5937d.css","size":237013},{"name":"framework-4c9a48b6a0c8be73726d.js","size":140996},{"name":"c9a52fca43954aad44e05ac95865b77c0411e13b-4e4df1a76d51e38b29c0.js","size":113251},{"name":"component---src-pages-blog-js-5c7ef13074f328147616.js","size":7297}],"filteredAssets":0,"assetsSize":498557,"filteredAuxiliaryAssets":3,"auxiliaryAssetsSize":918319},"component---src-pages-cms-vs-strona-pisana-od-podstaw-js":{"name":"component---src-pages-cms-vs-strona-pisana-od-podstaw-js","assets":[{"name":"styles.3af2d4addefb3fe5937d.css","size":237013},{"name":"framework-4c9a48b6a0c8be73726d.js","size":140996},{"name":"c9a52fca43954aad44e05ac95865b77c0411e13b-4e4df1a76d51e38b29c0.js","size":113251},{"name":"component---src-pages-cms-vs-strona-pisana-od-podstaw-js-5aa62c9ea3fb81833a4a.js","size":11855}],"filteredAssets":0,"assetsSize":503115,"filteredAuxiliaryAssets":3,"auxiliaryAssetsSize":915191},"component---src-pages-index-js":{"name":"component---src-pages-index-js","assets":[{"name":"styles.3af2d4addefb3fe5937d.css","size":237013},{"name":"framework-4c9a48b6a0c8be73726d.js","size":140996},{"name":"c9a52fca43954aad44e05ac95865b77c0411e13b-4e4df1a76d51e38b29c0.js","size":113251},{"name":"c86aef2d550d7bbe56b1aa15c6c97d3a0a5f62d6-999cc8567be41f756b0a.js","size":40664},{"name":"component---src-pages-index-js-12a3b64d61f71cbbed5d.js","size":49505}],"filteredAssets":0,"assetsSize":581429,"filteredAuxiliaryAssets":4,"auxiliaryAssetsSize":1195615},"component---src-pages-jak-wybrac-najlepszy-hosting-i-domene-js":{"name":"component---src-pages-jak-wybrac-najlepszy-hosting-i-domene-js","assets":[{"name":"styles.3af2d4addefb3fe5937d.css","size":237013},{"name":"framework-4c9a48b6a0c8be73726d.js","size":140996},{"name":"c9a52fca43954aad44e05ac95865b77c0411e13b-4e4df1a76d51e38b29c0.js","size":113251},{"name":"component---src-pages-jak-wybrac-najlepszy-hosting-i-domene-js-684469c412de1f58158d.js","size":13301}],"filteredAssets":0,"assetsSize":504561,"filteredAuxiliaryAssets":3,"auxiliaryAssetsSize":919583},"component---src-pages-polityka-prywatnosci-js":{"name":"component---src-pages-polityka-prywatnosci-js","assets":[{"name":"styles.3af2d4addefb3fe5937d.css","size":237013},{"name":"framework-4c9a48b6a0c8be73726d.js","size":140996},{"name":"c9a52fca43954aad44e05ac95865b77c0411e13b-4e4df1a76d51e38b29c0.js","size":113251},{"name":"component---src-pages-polityka-prywatnosci-js-24466658176ad0ee1661.js","size":6379}],"filteredAssets":0,"assetsSize":497639,"filteredAuxiliaryAssets":3,"auxiliaryAssetsSize":910677},"component---src-pages-sklepy-internetowe-js":{"name":"component---src-pages-sklepy-internetowe-js","assets":[{"name":"styles.3af2d4addefb3fe5937d.css","size":237013},{"name":"framework-4c9a48b6a0c8be73726d.js","size":140996},{"name":"c9a52fca43954aad44e05ac95865b77c0411e13b-4e4df1a76d51e38b29c0.js","size":113251},{"name":"c86aef2d550d7bbe56b1aa15c6c97d3a0a5f62d6-999cc8567be41f756b0a.js","size":40664},{"name":"575f127bf6c8b40468da8e674eee952166d1134f-a8775183233a9677a109.js","size":30655},{"name":"component---src-pages-sklepy-internetowe-js-2e0bbdfb88b1cd0dd0f0.js","size":1187}],"filteredAssets":0,"assetsSize":563766,"filteredAuxiliaryAssets":5,"auxiliaryAssetsSize":1160868},"component---src-pages-strony-niestandardowe-js":{"name":"component---src-pages-strony-niestandardowe-js","assets":[{"name":"styles.3af2d4addefb3fe5937d.css","size":237013},{"name":"framework-4c9a48b6a0c8be73726d.js","size":140996},{"name":"c9a52fca43954aad44e05ac95865b77c0411e13b-4e4df1a76d51e38b29c0.js","size":113251},{"name":"c86aef2d550d7bbe56b1aa15c6c97d3a0a5f62d6-999cc8567be41f756b0a.js","size":40664},{"name":"575f127bf6c8b40468da8e674eee952166d1134f-a8775183233a9677a109.js","size":30655},{"name":"component---src-pages-strony-niestandardowe-js-5c105f7aa9fca4cbdb6a.js","size":1188}],"filteredAssets":0,"assetsSize":563767,"filteredAuxiliaryAssets":5,"auxiliaryAssetsSize":1160892},"component---src-pages-strony-wordpress-js":{"name":"component---src-pages-strony-wordpress-js","assets":[{"name":"styles.3af2d4addefb3fe5937d.css","size":237013},{"name":"framework-4c9a48b6a0c8be73726d.js","size":140996},{"name":"c9a52fca43954aad44e05ac95865b77c0411e13b-4e4df1a76d51e38b29c0.js","size":113251},{"name":"c86aef2d550d7bbe56b1aa15c6c97d3a0a5f62d6-999cc8567be41f756b0a.js","size":40664},{"name":"575f127bf6c8b40468da8e674eee952166d1134f-a8775183233a9677a109.js","size":30655},{"name":"component---src-pages-strony-wordpress-js-8ea3df17538fe3d4c640.js","size":1177}],"filteredAssets":0,"assetsSize":563756,"filteredAuxiliaryAssets":5,"auxiliaryAssetsSize":1160829}},"assetsByChunkName":{"app":["webpack-runtime-8be12569872545ddc3da.js","styles.3af2d4addefb3fe5937d.css","framework-4c9a48b6a0c8be73726d.js","app-5d307a16467f79a36614.js"],"component---src-pages-404-js":["component---src-pages-404-js-d136cd27723148b37c55.js"],"component---src-pages-aplikacje-webowe-js":["styles.3af2d4addefb3fe5937d.css","framework-4c9a48b6a0c8be73726d.js","c9a52fca43954aad44e05ac95865b77c0411e13b-4e4df1a76d51e38b29c0.js","c86aef2d550d7bbe56b1aa15c6c97d3a0a5f62d6-999cc8567be41f756b0a.js","575f127bf6c8b40468da8e674eee952166d1134f-a8775183233a9677a109.js","component---src-pages-aplikacje-webowe-js-b1504a6b5498ceffb417.js"],"component---src-pages-blog-js":["styles.3af2d4addefb3fe5937d.css","framework-4c9a48b6a0c8be73726d.js","c9a52fca43954aad44e05ac95865b77c0411e13b-4e4df1a76d51e38b29c0.js","component---src-pages-blog-js-5c7ef13074f328147616.js"],"component---src-pages-cms-vs-strona-pisana-od-podstaw-js":["styles.3af2d4addefb3fe5937d.css","framework-4c9a48b6a0c8be73726d.js","c9a52fca43954aad44e05ac95865b77c0411e13b-4e4df1a76d51e38b29c0.js","component---src-pages-cms-vs-strona-pisana-od-podstaw-js-5aa62c9ea3fb81833a4a.js"],"component---src-pages-index-js":["styles.3af2d4addefb3fe5937d.css","framework-4c9a48b6a0c8be73726d.js","c9a52fca43954aad44e05ac95865b77c0411e13b-4e4df1a76d51e38b29c0.js","c86aef2d550d7bbe56b1aa15c6c97d3a0a5f62d6-999cc8567be41f756b0a.js","component---src-pages-index-js-12a3b64d61f71cbbed5d.js"],"component---src-pages-jak-wybrac-najlepszy-hosting-i-domene-js":["styles.3af2d4addefb3fe5937d.css","framework-4c9a48b6a0c8be73726d.js","c9a52fca43954aad44e05ac95865b77c0411e13b-4e4df1a76d51e38b29c0.js","component---src-pages-jak-wybrac-najlepszy-hosting-i-domene-js-684469c412de1f58158d.js"],"component---src-pages-polityka-prywatnosci-js":["styles.3af2d4addefb3fe5937d.css","framework-4c9a48b6a0c8be73726d.js","c9a52fca43954aad44e05ac95865b77c0411e13b-4e4df1a76d51e38b29c0.js","component---src-pages-polityka-prywatnosci-js-24466658176ad0ee1661.js"],"component---src-pages-sklepy-internetowe-js":["styles.3af2d4addefb3fe5937d.css","framework-4c9a48b6a0c8be73726d.js","c9a52fca43954aad44e05ac95865b77c0411e13b-4e4df1a76d51e38b29c0.js","c86aef2d550d7bbe56b1aa15c6c97d3a0a5f62d6-999cc8567be41f756b0a.js","575f127bf6c8b40468da8e674eee952166d1134f-a8775183233a9677a109.js","component---src-pages-sklepy-internetowe-js-2e0bbdfb88b1cd0dd0f0.js"],"component---src-pages-strony-niestandardowe-js":["styles.3af2d4addefb3fe5937d.css","framework-4c9a48b6a0c8be73726d.js","c9a52fca43954aad44e05ac95865b77c0411e13b-4e4df1a76d51e38b29c0.js","c86aef2d550d7bbe56b1aa15c6c97d3a0a5f62d6-999cc8567be41f756b0a.js","575f127bf6c8b40468da8e674eee952166d1134f-a8775183233a9677a109.js","component---src-pages-strony-niestandardowe-js-5c105f7aa9fca4cbdb6a.js"],"component---src-pages-strony-wordpress-js":["styles.3af2d4addefb3fe5937d.css","framework-4c9a48b6a0c8be73726d.js","c9a52fca43954aad44e05ac95865b77c0411e13b-4e4df1a76d51e38b29c0.js","c86aef2d550d7bbe56b1aa15c6c97d3a0a5f62d6-999cc8567be41f756b0a.js","575f127bf6c8b40468da8e674eee952166d1134f-a8775183233a9677a109.js","component---src-pages-strony-wordpress-js-8ea3df17538fe3d4c640.js"]},"childAssetsByChunkName":{}}