{"name":"build-javascript","namedChunkGroups":{"app":{"name":"app","assets":[{"name":"webpack-runtime-68e7bef37a1ceb5a9943.js","size":6641},{"name":"styles.55bc94600f15cdcb7d97.css","size":51725},{"name":"framework-2e11ba2ec88a39210bca.js","size":140997},{"name":"app-759d7ba6967308a5b706.js","size":84753}],"filteredAssets":0,"assetsSize":284116,"filteredAuxiliaryAssets":3,"auxiliaryAssetsSize":672811},"component---src-pages-404-js":{"name":"component---src-pages-404-js","assets":[{"name":"component---src-pages-404-js-d1aa1ed301e37d4c2252.js","size":789}],"filteredAssets":0,"assetsSize":789,"filteredAuxiliaryAssets":1,"auxiliaryAssetsSize":1957},"component---src-pages-aplikacje-webowe-js":{"name":"component---src-pages-aplikacje-webowe-js","assets":[{"name":"styles.55bc94600f15cdcb7d97.css","size":51725},{"name":"framework-2e11ba2ec88a39210bca.js","size":140997},{"name":"6779ea2a6359ff28d390f0c94d4eb14edb5a5470-3c71ee28f100355d06b1.js","size":148231},{"name":"a22ac5a548f60a75627e73a2e529076be61eb59b-3e47c93bfebd35254479.js","size":18530},{"name":"ac6aa5ad65d35adc8bf4262e472648a55d045570-1d16186b80db08c3de45.js","size":35419},{"name":"component---src-pages-aplikacje-webowe-js-9f12f29f7e01cd3fb5ec.js","size":14369}],"filteredAssets":0,"assetsSize":409271,"filteredAuxiliaryAssets":5,"auxiliaryAssetsSize":1198205},"component---src-pages-blog-aplikacje-webowe-vs-strony-internetowe-js":{"name":"component---src-pages-blog-aplikacje-webowe-vs-strony-internetowe-js","assets":[{"name":"styles.55bc94600f15cdcb7d97.css","size":51725},{"name":"framework-2e11ba2ec88a39210bca.js","size":140997},{"name":"6779ea2a6359ff28d390f0c94d4eb14edb5a5470-3c71ee28f100355d06b1.js","size":148231},{"name":"component---src-pages-blog-aplikacje-webowe-vs-strony-internetowe-js-c75014949a1a326c8e3a.js","size":12109}],"filteredAssets":0,"assetsSize":353062,"filteredAuxiliaryAssets":3,"auxiliaryAssetsSize":1112869},"component---src-pages-blog-cms-vs-strona-pisana-od-podstaw-js":{"name":"component---src-pages-blog-cms-vs-strona-pisana-od-podstaw-js","assets":[{"name":"styles.55bc94600f15cdcb7d97.css","size":51725},{"name":"framework-2e11ba2ec88a39210bca.js","size":140997},{"name":"6779ea2a6359ff28d390f0c94d4eb14edb5a5470-3c71ee28f100355d06b1.js","size":148231},{"name":"component---src-pages-blog-cms-vs-strona-pisana-od-podstaw-js-15fd8c993dcfcfee93b8.js","size":16548}],"filteredAssets":0,"assetsSize":357501,"filteredAuxiliaryAssets":3,"auxiliaryAssetsSize":1117086},"component---src-pages-blog-czym-jest-responsywnosc-strony-js":{"name":"component---src-pages-blog-czym-jest-responsywnosc-strony-js","assets":[{"name":"styles.55bc94600f15cdcb7d97.css","size":51725},{"name":"framework-2e11ba2ec88a39210bca.js","size":140997},{"name":"6779ea2a6359ff28d390f0c94d4eb14edb5a5470-3c71ee28f100355d06b1.js","size":148231},{"name":"component---src-pages-blog-czym-jest-responsywnosc-strony-js-80248266ccb9a15fd7ed.js","size":11758}],"filteredAssets":0,"assetsSize":352711,"filteredAuxiliaryAssets":3,"auxiliaryAssetsSize":1112501},"component---src-pages-blog-index-js":{"name":"component---src-pages-blog-index-js","assets":[{"name":"styles.55bc94600f15cdcb7d97.css","size":51725},{"name":"framework-2e11ba2ec88a39210bca.js","size":140997},{"name":"6779ea2a6359ff28d390f0c94d4eb14edb5a5470-3c71ee28f100355d06b1.js","size":148231},{"name":"component---src-pages-blog-index-js-a6e6188a8871cc0569c0.js","size":24446}],"filteredAssets":0,"assetsSize":365399,"filteredAuxiliaryAssets":3,"auxiliaryAssetsSize":1116312},"component---src-pages-blog-jak-przebiega-proces-tworzenia-strony-js":{"name":"component---src-pages-blog-jak-przebiega-proces-tworzenia-strony-js","assets":[{"name":"styles.55bc94600f15cdcb7d97.css","size":51725},{"name":"framework-2e11ba2ec88a39210bca.js","size":140997},{"name":"6779ea2a6359ff28d390f0c94d4eb14edb5a5470-3c71ee28f100355d06b1.js","size":148231},{"name":"component---src-pages-blog-jak-przebiega-proces-tworzenia-strony-js-68855c6e93381fb1d13f.js","size":11820}],"filteredAssets":0,"assetsSize":352773,"filteredAuxiliaryAssets":3,"auxiliaryAssetsSize":1112603},"component---src-pages-blog-jak-wybrac-idealna-strone-js":{"name":"component---src-pages-blog-jak-wybrac-idealna-strone-js","assets":[{"name":"styles.55bc94600f15cdcb7d97.css","size":51725},{"name":"framework-2e11ba2ec88a39210bca.js","size":140997},{"name":"6779ea2a6359ff28d390f0c94d4eb14edb5a5470-3c71ee28f100355d06b1.js","size":148231},{"name":"component---src-pages-blog-jak-wybrac-idealna-strone-js-ac2fbed2ab7b1d5112a9.js","size":15232}],"filteredAssets":0,"assetsSize":356185,"filteredAuxiliaryAssets":3,"auxiliaryAssetsSize":1117328},"component---src-pages-blog-jak-wybrac-najlepszy-hosting-i-domene-js":{"name":"component---src-pages-blog-jak-wybrac-najlepszy-hosting-i-domene-js","assets":[{"name":"styles.55bc94600f15cdcb7d97.css","size":51725},{"name":"framework-2e11ba2ec88a39210bca.js","size":140997},{"name":"6779ea2a6359ff28d390f0c94d4eb14edb5a5470-3c71ee28f100355d06b1.js","size":148231},{"name":"component---src-pages-blog-jak-wybrac-najlepszy-hosting-i-domene-js-d6668bfa34e6f4c5e36e.js","size":12566}],"filteredAssets":0,"assetsSize":353519,"filteredAuxiliaryAssets":3,"auxiliaryAssetsSize":1114197},"component---src-pages-blog-jakie-funkcje-powinna-miec-nowoczesna-strona-js":{"name":"component---src-pages-blog-jakie-funkcje-powinna-miec-nowoczesna-strona-js","assets":[{"name":"styles.55bc94600f15cdcb7d97.css","size":51725},{"name":"framework-2e11ba2ec88a39210bca.js","size":140997},{"name":"6779ea2a6359ff28d390f0c94d4eb14edb5a5470-3c71ee28f100355d06b1.js","size":148231},{"name":"component---src-pages-blog-jakie-funkcje-powinna-miec-nowoczesna-strona-js-22e7de31a119cec2d1f8.js","size":14104}],"filteredAssets":0,"assetsSize":355057,"filteredAuxiliaryAssets":3,"auxiliaryAssetsSize":1115640},"component---src-pages-formularz-szybkiej-wyceny-js":{"name":"component---src-pages-formularz-szybkiej-wyceny-js","assets":[{"name":"styles.55bc94600f15cdcb7d97.css","size":51725},{"name":"framework-2e11ba2ec88a39210bca.js","size":140997},{"name":"6779ea2a6359ff28d390f0c94d4eb14edb5a5470-3c71ee28f100355d06b1.js","size":148231},{"name":"a22ac5a548f60a75627e73a2e529076be61eb59b-3e47c93bfebd35254479.js","size":18530},{"name":"ee6ad327328575b986aa81d922a943f6f0da9c1c-ca0029f9edec896bd06f.js","size":23127},{"name":"component---src-pages-formularz-szybkiej-wyceny-js-2123d47bafc994b4fa6d.js","size":46446}],"filteredAssets":0,"assetsSize":429056,"filteredAuxiliaryAssets":5,"auxiliaryAssetsSize":1379099},"component---src-pages-index-js":{"name":"component---src-pages-index-js","assets":[{"name":"styles.55bc94600f15cdcb7d97.css","size":51725},{"name":"framework-2e11ba2ec88a39210bca.js","size":140997},{"name":"6779ea2a6359ff28d390f0c94d4eb14edb5a5470-3c71ee28f100355d06b1.js","size":148231},{"name":"component---src-pages-index-js-2b3475b1ce41d57f2b8d.js","size":13576}],"filteredAssets":0,"assetsSize":354529,"filteredAuxiliaryAssets":3,"auxiliaryAssetsSize":1116306},"component---src-pages-kontakt-js":{"name":"component---src-pages-kontakt-js","assets":[{"name":"styles.55bc94600f15cdcb7d97.css","size":51725},{"name":"framework-2e11ba2ec88a39210bca.js","size":140997},{"name":"7d0bf13e-113b26baaf995bec0e14.js","size":146922},{"name":"6779ea2a6359ff28d390f0c94d4eb14edb5a5470-3c71ee28f100355d06b1.js","size":148231},{"name":"a22ac5a548f60a75627e73a2e529076be61eb59b-3e47c93bfebd35254479.js","size":18530},{"name":"ee6ad327328575b986aa81d922a943f6f0da9c1c-ca0029f9edec896bd06f.js","size":23127},{"name":"component---src-pages-kontakt-js-1b735b9962f2519270c5.js","size":10996}],"filteredAssets":0,"assetsSize":540528,"filteredAuxiliaryAssets":6,"auxiliaryAssetsSize":1818228},"component---src-pages-polityka-prywatnosci-js":{"name":"component---src-pages-polityka-prywatnosci-js","assets":[{"name":"styles.55bc94600f15cdcb7d97.css","size":51725},{"name":"framework-2e11ba2ec88a39210bca.js","size":140997},{"name":"6779ea2a6359ff28d390f0c94d4eb14edb5a5470-3c71ee28f100355d06b1.js","size":148231},{"name":"component---src-pages-polityka-prywatnosci-js-dd635d9ea54bb3abe19c.js","size":13520}],"filteredAssets":0,"assetsSize":354473,"filteredAuxiliaryAssets":3,"auxiliaryAssetsSize":1113626},"component---src-pages-projektowanie-logo-js":{"name":"component---src-pages-projektowanie-logo-js","assets":[{"name":"styles.55bc94600f15cdcb7d97.css","size":51725},{"name":"framework-2e11ba2ec88a39210bca.js","size":140997},{"name":"6779ea2a6359ff28d390f0c94d4eb14edb5a5470-3c71ee28f100355d06b1.js","size":148231},{"name":"a22ac5a548f60a75627e73a2e529076be61eb59b-3e47c93bfebd35254479.js","size":18530},{"name":"ac6aa5ad65d35adc8bf4262e472648a55d045570-1d16186b80db08c3de45.js","size":35419},{"name":"component---src-pages-projektowanie-logo-js-dd8775a969aab5168c6c.js","size":19344}],"filteredAssets":0,"assetsSize":414246,"filteredAuxiliaryAssets":5,"auxiliaryAssetsSize":1196287},"component---src-pages-sklepy-internetowe-js":{"name":"component---src-pages-sklepy-internetowe-js","assets":[{"name":"styles.55bc94600f15cdcb7d97.css","size":51725},{"name":"framework-2e11ba2ec88a39210bca.js","size":140997},{"name":"6779ea2a6359ff28d390f0c94d4eb14edb5a5470-3c71ee28f100355d06b1.js","size":148231},{"name":"a22ac5a548f60a75627e73a2e529076be61eb59b-3e47c93bfebd35254479.js","size":18530},{"name":"ac6aa5ad65d35adc8bf4262e472648a55d045570-1d16186b80db08c3de45.js","size":35419},{"name":"component---src-pages-sklepy-internetowe-js-29132a27bbd636d52965.js","size":17947}],"filteredAssets":0,"assetsSize":412849,"filteredAuxiliaryAssets":5,"auxiliaryAssetsSize":1200685},"component---src-pages-strony-internetowe-gdansk-js":{"name":"component---src-pages-strony-internetowe-gdansk-js","assets":[{"name":"styles.55bc94600f15cdcb7d97.css","size":51725},{"name":"framework-2e11ba2ec88a39210bca.js","size":140997},{"name":"6779ea2a6359ff28d390f0c94d4eb14edb5a5470-3c71ee28f100355d06b1.js","size":148231},{"name":"bc9babd85d6468b42138223eeef3f79a1d64da05-d4cd873108ad727cb461.js","size":32270},{"name":"fffcb4ef5b0b00ac5fe76babe3db9aa7eaa93f4c-33a9946cf8f53b2eff6a.js","size":171093},{"name":"component---src-pages-strony-internetowe-gdansk-js-6d30e95fcb404c3ff0af.js","size":4942}],"filteredAssets":0,"assetsSize":549258,"filteredAuxiliaryAssets":5,"auxiliaryAssetsSize":1386143},"component---src-pages-strony-internetowe-index-js":{"name":"component---src-pages-strony-internetowe-index-js","assets":[{"name":"styles.55bc94600f15cdcb7d97.css","size":51725},{"name":"framework-2e11ba2ec88a39210bca.js","size":140997},{"name":"6779ea2a6359ff28d390f0c94d4eb14edb5a5470-3c71ee28f100355d06b1.js","size":148231},{"name":"component---src-pages-strony-internetowe-index-js-389b6dcb3d6bdf6cbc14.js","size":11503}],"filteredAssets":0,"assetsSize":352456,"filteredAuxiliaryAssets":3,"auxiliaryAssetsSize":1113890},"component---src-pages-strony-internetowe-katowice-js":{"name":"component---src-pages-strony-internetowe-katowice-js","assets":[{"name":"styles.55bc94600f15cdcb7d97.css","size":51725},{"name":"framework-2e11ba2ec88a39210bca.js","size":140997},{"name":"6779ea2a6359ff28d390f0c94d4eb14edb5a5470-3c71ee28f100355d06b1.js","size":148231},{"name":"bc9babd85d6468b42138223eeef3f79a1d64da05-d4cd873108ad727cb461.js","size":32270},{"name":"fffcb4ef5b0b00ac5fe76babe3db9aa7eaa93f4c-33a9946cf8f53b2eff6a.js","size":171093},{"name":"component---src-pages-strony-internetowe-katowice-js-b642407596e8e6cc325b.js","size":4746}],"filteredAssets":0,"assetsSize":549062,"filteredAuxiliaryAssets":5,"auxiliaryAssetsSize":1386082},"component---src-pages-strony-internetowe-krakow-js":{"name":"component---src-pages-strony-internetowe-krakow-js","assets":[{"name":"styles.55bc94600f15cdcb7d97.css","size":51725},{"name":"framework-2e11ba2ec88a39210bca.js","size":140997},{"name":"6779ea2a6359ff28d390f0c94d4eb14edb5a5470-3c71ee28f100355d06b1.js","size":148231},{"name":"bc9babd85d6468b42138223eeef3f79a1d64da05-d4cd873108ad727cb461.js","size":32270},{"name":"fffcb4ef5b0b00ac5fe76babe3db9aa7eaa93f4c-33a9946cf8f53b2eff6a.js","size":171093},{"name":"component---src-pages-strony-internetowe-krakow-js-bde261f657ca75fe0eb3.js","size":4807}],"filteredAssets":0,"assetsSize":549123,"filteredAuxiliaryAssets":5,"auxiliaryAssetsSize":1386008},"component---src-pages-strony-internetowe-poznan-js":{"name":"component---src-pages-strony-internetowe-poznan-js","assets":[{"name":"styles.55bc94600f15cdcb7d97.css","size":51725},{"name":"framework-2e11ba2ec88a39210bca.js","size":140997},{"name":"6779ea2a6359ff28d390f0c94d4eb14edb5a5470-3c71ee28f100355d06b1.js","size":148231},{"name":"bc9babd85d6468b42138223eeef3f79a1d64da05-d4cd873108ad727cb461.js","size":32270},{"name":"fffcb4ef5b0b00ac5fe76babe3db9aa7eaa93f4c-33a9946cf8f53b2eff6a.js","size":171093},{"name":"component---src-pages-strony-internetowe-poznan-js-3dd66a2f45f7835efdab.js","size":4949}],"filteredAssets":0,"assetsSize":549265,"filteredAuxiliaryAssets":5,"auxiliaryAssetsSize":1386146},"component---src-pages-strony-internetowe-warszawa-js":{"name":"component---src-pages-strony-internetowe-warszawa-js","assets":[{"name":"styles.55bc94600f15cdcb7d97.css","size":51725},{"name":"framework-2e11ba2ec88a39210bca.js","size":140997},{"name":"6779ea2a6359ff28d390f0c94d4eb14edb5a5470-3c71ee28f100355d06b1.js","size":148231},{"name":"bc9babd85d6468b42138223eeef3f79a1d64da05-d4cd873108ad727cb461.js","size":32270},{"name":"fffcb4ef5b0b00ac5fe76babe3db9aa7eaa93f4c-33a9946cf8f53b2eff6a.js","size":171093},{"name":"component---src-pages-strony-internetowe-warszawa-js-995d40f2336d8f37785b.js","size":4960}],"filteredAssets":0,"assetsSize":549276,"filteredAuxiliaryAssets":5,"auxiliaryAssetsSize":1386302},"component---src-pages-strony-internetowe-wroclaw-js":{"name":"component---src-pages-strony-internetowe-wroclaw-js","assets":[{"name":"styles.55bc94600f15cdcb7d97.css","size":51725},{"name":"framework-2e11ba2ec88a39210bca.js","size":140997},{"name":"6779ea2a6359ff28d390f0c94d4eb14edb5a5470-3c71ee28f100355d06b1.js","size":148231},{"name":"bc9babd85d6468b42138223eeef3f79a1d64da05-d4cd873108ad727cb461.js","size":32270},{"name":"fffcb4ef5b0b00ac5fe76babe3db9aa7eaa93f4c-33a9946cf8f53b2eff6a.js","size":171093},{"name":"component---src-pages-strony-internetowe-wroclaw-js-031738f4d3834509dc53.js","size":5005}],"filteredAssets":0,"assetsSize":549321,"filteredAuxiliaryAssets":5,"auxiliaryAssetsSize":1386290},"component---src-pages-strony-lms-js":{"name":"component---src-pages-strony-lms-js","assets":[{"name":"styles.55bc94600f15cdcb7d97.css","size":51725},{"name":"framework-2e11ba2ec88a39210bca.js","size":140997},{"name":"6779ea2a6359ff28d390f0c94d4eb14edb5a5470-3c71ee28f100355d06b1.js","size":148231},{"name":"a22ac5a548f60a75627e73a2e529076be61eb59b-3e47c93bfebd35254479.js","size":18530},{"name":"ac6aa5ad65d35adc8bf4262e472648a55d045570-1d16186b80db08c3de45.js","size":35419},{"name":"component---src-pages-strony-lms-js-553054f0a252db3176af.js","size":14421}],"filteredAssets":0,"assetsSize":409323,"filteredAuxiliaryAssets":5,"auxiliaryAssetsSize":1198170},"component---src-pages-strony-niestandardowe-js":{"name":"component---src-pages-strony-niestandardowe-js","assets":[{"name":"styles.55bc94600f15cdcb7d97.css","size":51725},{"name":"framework-2e11ba2ec88a39210bca.js","size":140997},{"name":"6779ea2a6359ff28d390f0c94d4eb14edb5a5470-3c71ee28f100355d06b1.js","size":148231},{"name":"a22ac5a548f60a75627e73a2e529076be61eb59b-3e47c93bfebd35254479.js","size":18530},{"name":"ac6aa5ad65d35adc8bf4262e472648a55d045570-1d16186b80db08c3de45.js","size":35419},{"name":"component---src-pages-strony-niestandardowe-js-d02e59d6fc005d1159b2.js","size":14397}],"filteredAssets":0,"assetsSize":409299,"filteredAuxiliaryAssets":5,"auxiliaryAssetsSize":1198281},"component---src-pages-strony-wordpress-js":{"name":"component---src-pages-strony-wordpress-js","assets":[{"name":"styles.55bc94600f15cdcb7d97.css","size":51725},{"name":"framework-2e11ba2ec88a39210bca.js","size":140997},{"name":"6779ea2a6359ff28d390f0c94d4eb14edb5a5470-3c71ee28f100355d06b1.js","size":148231},{"name":"a22ac5a548f60a75627e73a2e529076be61eb59b-3e47c93bfebd35254479.js","size":18530},{"name":"ac6aa5ad65d35adc8bf4262e472648a55d045570-1d16186b80db08c3de45.js","size":35419},{"name":"component---src-pages-strony-wordpress-js-776c700a83a663bd95ba.js","size":14419}],"filteredAssets":0,"assetsSize":409321,"filteredAuxiliaryAssets":5,"auxiliaryAssetsSize":1198315}},"assetsByChunkName":{"app":["webpack-runtime-68e7bef37a1ceb5a9943.js","styles.55bc94600f15cdcb7d97.css","framework-2e11ba2ec88a39210bca.js","app-759d7ba6967308a5b706.js"],"component---src-pages-404-js":["component---src-pages-404-js-d1aa1ed301e37d4c2252.js"],"component---src-pages-aplikacje-webowe-js":["styles.55bc94600f15cdcb7d97.css","framework-2e11ba2ec88a39210bca.js","6779ea2a6359ff28d390f0c94d4eb14edb5a5470-3c71ee28f100355d06b1.js","a22ac5a548f60a75627e73a2e529076be61eb59b-3e47c93bfebd35254479.js","ac6aa5ad65d35adc8bf4262e472648a55d045570-1d16186b80db08c3de45.js","component---src-pages-aplikacje-webowe-js-9f12f29f7e01cd3fb5ec.js"],"component---src-pages-blog-aplikacje-webowe-vs-strony-internetowe-js":["styles.55bc94600f15cdcb7d97.css","framework-2e11ba2ec88a39210bca.js","6779ea2a6359ff28d390f0c94d4eb14edb5a5470-3c71ee28f100355d06b1.js","component---src-pages-blog-aplikacje-webowe-vs-strony-internetowe-js-c75014949a1a326c8e3a.js"],"component---src-pages-blog-cms-vs-strona-pisana-od-podstaw-js":["styles.55bc94600f15cdcb7d97.css","framework-2e11ba2ec88a39210bca.js","6779ea2a6359ff28d390f0c94d4eb14edb5a5470-3c71ee28f100355d06b1.js","component---src-pages-blog-cms-vs-strona-pisana-od-podstaw-js-15fd8c993dcfcfee93b8.js"],"component---src-pages-blog-czym-jest-responsywnosc-strony-js":["styles.55bc94600f15cdcb7d97.css","framework-2e11ba2ec88a39210bca.js","6779ea2a6359ff28d390f0c94d4eb14edb5a5470-3c71ee28f100355d06b1.js","component---src-pages-blog-czym-jest-responsywnosc-strony-js-80248266ccb9a15fd7ed.js"],"component---src-pages-blog-index-js":["styles.55bc94600f15cdcb7d97.css","framework-2e11ba2ec88a39210bca.js","6779ea2a6359ff28d390f0c94d4eb14edb5a5470-3c71ee28f100355d06b1.js","component---src-pages-blog-index-js-a6e6188a8871cc0569c0.js"],"component---src-pages-blog-jak-przebiega-proces-tworzenia-strony-js":["styles.55bc94600f15cdcb7d97.css","framework-2e11ba2ec88a39210bca.js","6779ea2a6359ff28d390f0c94d4eb14edb5a5470-3c71ee28f100355d06b1.js","component---src-pages-blog-jak-przebiega-proces-tworzenia-strony-js-68855c6e93381fb1d13f.js"],"component---src-pages-blog-jak-wybrac-idealna-strone-js":["styles.55bc94600f15cdcb7d97.css","framework-2e11ba2ec88a39210bca.js","6779ea2a6359ff28d390f0c94d4eb14edb5a5470-3c71ee28f100355d06b1.js","component---src-pages-blog-jak-wybrac-idealna-strone-js-ac2fbed2ab7b1d5112a9.js"],"component---src-pages-blog-jak-wybrac-najlepszy-hosting-i-domene-js":["styles.55bc94600f15cdcb7d97.css","framework-2e11ba2ec88a39210bca.js","6779ea2a6359ff28d390f0c94d4eb14edb5a5470-3c71ee28f100355d06b1.js","component---src-pages-blog-jak-wybrac-najlepszy-hosting-i-domene-js-d6668bfa34e6f4c5e36e.js"],"component---src-pages-blog-jakie-funkcje-powinna-miec-nowoczesna-strona-js":["styles.55bc94600f15cdcb7d97.css","framework-2e11ba2ec88a39210bca.js","6779ea2a6359ff28d390f0c94d4eb14edb5a5470-3c71ee28f100355d06b1.js","component---src-pages-blog-jakie-funkcje-powinna-miec-nowoczesna-strona-js-22e7de31a119cec2d1f8.js"],"component---src-pages-formularz-szybkiej-wyceny-js":["styles.55bc94600f15cdcb7d97.css","framework-2e11ba2ec88a39210bca.js","6779ea2a6359ff28d390f0c94d4eb14edb5a5470-3c71ee28f100355d06b1.js","a22ac5a548f60a75627e73a2e529076be61eb59b-3e47c93bfebd35254479.js","ee6ad327328575b986aa81d922a943f6f0da9c1c-ca0029f9edec896bd06f.js","component---src-pages-formularz-szybkiej-wyceny-js-2123d47bafc994b4fa6d.js"],"component---src-pages-index-js":["styles.55bc94600f15cdcb7d97.css","framework-2e11ba2ec88a39210bca.js","6779ea2a6359ff28d390f0c94d4eb14edb5a5470-3c71ee28f100355d06b1.js","component---src-pages-index-js-2b3475b1ce41d57f2b8d.js"],"component---src-pages-kontakt-js":["styles.55bc94600f15cdcb7d97.css","framework-2e11ba2ec88a39210bca.js","7d0bf13e-113b26baaf995bec0e14.js","6779ea2a6359ff28d390f0c94d4eb14edb5a5470-3c71ee28f100355d06b1.js","a22ac5a548f60a75627e73a2e529076be61eb59b-3e47c93bfebd35254479.js","ee6ad327328575b986aa81d922a943f6f0da9c1c-ca0029f9edec896bd06f.js","component---src-pages-kontakt-js-1b735b9962f2519270c5.js"],"component---src-pages-polityka-prywatnosci-js":["styles.55bc94600f15cdcb7d97.css","framework-2e11ba2ec88a39210bca.js","6779ea2a6359ff28d390f0c94d4eb14edb5a5470-3c71ee28f100355d06b1.js","component---src-pages-polityka-prywatnosci-js-dd635d9ea54bb3abe19c.js"],"component---src-pages-projektowanie-logo-js":["styles.55bc94600f15cdcb7d97.css","framework-2e11ba2ec88a39210bca.js","6779ea2a6359ff28d390f0c94d4eb14edb5a5470-3c71ee28f100355d06b1.js","a22ac5a548f60a75627e73a2e529076be61eb59b-3e47c93bfebd35254479.js","ac6aa5ad65d35adc8bf4262e472648a55d045570-1d16186b80db08c3de45.js","component---src-pages-projektowanie-logo-js-dd8775a969aab5168c6c.js"],"component---src-pages-sklepy-internetowe-js":["styles.55bc94600f15cdcb7d97.css","framework-2e11ba2ec88a39210bca.js","6779ea2a6359ff28d390f0c94d4eb14edb5a5470-3c71ee28f100355d06b1.js","a22ac5a548f60a75627e73a2e529076be61eb59b-3e47c93bfebd35254479.js","ac6aa5ad65d35adc8bf4262e472648a55d045570-1d16186b80db08c3de45.js","component---src-pages-sklepy-internetowe-js-29132a27bbd636d52965.js"],"component---src-pages-strony-internetowe-gdansk-js":["styles.55bc94600f15cdcb7d97.css","framework-2e11ba2ec88a39210bca.js","6779ea2a6359ff28d390f0c94d4eb14edb5a5470-3c71ee28f100355d06b1.js","bc9babd85d6468b42138223eeef3f79a1d64da05-d4cd873108ad727cb461.js","fffcb4ef5b0b00ac5fe76babe3db9aa7eaa93f4c-33a9946cf8f53b2eff6a.js","component---src-pages-strony-internetowe-gdansk-js-6d30e95fcb404c3ff0af.js"],"component---src-pages-strony-internetowe-index-js":["styles.55bc94600f15cdcb7d97.css","framework-2e11ba2ec88a39210bca.js","6779ea2a6359ff28d390f0c94d4eb14edb5a5470-3c71ee28f100355d06b1.js","component---src-pages-strony-internetowe-index-js-389b6dcb3d6bdf6cbc14.js"],"component---src-pages-strony-internetowe-katowice-js":["styles.55bc94600f15cdcb7d97.css","framework-2e11ba2ec88a39210bca.js","6779ea2a6359ff28d390f0c94d4eb14edb5a5470-3c71ee28f100355d06b1.js","bc9babd85d6468b42138223eeef3f79a1d64da05-d4cd873108ad727cb461.js","fffcb4ef5b0b00ac5fe76babe3db9aa7eaa93f4c-33a9946cf8f53b2eff6a.js","component---src-pages-strony-internetowe-katowice-js-b642407596e8e6cc325b.js"],"component---src-pages-strony-internetowe-krakow-js":["styles.55bc94600f15cdcb7d97.css","framework-2e11ba2ec88a39210bca.js","6779ea2a6359ff28d390f0c94d4eb14edb5a5470-3c71ee28f100355d06b1.js","bc9babd85d6468b42138223eeef3f79a1d64da05-d4cd873108ad727cb461.js","fffcb4ef5b0b00ac5fe76babe3db9aa7eaa93f4c-33a9946cf8f53b2eff6a.js","component---src-pages-strony-internetowe-krakow-js-bde261f657ca75fe0eb3.js"],"component---src-pages-strony-internetowe-poznan-js":["styles.55bc94600f15cdcb7d97.css","framework-2e11ba2ec88a39210bca.js","6779ea2a6359ff28d390f0c94d4eb14edb5a5470-3c71ee28f100355d06b1.js","bc9babd85d6468b42138223eeef3f79a1d64da05-d4cd873108ad727cb461.js","fffcb4ef5b0b00ac5fe76babe3db9aa7eaa93f4c-33a9946cf8f53b2eff6a.js","component---src-pages-strony-internetowe-poznan-js-3dd66a2f45f7835efdab.js"],"component---src-pages-strony-internetowe-warszawa-js":["styles.55bc94600f15cdcb7d97.css","framework-2e11ba2ec88a39210bca.js","6779ea2a6359ff28d390f0c94d4eb14edb5a5470-3c71ee28f100355d06b1.js","bc9babd85d6468b42138223eeef3f79a1d64da05-d4cd873108ad727cb461.js","fffcb4ef5b0b00ac5fe76babe3db9aa7eaa93f4c-33a9946cf8f53b2eff6a.js","component---src-pages-strony-internetowe-warszawa-js-995d40f2336d8f37785b.js"],"component---src-pages-strony-internetowe-wroclaw-js":["styles.55bc94600f15cdcb7d97.css","framework-2e11ba2ec88a39210bca.js","6779ea2a6359ff28d390f0c94d4eb14edb5a5470-3c71ee28f100355d06b1.js","bc9babd85d6468b42138223eeef3f79a1d64da05-d4cd873108ad727cb461.js","fffcb4ef5b0b00ac5fe76babe3db9aa7eaa93f4c-33a9946cf8f53b2eff6a.js","component---src-pages-strony-internetowe-wroclaw-js-031738f4d3834509dc53.js"],"component---src-pages-strony-lms-js":["styles.55bc94600f15cdcb7d97.css","framework-2e11ba2ec88a39210bca.js","6779ea2a6359ff28d390f0c94d4eb14edb5a5470-3c71ee28f100355d06b1.js","a22ac5a548f60a75627e73a2e529076be61eb59b-3e47c93bfebd35254479.js","ac6aa5ad65d35adc8bf4262e472648a55d045570-1d16186b80db08c3de45.js","component---src-pages-strony-lms-js-553054f0a252db3176af.js"],"component---src-pages-strony-niestandardowe-js":["styles.55bc94600f15cdcb7d97.css","framework-2e11ba2ec88a39210bca.js","6779ea2a6359ff28d390f0c94d4eb14edb5a5470-3c71ee28f100355d06b1.js","a22ac5a548f60a75627e73a2e529076be61eb59b-3e47c93bfebd35254479.js","ac6aa5ad65d35adc8bf4262e472648a55d045570-1d16186b80db08c3de45.js","component---src-pages-strony-niestandardowe-js-d02e59d6fc005d1159b2.js"],"component---src-pages-strony-wordpress-js":["styles.55bc94600f15cdcb7d97.css","framework-2e11ba2ec88a39210bca.js","6779ea2a6359ff28d390f0c94d4eb14edb5a5470-3c71ee28f100355d06b1.js","a22ac5a548f60a75627e73a2e529076be61eb59b-3e47c93bfebd35254479.js","ac6aa5ad65d35adc8bf4262e472648a55d045570-1d16186b80db08c3de45.js","component---src-pages-strony-wordpress-js-776c700a83a663bd95ba.js"]},"childAssetsByChunkName":{}}