{"name":"build-javascript","namedChunkGroups":{"app":{"name":"app","assets":[{"name":"webpack-runtime-abf98b8ecd8a4a1fafa3.js","size":5575},{"name":"styles.503dc95ce3fe84a16216.css","size":267700},{"name":"framework-4c9a48b6a0c8be73726d.js","size":140996},{"name":"app-e4ac0e25ef59a8778854.js","size":83526}],"filteredAssets":0,"assetsSize":497797,"filteredAuxiliaryAssets":3,"auxiliaryAssetsSize":671749},"component---src-pages-404-js":{"name":"component---src-pages-404-js","assets":[{"name":"component---src-pages-404-js-f52d51dd12780ed9f66a.js","size":788}],"filteredAssets":0,"assetsSize":788,"filteredAuxiliaryAssets":1,"auxiliaryAssetsSize":1957},"component---src-pages-aplikacje-webowe-js":{"name":"component---src-pages-aplikacje-webowe-js","assets":[{"name":"styles.503dc95ce3fe84a16216.css","size":267700},{"name":"framework-4c9a48b6a0c8be73726d.js","size":140996},{"name":"215edc5694469d2cb468b9d40895c2b40b80618e-ef1e53bef9d3d7ed52aa.js","size":113940},{"name":"a36069771c955bb526b9b9d338f4218bb66b6806-9311024d392d01dc89a0.js","size":15767},{"name":"ac6aa5ad65d35adc8bf4262e472648a55d045570-479696939f7a4a68f078.js","size":24587},{"name":"component---src-pages-aplikacje-webowe-js-db73ff73e419658aa00d.js","size":12658}],"filteredAssets":0,"assetsSize":575648,"filteredAuxiliaryAssets":5,"auxiliaryAssetsSize":1003162},"component---src-pages-blog-aplikacje-webowe-vs-strony-internetowe-js":{"name":"component---src-pages-blog-aplikacje-webowe-vs-strony-internetowe-js","assets":[{"name":"styles.503dc95ce3fe84a16216.css","size":267700},{"name":"framework-4c9a48b6a0c8be73726d.js","size":140996},{"name":"215edc5694469d2cb468b9d40895c2b40b80618e-ef1e53bef9d3d7ed52aa.js","size":113940},{"name":"component---src-pages-blog-aplikacje-webowe-vs-strony-internetowe-js-7b6dd5493dff30797372.js","size":6673}],"filteredAssets":0,"assetsSize":529309,"filteredAuxiliaryAssets":3,"auxiliaryAssetsSize":916681},"component---src-pages-blog-cms-vs-strona-pisana-od-podstaw-js":{"name":"component---src-pages-blog-cms-vs-strona-pisana-od-podstaw-js","assets":[{"name":"styles.503dc95ce3fe84a16216.css","size":267700},{"name":"framework-4c9a48b6a0c8be73726d.js","size":140996},{"name":"215edc5694469d2cb468b9d40895c2b40b80618e-ef1e53bef9d3d7ed52aa.js","size":113940},{"name":"component---src-pages-blog-cms-vs-strona-pisana-od-podstaw-js-2a20b7d1a0e424719380.js","size":14239}],"filteredAssets":0,"assetsSize":536875,"filteredAuxiliaryAssets":3,"auxiliaryAssetsSize":924775},"component---src-pages-blog-czym-jest-responsywnosc-strony-js":{"name":"component---src-pages-blog-czym-jest-responsywnosc-strony-js","assets":[{"name":"styles.503dc95ce3fe84a16216.css","size":267700},{"name":"framework-4c9a48b6a0c8be73726d.js","size":140996},{"name":"215edc5694469d2cb468b9d40895c2b40b80618e-ef1e53bef9d3d7ed52aa.js","size":113940},{"name":"component---src-pages-blog-czym-jest-responsywnosc-strony-js-f7ec41857f7f57ca979f.js","size":6393}],"filteredAssets":0,"assetsSize":529029,"filteredAuxiliaryAssets":3,"auxiliaryAssetsSize":916478},"component---src-pages-blog-index-js":{"name":"component---src-pages-blog-index-js","assets":[{"name":"styles.503dc95ce3fe84a16216.css","size":267700},{"name":"framework-4c9a48b6a0c8be73726d.js","size":140996},{"name":"215edc5694469d2cb468b9d40895c2b40b80618e-ef1e53bef9d3d7ed52aa.js","size":113940},{"name":"c0b03ecfeac71231e378ab5f4a87460e1424d7c4-f7a30e69868db9ce4f7b.js","size":19105},{"name":"component---src-pages-blog-index-js-756529ea3ac48c48cf3f.js","size":2215}],"filteredAssets":0,"assetsSize":543956,"filteredAuxiliaryAssets":4,"auxiliaryAssetsSize":931424},"component---src-pages-blog-jak-przebiega-proces-tworzenia-strony-js":{"name":"component---src-pages-blog-jak-przebiega-proces-tworzenia-strony-js","assets":[{"name":"styles.503dc95ce3fe84a16216.css","size":267700},{"name":"framework-4c9a48b6a0c8be73726d.js","size":140996},{"name":"215edc5694469d2cb468b9d40895c2b40b80618e-ef1e53bef9d3d7ed52aa.js","size":113940},{"name":"component---src-pages-blog-jak-przebiega-proces-tworzenia-strony-js-b110e72c7fac2c3808aa.js","size":6462}],"filteredAssets":0,"assetsSize":529098,"filteredAuxiliaryAssets":3,"auxiliaryAssetsSize":916472},"component---src-pages-blog-jak-wybrac-idealna-strone-js":{"name":"component---src-pages-blog-jak-wybrac-idealna-strone-js","assets":[{"name":"styles.503dc95ce3fe84a16216.css","size":267700},{"name":"framework-4c9a48b6a0c8be73726d.js","size":140996},{"name":"215edc5694469d2cb468b9d40895c2b40b80618e-ef1e53bef9d3d7ed52aa.js","size":113940},{"name":"component---src-pages-blog-jak-wybrac-idealna-strone-js-fa6e1e1f5654a947662c.js","size":9337}],"filteredAssets":0,"assetsSize":531973,"filteredAuxiliaryAssets":3,"auxiliaryAssetsSize":920401},"component---src-pages-blog-jak-wybrac-najlepszy-hosting-i-domene-js":{"name":"component---src-pages-blog-jak-wybrac-najlepszy-hosting-i-domene-js","assets":[{"name":"styles.503dc95ce3fe84a16216.css","size":267700},{"name":"framework-4c9a48b6a0c8be73726d.js","size":140996},{"name":"215edc5694469d2cb468b9d40895c2b40b80618e-ef1e53bef9d3d7ed52aa.js","size":113940},{"name":"component---src-pages-blog-jak-wybrac-najlepszy-hosting-i-domene-js-f8e5f0db29146de5ecf6.js","size":8697}],"filteredAssets":0,"assetsSize":531333,"filteredAuxiliaryAssets":3,"auxiliaryAssetsSize":919890},"component---src-pages-blog-jakie-funkcje-powinna-miec-nowoczesna-strona-js":{"name":"component---src-pages-blog-jakie-funkcje-powinna-miec-nowoczesna-strona-js","assets":[{"name":"styles.503dc95ce3fe84a16216.css","size":267700},{"name":"framework-4c9a48b6a0c8be73726d.js","size":140996},{"name":"215edc5694469d2cb468b9d40895c2b40b80618e-ef1e53bef9d3d7ed52aa.js","size":113940},{"name":"component---src-pages-blog-jakie-funkcje-powinna-miec-nowoczesna-strona-js-e8d4a73adc7db7cd8f2e.js","size":8273}],"filteredAssets":0,"assetsSize":530909,"filteredAuxiliaryAssets":3,"auxiliaryAssetsSize":918766},"component---src-pages-index-js":{"name":"component---src-pages-index-js","assets":[{"name":"styles.503dc95ce3fe84a16216.css","size":267700},{"name":"framework-4c9a48b6a0c8be73726d.js","size":140996},{"name":"215edc5694469d2cb468b9d40895c2b40b80618e-ef1e53bef9d3d7ed52aa.js","size":113940},{"name":"c0b03ecfeac71231e378ab5f4a87460e1424d7c4-f7a30e69868db9ce4f7b.js","size":19105},{"name":"component---src-pages-index-js-1fae3f2aeef01f00be67.js","size":95839}],"filteredAssets":0,"assetsSize":637580,"filteredAuxiliaryAssets":4,"auxiliaryAssetsSize":1049631},"component---src-pages-kontakt-js":{"name":"component---src-pages-kontakt-js","assets":[{"name":"styles.503dc95ce3fe84a16216.css","size":267700},{"name":"framework-4c9a48b6a0c8be73726d.js","size":140996},{"name":"7d0bf13e-22a0e63f405793f6edfa.js","size":146931},{"name":"215edc5694469d2cb468b9d40895c2b40b80618e-ef1e53bef9d3d7ed52aa.js","size":113940},{"name":"a36069771c955bb526b9b9d338f4218bb66b6806-9311024d392d01dc89a0.js","size":15767},{"name":"component---src-pages-kontakt-js-23c873544a3fea761c3d.js","size":45439}],"filteredAssets":0,"assetsSize":730773,"filteredAuxiliaryAssets":5,"auxiliaryAssetsSize":1683560},"component---src-pages-polityka-prywatnosci-js":{"name":"component---src-pages-polityka-prywatnosci-js","assets":[{"name":"styles.503dc95ce3fe84a16216.css","size":267700},{"name":"framework-4c9a48b6a0c8be73726d.js","size":140996},{"name":"215edc5694469d2cb468b9d40895c2b40b80618e-ef1e53bef9d3d7ed52aa.js","size":113940},{"name":"component---src-pages-polityka-prywatnosci-js-1350ae28941718e7d12e.js","size":6691}],"filteredAssets":0,"assetsSize":529327,"filteredAuxiliaryAssets":3,"auxiliaryAssetsSize":913130},"component---src-pages-projektowanie-logo-js":{"name":"component---src-pages-projektowanie-logo-js","assets":[{"name":"styles.503dc95ce3fe84a16216.css","size":267700},{"name":"framework-4c9a48b6a0c8be73726d.js","size":140996},{"name":"215edc5694469d2cb468b9d40895c2b40b80618e-ef1e53bef9d3d7ed52aa.js","size":113940},{"name":"a36069771c955bb526b9b9d338f4218bb66b6806-9311024d392d01dc89a0.js","size":15767},{"name":"ac6aa5ad65d35adc8bf4262e472648a55d045570-479696939f7a4a68f078.js","size":24587},{"name":"component---src-pages-projektowanie-logo-js-56410d1611f9c08c15e1.js","size":18148}],"filteredAssets":0,"assetsSize":581138,"filteredAuxiliaryAssets":5,"auxiliaryAssetsSize":1004306},"component---src-pages-sklepy-internetowe-js":{"name":"component---src-pages-sklepy-internetowe-js","assets":[{"name":"styles.503dc95ce3fe84a16216.css","size":267700},{"name":"framework-4c9a48b6a0c8be73726d.js","size":140996},{"name":"215edc5694469d2cb468b9d40895c2b40b80618e-ef1e53bef9d3d7ed52aa.js","size":113940},{"name":"a36069771c955bb526b9b9d338f4218bb66b6806-9311024d392d01dc89a0.js","size":15767},{"name":"ac6aa5ad65d35adc8bf4262e472648a55d045570-479696939f7a4a68f078.js","size":24587},{"name":"component---src-pages-sklepy-internetowe-js-291ab5a1232b6f72c09b.js","size":12584}],"filteredAssets":0,"assetsSize":575574,"filteredAuxiliaryAssets":5,"auxiliaryAssetsSize":1002978},"component---src-pages-strony-lms-js":{"name":"component---src-pages-strony-lms-js","assets":[{"name":"styles.503dc95ce3fe84a16216.css","size":267700},{"name":"framework-4c9a48b6a0c8be73726d.js","size":140996},{"name":"215edc5694469d2cb468b9d40895c2b40b80618e-ef1e53bef9d3d7ed52aa.js","size":113940},{"name":"a36069771c955bb526b9b9d338f4218bb66b6806-9311024d392d01dc89a0.js","size":15767},{"name":"ac6aa5ad65d35adc8bf4262e472648a55d045570-479696939f7a4a68f078.js","size":24587},{"name":"component---src-pages-strony-lms-js-9bfe0c6583193374d8d2.js","size":12761}],"filteredAssets":0,"assetsSize":575751,"filteredAuxiliaryAssets":5,"auxiliaryAssetsSize":1003177},"component---src-pages-strony-niestandardowe-js":{"name":"component---src-pages-strony-niestandardowe-js","assets":[{"name":"styles.503dc95ce3fe84a16216.css","size":267700},{"name":"framework-4c9a48b6a0c8be73726d.js","size":140996},{"name":"215edc5694469d2cb468b9d40895c2b40b80618e-ef1e53bef9d3d7ed52aa.js","size":113940},{"name":"a36069771c955bb526b9b9d338f4218bb66b6806-9311024d392d01dc89a0.js","size":15767},{"name":"ac6aa5ad65d35adc8bf4262e472648a55d045570-479696939f7a4a68f078.js","size":24587},{"name":"component---src-pages-strony-niestandardowe-js-ba04bce7f7ea96a12bc2.js","size":12611}],"filteredAssets":0,"assetsSize":575601,"filteredAuxiliaryAssets":5,"auxiliaryAssetsSize":1003162},"component---src-pages-strony-wordpress-js":{"name":"component---src-pages-strony-wordpress-js","assets":[{"name":"styles.503dc95ce3fe84a16216.css","size":267700},{"name":"framework-4c9a48b6a0c8be73726d.js","size":140996},{"name":"215edc5694469d2cb468b9d40895c2b40b80618e-ef1e53bef9d3d7ed52aa.js","size":113940},{"name":"a36069771c955bb526b9b9d338f4218bb66b6806-9311024d392d01dc89a0.js","size":15767},{"name":"ac6aa5ad65d35adc8bf4262e472648a55d045570-479696939f7a4a68f078.js","size":24587},{"name":"component---src-pages-strony-wordpress-js-33572febf30121f99928.js","size":12588}],"filteredAssets":0,"assetsSize":575578,"filteredAuxiliaryAssets":5,"auxiliaryAssetsSize":1003082}},"assetsByChunkName":{"app":["webpack-runtime-abf98b8ecd8a4a1fafa3.js","styles.503dc95ce3fe84a16216.css","framework-4c9a48b6a0c8be73726d.js","app-e4ac0e25ef59a8778854.js"],"component---src-pages-404-js":["component---src-pages-404-js-f52d51dd12780ed9f66a.js"],"component---src-pages-aplikacje-webowe-js":["styles.503dc95ce3fe84a16216.css","framework-4c9a48b6a0c8be73726d.js","215edc5694469d2cb468b9d40895c2b40b80618e-ef1e53bef9d3d7ed52aa.js","a36069771c955bb526b9b9d338f4218bb66b6806-9311024d392d01dc89a0.js","ac6aa5ad65d35adc8bf4262e472648a55d045570-479696939f7a4a68f078.js","component---src-pages-aplikacje-webowe-js-db73ff73e419658aa00d.js"],"component---src-pages-blog-aplikacje-webowe-vs-strony-internetowe-js":["styles.503dc95ce3fe84a16216.css","framework-4c9a48b6a0c8be73726d.js","215edc5694469d2cb468b9d40895c2b40b80618e-ef1e53bef9d3d7ed52aa.js","component---src-pages-blog-aplikacje-webowe-vs-strony-internetowe-js-7b6dd5493dff30797372.js"],"component---src-pages-blog-cms-vs-strona-pisana-od-podstaw-js":["styles.503dc95ce3fe84a16216.css","framework-4c9a48b6a0c8be73726d.js","215edc5694469d2cb468b9d40895c2b40b80618e-ef1e53bef9d3d7ed52aa.js","component---src-pages-blog-cms-vs-strona-pisana-od-podstaw-js-2a20b7d1a0e424719380.js"],"component---src-pages-blog-czym-jest-responsywnosc-strony-js":["styles.503dc95ce3fe84a16216.css","framework-4c9a48b6a0c8be73726d.js","215edc5694469d2cb468b9d40895c2b40b80618e-ef1e53bef9d3d7ed52aa.js","component---src-pages-blog-czym-jest-responsywnosc-strony-js-f7ec41857f7f57ca979f.js"],"component---src-pages-blog-index-js":["styles.503dc95ce3fe84a16216.css","framework-4c9a48b6a0c8be73726d.js","215edc5694469d2cb468b9d40895c2b40b80618e-ef1e53bef9d3d7ed52aa.js","c0b03ecfeac71231e378ab5f4a87460e1424d7c4-f7a30e69868db9ce4f7b.js","component---src-pages-blog-index-js-756529ea3ac48c48cf3f.js"],"component---src-pages-blog-jak-przebiega-proces-tworzenia-strony-js":["styles.503dc95ce3fe84a16216.css","framework-4c9a48b6a0c8be73726d.js","215edc5694469d2cb468b9d40895c2b40b80618e-ef1e53bef9d3d7ed52aa.js","component---src-pages-blog-jak-przebiega-proces-tworzenia-strony-js-b110e72c7fac2c3808aa.js"],"component---src-pages-blog-jak-wybrac-idealna-strone-js":["styles.503dc95ce3fe84a16216.css","framework-4c9a48b6a0c8be73726d.js","215edc5694469d2cb468b9d40895c2b40b80618e-ef1e53bef9d3d7ed52aa.js","component---src-pages-blog-jak-wybrac-idealna-strone-js-fa6e1e1f5654a947662c.js"],"component---src-pages-blog-jak-wybrac-najlepszy-hosting-i-domene-js":["styles.503dc95ce3fe84a16216.css","framework-4c9a48b6a0c8be73726d.js","215edc5694469d2cb468b9d40895c2b40b80618e-ef1e53bef9d3d7ed52aa.js","component---src-pages-blog-jak-wybrac-najlepszy-hosting-i-domene-js-f8e5f0db29146de5ecf6.js"],"component---src-pages-blog-jakie-funkcje-powinna-miec-nowoczesna-strona-js":["styles.503dc95ce3fe84a16216.css","framework-4c9a48b6a0c8be73726d.js","215edc5694469d2cb468b9d40895c2b40b80618e-ef1e53bef9d3d7ed52aa.js","component---src-pages-blog-jakie-funkcje-powinna-miec-nowoczesna-strona-js-e8d4a73adc7db7cd8f2e.js"],"component---src-pages-index-js":["styles.503dc95ce3fe84a16216.css","framework-4c9a48b6a0c8be73726d.js","215edc5694469d2cb468b9d40895c2b40b80618e-ef1e53bef9d3d7ed52aa.js","c0b03ecfeac71231e378ab5f4a87460e1424d7c4-f7a30e69868db9ce4f7b.js","component---src-pages-index-js-1fae3f2aeef01f00be67.js"],"component---src-pages-kontakt-js":["styles.503dc95ce3fe84a16216.css","framework-4c9a48b6a0c8be73726d.js","7d0bf13e-22a0e63f405793f6edfa.js","215edc5694469d2cb468b9d40895c2b40b80618e-ef1e53bef9d3d7ed52aa.js","a36069771c955bb526b9b9d338f4218bb66b6806-9311024d392d01dc89a0.js","component---src-pages-kontakt-js-23c873544a3fea761c3d.js"],"component---src-pages-polityka-prywatnosci-js":["styles.503dc95ce3fe84a16216.css","framework-4c9a48b6a0c8be73726d.js","215edc5694469d2cb468b9d40895c2b40b80618e-ef1e53bef9d3d7ed52aa.js","component---src-pages-polityka-prywatnosci-js-1350ae28941718e7d12e.js"],"component---src-pages-projektowanie-logo-js":["styles.503dc95ce3fe84a16216.css","framework-4c9a48b6a0c8be73726d.js","215edc5694469d2cb468b9d40895c2b40b80618e-ef1e53bef9d3d7ed52aa.js","a36069771c955bb526b9b9d338f4218bb66b6806-9311024d392d01dc89a0.js","ac6aa5ad65d35adc8bf4262e472648a55d045570-479696939f7a4a68f078.js","component---src-pages-projektowanie-logo-js-56410d1611f9c08c15e1.js"],"component---src-pages-sklepy-internetowe-js":["styles.503dc95ce3fe84a16216.css","framework-4c9a48b6a0c8be73726d.js","215edc5694469d2cb468b9d40895c2b40b80618e-ef1e53bef9d3d7ed52aa.js","a36069771c955bb526b9b9d338f4218bb66b6806-9311024d392d01dc89a0.js","ac6aa5ad65d35adc8bf4262e472648a55d045570-479696939f7a4a68f078.js","component---src-pages-sklepy-internetowe-js-291ab5a1232b6f72c09b.js"],"component---src-pages-strony-lms-js":["styles.503dc95ce3fe84a16216.css","framework-4c9a48b6a0c8be73726d.js","215edc5694469d2cb468b9d40895c2b40b80618e-ef1e53bef9d3d7ed52aa.js","a36069771c955bb526b9b9d338f4218bb66b6806-9311024d392d01dc89a0.js","ac6aa5ad65d35adc8bf4262e472648a55d045570-479696939f7a4a68f078.js","component---src-pages-strony-lms-js-9bfe0c6583193374d8d2.js"],"component---src-pages-strony-niestandardowe-js":["styles.503dc95ce3fe84a16216.css","framework-4c9a48b6a0c8be73726d.js","215edc5694469d2cb468b9d40895c2b40b80618e-ef1e53bef9d3d7ed52aa.js","a36069771c955bb526b9b9d338f4218bb66b6806-9311024d392d01dc89a0.js","ac6aa5ad65d35adc8bf4262e472648a55d045570-479696939f7a4a68f078.js","component---src-pages-strony-niestandardowe-js-ba04bce7f7ea96a12bc2.js"],"component---src-pages-strony-wordpress-js":["styles.503dc95ce3fe84a16216.css","framework-4c9a48b6a0c8be73726d.js","215edc5694469d2cb468b9d40895c2b40b80618e-ef1e53bef9d3d7ed52aa.js","a36069771c955bb526b9b9d338f4218bb66b6806-9311024d392d01dc89a0.js","ac6aa5ad65d35adc8bf4262e472648a55d045570-479696939f7a4a68f078.js","component---src-pages-strony-wordpress-js-33572febf30121f99928.js"]},"childAssetsByChunkName":{}}