{"name":"build-javascript","namedChunkGroups":{"app":{"name":"app","assets":[{"name":"webpack-runtime-2cf7be7d00cba2e9be2c.js","size":5575},{"name":"styles.83a2ea70bdb55d9d17a3.css","size":270361},{"name":"framework-4c9a48b6a0c8be73726d.js","size":140996},{"name":"app-e4ac0e25ef59a8778854.js","size":83526}],"filteredAssets":0,"assetsSize":500458,"filteredAuxiliaryAssets":3,"auxiliaryAssetsSize":671749},"component---src-pages-404-js":{"name":"component---src-pages-404-js","assets":[{"name":"component---src-pages-404-js-f52d51dd12780ed9f66a.js","size":788}],"filteredAssets":0,"assetsSize":788,"filteredAuxiliaryAssets":1,"auxiliaryAssetsSize":1957},"component---src-pages-aplikacje-webowe-js":{"name":"component---src-pages-aplikacje-webowe-js","assets":[{"name":"styles.83a2ea70bdb55d9d17a3.css","size":270361},{"name":"framework-4c9a48b6a0c8be73726d.js","size":140996},{"name":"215edc5694469d2cb468b9d40895c2b40b80618e-4d2a830ce7cad4c115da.js","size":119867},{"name":"a36069771c955bb526b9b9d338f4218bb66b6806-833b6d812391be1d1cbf.js","size":15793},{"name":"ac6aa5ad65d35adc8bf4262e472648a55d045570-479696939f7a4a68f078.js","size":24587},{"name":"component---src-pages-aplikacje-webowe-js-b99f374fae5c571597b3.js","size":12521}],"filteredAssets":0,"assetsSize":584125,"filteredAuxiliaryAssets":5,"auxiliaryAssetsSize":1027561},"component---src-pages-blog-aplikacje-webowe-vs-strony-internetowe-js":{"name":"component---src-pages-blog-aplikacje-webowe-vs-strony-internetowe-js","assets":[{"name":"styles.83a2ea70bdb55d9d17a3.css","size":270361},{"name":"framework-4c9a48b6a0c8be73726d.js","size":140996},{"name":"215edc5694469d2cb468b9d40895c2b40b80618e-4d2a830ce7cad4c115da.js","size":119867},{"name":"component---src-pages-blog-aplikacje-webowe-vs-strony-internetowe-js-39ea2712e3869ea6603b.js","size":6602}],"filteredAssets":0,"assetsSize":537826,"filteredAuxiliaryAssets":3,"auxiliaryAssetsSize":940998},"component---src-pages-blog-cms-vs-strona-pisana-od-podstaw-js":{"name":"component---src-pages-blog-cms-vs-strona-pisana-od-podstaw-js","assets":[{"name":"styles.83a2ea70bdb55d9d17a3.css","size":270361},{"name":"framework-4c9a48b6a0c8be73726d.js","size":140996},{"name":"215edc5694469d2cb468b9d40895c2b40b80618e-4d2a830ce7cad4c115da.js","size":119867},{"name":"component---src-pages-blog-cms-vs-strona-pisana-od-podstaw-js-98e3bb53e7ab6e26f757.js","size":14168}],"filteredAssets":0,"assetsSize":545392,"filteredAuxiliaryAssets":3,"auxiliaryAssetsSize":949092},"component---src-pages-blog-czym-jest-responsywnosc-strony-js":{"name":"component---src-pages-blog-czym-jest-responsywnosc-strony-js","assets":[{"name":"styles.83a2ea70bdb55d9d17a3.css","size":270361},{"name":"framework-4c9a48b6a0c8be73726d.js","size":140996},{"name":"215edc5694469d2cb468b9d40895c2b40b80618e-4d2a830ce7cad4c115da.js","size":119867},{"name":"component---src-pages-blog-czym-jest-responsywnosc-strony-js-67f214f492132a4f4744.js","size":6322}],"filteredAssets":0,"assetsSize":537546,"filteredAuxiliaryAssets":3,"auxiliaryAssetsSize":940795},"component---src-pages-blog-index-js":{"name":"component---src-pages-blog-index-js","assets":[{"name":"styles.83a2ea70bdb55d9d17a3.css","size":270361},{"name":"framework-4c9a48b6a0c8be73726d.js","size":140996},{"name":"215edc5694469d2cb468b9d40895c2b40b80618e-4d2a830ce7cad4c115da.js","size":119867},{"name":"c0b03ecfeac71231e378ab5f4a87460e1424d7c4-f7a30e69868db9ce4f7b.js","size":19105},{"name":"component---src-pages-blog-index-js-4fc65511a95c890f205c.js","size":2144}],"filteredAssets":0,"assetsSize":552473,"filteredAuxiliaryAssets":4,"auxiliaryAssetsSize":955741},"component---src-pages-blog-jak-przebiega-proces-tworzenia-strony-js":{"name":"component---src-pages-blog-jak-przebiega-proces-tworzenia-strony-js","assets":[{"name":"styles.83a2ea70bdb55d9d17a3.css","size":270361},{"name":"framework-4c9a48b6a0c8be73726d.js","size":140996},{"name":"215edc5694469d2cb468b9d40895c2b40b80618e-4d2a830ce7cad4c115da.js","size":119867},{"name":"component---src-pages-blog-jak-przebiega-proces-tworzenia-strony-js-4a81d824c3ae77c4ae47.js","size":6391}],"filteredAssets":0,"assetsSize":537615,"filteredAuxiliaryAssets":3,"auxiliaryAssetsSize":940789},"component---src-pages-blog-jak-wybrac-idealna-strone-js":{"name":"component---src-pages-blog-jak-wybrac-idealna-strone-js","assets":[{"name":"styles.83a2ea70bdb55d9d17a3.css","size":270361},{"name":"framework-4c9a48b6a0c8be73726d.js","size":140996},{"name":"215edc5694469d2cb468b9d40895c2b40b80618e-4d2a830ce7cad4c115da.js","size":119867},{"name":"component---src-pages-blog-jak-wybrac-idealna-strone-js-cf27ad9a5412e7e8a86e.js","size":9266}],"filteredAssets":0,"assetsSize":540490,"filteredAuxiliaryAssets":3,"auxiliaryAssetsSize":944718},"component---src-pages-blog-jak-wybrac-najlepszy-hosting-i-domene-js":{"name":"component---src-pages-blog-jak-wybrac-najlepszy-hosting-i-domene-js","assets":[{"name":"styles.83a2ea70bdb55d9d17a3.css","size":270361},{"name":"framework-4c9a48b6a0c8be73726d.js","size":140996},{"name":"215edc5694469d2cb468b9d40895c2b40b80618e-4d2a830ce7cad4c115da.js","size":119867},{"name":"component---src-pages-blog-jak-wybrac-najlepszy-hosting-i-domene-js-f8e93c1cc4515278f692.js","size":8626}],"filteredAssets":0,"assetsSize":539850,"filteredAuxiliaryAssets":3,"auxiliaryAssetsSize":944207},"component---src-pages-blog-jakie-funkcje-powinna-miec-nowoczesna-strona-js":{"name":"component---src-pages-blog-jakie-funkcje-powinna-miec-nowoczesna-strona-js","assets":[{"name":"styles.83a2ea70bdb55d9d17a3.css","size":270361},{"name":"framework-4c9a48b6a0c8be73726d.js","size":140996},{"name":"215edc5694469d2cb468b9d40895c2b40b80618e-4d2a830ce7cad4c115da.js","size":119867},{"name":"component---src-pages-blog-jakie-funkcje-powinna-miec-nowoczesna-strona-js-a91e1b5e464809fdec3c.js","size":8202}],"filteredAssets":0,"assetsSize":539426,"filteredAuxiliaryAssets":3,"auxiliaryAssetsSize":943083},"component---src-pages-index-js":{"name":"component---src-pages-index-js","assets":[{"name":"styles.83a2ea70bdb55d9d17a3.css","size":270361},{"name":"framework-4c9a48b6a0c8be73726d.js","size":140996},{"name":"215edc5694469d2cb468b9d40895c2b40b80618e-4d2a830ce7cad4c115da.js","size":119867},{"name":"c0b03ecfeac71231e378ab5f4a87460e1424d7c4-f7a30e69868db9ce4f7b.js","size":19105},{"name":"component---src-pages-index-js-8eedae28b12073434a2c.js","size":95669}],"filteredAssets":0,"assetsSize":645998,"filteredAuxiliaryAssets":4,"auxiliaryAssetsSize":1073553},"component---src-pages-kontakt-js":{"name":"component---src-pages-kontakt-js","assets":[{"name":"styles.83a2ea70bdb55d9d17a3.css","size":270361},{"name":"framework-4c9a48b6a0c8be73726d.js","size":140996},{"name":"7d0bf13e-22a0e63f405793f6edfa.js","size":146931},{"name":"215edc5694469d2cb468b9d40895c2b40b80618e-4d2a830ce7cad4c115da.js","size":119867},{"name":"a36069771c955bb526b9b9d338f4218bb66b6806-833b6d812391be1d1cbf.js","size":15793},{"name":"component---src-pages-kontakt-js-23c873544a3fea761c3d.js","size":45439}],"filteredAssets":0,"assetsSize":739387,"filteredAuxiliaryAssets":5,"auxiliaryAssetsSize":1708089},"component---src-pages-polityka-prywatnosci-js":{"name":"component---src-pages-polityka-prywatnosci-js","assets":[{"name":"styles.83a2ea70bdb55d9d17a3.css","size":270361},{"name":"framework-4c9a48b6a0c8be73726d.js","size":140996},{"name":"215edc5694469d2cb468b9d40895c2b40b80618e-4d2a830ce7cad4c115da.js","size":119867},{"name":"component---src-pages-polityka-prywatnosci-js-85e13354b15b50a5d779.js","size":6807}],"filteredAssets":0,"assetsSize":538031,"filteredAuxiliaryAssets":3,"auxiliaryAssetsSize":937217},"component---src-pages-projektowanie-logo-js":{"name":"component---src-pages-projektowanie-logo-js","assets":[{"name":"styles.83a2ea70bdb55d9d17a3.css","size":270361},{"name":"framework-4c9a48b6a0c8be73726d.js","size":140996},{"name":"215edc5694469d2cb468b9d40895c2b40b80618e-4d2a830ce7cad4c115da.js","size":119867},{"name":"a36069771c955bb526b9b9d338f4218bb66b6806-833b6d812391be1d1cbf.js","size":15793},{"name":"ac6aa5ad65d35adc8bf4262e472648a55d045570-479696939f7a4a68f078.js","size":24587},{"name":"component---src-pages-projektowanie-logo-js-56410d1611f9c08c15e1.js","size":18148}],"filteredAssets":0,"assetsSize":589752,"filteredAuxiliaryAssets":5,"auxiliaryAssetsSize":1028835},"component---src-pages-sklepy-internetowe-js":{"name":"component---src-pages-sklepy-internetowe-js","assets":[{"name":"styles.83a2ea70bdb55d9d17a3.css","size":270361},{"name":"framework-4c9a48b6a0c8be73726d.js","size":140996},{"name":"215edc5694469d2cb468b9d40895c2b40b80618e-4d2a830ce7cad4c115da.js","size":119867},{"name":"a36069771c955bb526b9b9d338f4218bb66b6806-833b6d812391be1d1cbf.js","size":15793},{"name":"ac6aa5ad65d35adc8bf4262e472648a55d045570-479696939f7a4a68f078.js","size":24587},{"name":"component---src-pages-sklepy-internetowe-js-c905af820b431aa358a9.js","size":12509}],"filteredAssets":0,"assetsSize":584113,"filteredAuxiliaryAssets":5,"auxiliaryAssetsSize":1027432},"component---src-pages-strony-lms-js":{"name":"component---src-pages-strony-lms-js","assets":[{"name":"styles.83a2ea70bdb55d9d17a3.css","size":270361},{"name":"framework-4c9a48b6a0c8be73726d.js","size":140996},{"name":"215edc5694469d2cb468b9d40895c2b40b80618e-4d2a830ce7cad4c115da.js","size":119867},{"name":"a36069771c955bb526b9b9d338f4218bb66b6806-833b6d812391be1d1cbf.js","size":15793},{"name":"ac6aa5ad65d35adc8bf4262e472648a55d045570-479696939f7a4a68f078.js","size":24587},{"name":"component---src-pages-strony-lms-js-7afda2492aa28bdee8d2.js","size":12555}],"filteredAssets":0,"assetsSize":584159,"filteredAuxiliaryAssets":5,"auxiliaryAssetsSize":1027507},"component---src-pages-strony-niestandardowe-js":{"name":"component---src-pages-strony-niestandardowe-js","assets":[{"name":"styles.83a2ea70bdb55d9d17a3.css","size":270361},{"name":"framework-4c9a48b6a0c8be73726d.js","size":140996},{"name":"215edc5694469d2cb468b9d40895c2b40b80618e-4d2a830ce7cad4c115da.js","size":119867},{"name":"a36069771c955bb526b9b9d338f4218bb66b6806-833b6d812391be1d1cbf.js","size":15793},{"name":"ac6aa5ad65d35adc8bf4262e472648a55d045570-479696939f7a4a68f078.js","size":24587},{"name":"component---src-pages-strony-niestandardowe-js-ea18d34086532418488f.js","size":12535}],"filteredAssets":0,"assetsSize":584139,"filteredAuxiliaryAssets":5,"auxiliaryAssetsSize":1027622},"component---src-pages-strony-wordpress-js":{"name":"component---src-pages-strony-wordpress-js","assets":[{"name":"styles.83a2ea70bdb55d9d17a3.css","size":270361},{"name":"framework-4c9a48b6a0c8be73726d.js","size":140996},{"name":"215edc5694469d2cb468b9d40895c2b40b80618e-4d2a830ce7cad4c115da.js","size":119867},{"name":"a36069771c955bb526b9b9d338f4218bb66b6806-833b6d812391be1d1cbf.js","size":15793},{"name":"ac6aa5ad65d35adc8bf4262e472648a55d045570-479696939f7a4a68f078.js","size":24587},{"name":"component---src-pages-strony-wordpress-js-251229ffca48aaea0f94.js","size":12547}],"filteredAssets":0,"assetsSize":584151,"filteredAuxiliaryAssets":5,"auxiliaryAssetsSize":1027577}},"assetsByChunkName":{"app":["webpack-runtime-2cf7be7d00cba2e9be2c.js","styles.83a2ea70bdb55d9d17a3.css","framework-4c9a48b6a0c8be73726d.js","app-e4ac0e25ef59a8778854.js"],"component---src-pages-404-js":["component---src-pages-404-js-f52d51dd12780ed9f66a.js"],"component---src-pages-aplikacje-webowe-js":["styles.83a2ea70bdb55d9d17a3.css","framework-4c9a48b6a0c8be73726d.js","215edc5694469d2cb468b9d40895c2b40b80618e-4d2a830ce7cad4c115da.js","a36069771c955bb526b9b9d338f4218bb66b6806-833b6d812391be1d1cbf.js","ac6aa5ad65d35adc8bf4262e472648a55d045570-479696939f7a4a68f078.js","component---src-pages-aplikacje-webowe-js-b99f374fae5c571597b3.js"],"component---src-pages-blog-aplikacje-webowe-vs-strony-internetowe-js":["styles.83a2ea70bdb55d9d17a3.css","framework-4c9a48b6a0c8be73726d.js","215edc5694469d2cb468b9d40895c2b40b80618e-4d2a830ce7cad4c115da.js","component---src-pages-blog-aplikacje-webowe-vs-strony-internetowe-js-39ea2712e3869ea6603b.js"],"component---src-pages-blog-cms-vs-strona-pisana-od-podstaw-js":["styles.83a2ea70bdb55d9d17a3.css","framework-4c9a48b6a0c8be73726d.js","215edc5694469d2cb468b9d40895c2b40b80618e-4d2a830ce7cad4c115da.js","component---src-pages-blog-cms-vs-strona-pisana-od-podstaw-js-98e3bb53e7ab6e26f757.js"],"component---src-pages-blog-czym-jest-responsywnosc-strony-js":["styles.83a2ea70bdb55d9d17a3.css","framework-4c9a48b6a0c8be73726d.js","215edc5694469d2cb468b9d40895c2b40b80618e-4d2a830ce7cad4c115da.js","component---src-pages-blog-czym-jest-responsywnosc-strony-js-67f214f492132a4f4744.js"],"component---src-pages-blog-index-js":["styles.83a2ea70bdb55d9d17a3.css","framework-4c9a48b6a0c8be73726d.js","215edc5694469d2cb468b9d40895c2b40b80618e-4d2a830ce7cad4c115da.js","c0b03ecfeac71231e378ab5f4a87460e1424d7c4-f7a30e69868db9ce4f7b.js","component---src-pages-blog-index-js-4fc65511a95c890f205c.js"],"component---src-pages-blog-jak-przebiega-proces-tworzenia-strony-js":["styles.83a2ea70bdb55d9d17a3.css","framework-4c9a48b6a0c8be73726d.js","215edc5694469d2cb468b9d40895c2b40b80618e-4d2a830ce7cad4c115da.js","component---src-pages-blog-jak-przebiega-proces-tworzenia-strony-js-4a81d824c3ae77c4ae47.js"],"component---src-pages-blog-jak-wybrac-idealna-strone-js":["styles.83a2ea70bdb55d9d17a3.css","framework-4c9a48b6a0c8be73726d.js","215edc5694469d2cb468b9d40895c2b40b80618e-4d2a830ce7cad4c115da.js","component---src-pages-blog-jak-wybrac-idealna-strone-js-cf27ad9a5412e7e8a86e.js"],"component---src-pages-blog-jak-wybrac-najlepszy-hosting-i-domene-js":["styles.83a2ea70bdb55d9d17a3.css","framework-4c9a48b6a0c8be73726d.js","215edc5694469d2cb468b9d40895c2b40b80618e-4d2a830ce7cad4c115da.js","component---src-pages-blog-jak-wybrac-najlepszy-hosting-i-domene-js-f8e93c1cc4515278f692.js"],"component---src-pages-blog-jakie-funkcje-powinna-miec-nowoczesna-strona-js":["styles.83a2ea70bdb55d9d17a3.css","framework-4c9a48b6a0c8be73726d.js","215edc5694469d2cb468b9d40895c2b40b80618e-4d2a830ce7cad4c115da.js","component---src-pages-blog-jakie-funkcje-powinna-miec-nowoczesna-strona-js-a91e1b5e464809fdec3c.js"],"component---src-pages-index-js":["styles.83a2ea70bdb55d9d17a3.css","framework-4c9a48b6a0c8be73726d.js","215edc5694469d2cb468b9d40895c2b40b80618e-4d2a830ce7cad4c115da.js","c0b03ecfeac71231e378ab5f4a87460e1424d7c4-f7a30e69868db9ce4f7b.js","component---src-pages-index-js-8eedae28b12073434a2c.js"],"component---src-pages-kontakt-js":["styles.83a2ea70bdb55d9d17a3.css","framework-4c9a48b6a0c8be73726d.js","7d0bf13e-22a0e63f405793f6edfa.js","215edc5694469d2cb468b9d40895c2b40b80618e-4d2a830ce7cad4c115da.js","a36069771c955bb526b9b9d338f4218bb66b6806-833b6d812391be1d1cbf.js","component---src-pages-kontakt-js-23c873544a3fea761c3d.js"],"component---src-pages-polityka-prywatnosci-js":["styles.83a2ea70bdb55d9d17a3.css","framework-4c9a48b6a0c8be73726d.js","215edc5694469d2cb468b9d40895c2b40b80618e-4d2a830ce7cad4c115da.js","component---src-pages-polityka-prywatnosci-js-85e13354b15b50a5d779.js"],"component---src-pages-projektowanie-logo-js":["styles.83a2ea70bdb55d9d17a3.css","framework-4c9a48b6a0c8be73726d.js","215edc5694469d2cb468b9d40895c2b40b80618e-4d2a830ce7cad4c115da.js","a36069771c955bb526b9b9d338f4218bb66b6806-833b6d812391be1d1cbf.js","ac6aa5ad65d35adc8bf4262e472648a55d045570-479696939f7a4a68f078.js","component---src-pages-projektowanie-logo-js-56410d1611f9c08c15e1.js"],"component---src-pages-sklepy-internetowe-js":["styles.83a2ea70bdb55d9d17a3.css","framework-4c9a48b6a0c8be73726d.js","215edc5694469d2cb468b9d40895c2b40b80618e-4d2a830ce7cad4c115da.js","a36069771c955bb526b9b9d338f4218bb66b6806-833b6d812391be1d1cbf.js","ac6aa5ad65d35adc8bf4262e472648a55d045570-479696939f7a4a68f078.js","component---src-pages-sklepy-internetowe-js-c905af820b431aa358a9.js"],"component---src-pages-strony-lms-js":["styles.83a2ea70bdb55d9d17a3.css","framework-4c9a48b6a0c8be73726d.js","215edc5694469d2cb468b9d40895c2b40b80618e-4d2a830ce7cad4c115da.js","a36069771c955bb526b9b9d338f4218bb66b6806-833b6d812391be1d1cbf.js","ac6aa5ad65d35adc8bf4262e472648a55d045570-479696939f7a4a68f078.js","component---src-pages-strony-lms-js-7afda2492aa28bdee8d2.js"],"component---src-pages-strony-niestandardowe-js":["styles.83a2ea70bdb55d9d17a3.css","framework-4c9a48b6a0c8be73726d.js","215edc5694469d2cb468b9d40895c2b40b80618e-4d2a830ce7cad4c115da.js","a36069771c955bb526b9b9d338f4218bb66b6806-833b6d812391be1d1cbf.js","ac6aa5ad65d35adc8bf4262e472648a55d045570-479696939f7a4a68f078.js","component---src-pages-strony-niestandardowe-js-ea18d34086532418488f.js"],"component---src-pages-strony-wordpress-js":["styles.83a2ea70bdb55d9d17a3.css","framework-4c9a48b6a0c8be73726d.js","215edc5694469d2cb468b9d40895c2b40b80618e-4d2a830ce7cad4c115da.js","a36069771c955bb526b9b9d338f4218bb66b6806-833b6d812391be1d1cbf.js","ac6aa5ad65d35adc8bf4262e472648a55d045570-479696939f7a4a68f078.js","component---src-pages-strony-wordpress-js-251229ffca48aaea0f94.js"]},"childAssetsByChunkName":{}}