{"name":"build-javascript","namedChunkGroups":{"app":{"name":"app","assets":[{"name":"webpack-runtime-aea8f037b80389cf63a9.js","size":5735},{"name":"styles.233f99217ab8e9c81268.css","size":276285},{"name":"framework-4c9a48b6a0c8be73726d.js","size":140996},{"name":"app-3a984b0775fd726fd2fb.js","size":83665}],"filteredAssets":0,"assetsSize":506681,"filteredAuxiliaryAssets":3,"auxiliaryAssetsSize":671572},"component---src-pages-404-js":{"name":"component---src-pages-404-js","assets":[{"name":"component---src-pages-404-js-f52d51dd12780ed9f66a.js","size":788}],"filteredAssets":0,"assetsSize":788,"filteredAuxiliaryAssets":1,"auxiliaryAssetsSize":1957},"component---src-pages-aplikacje-webowe-js":{"name":"component---src-pages-aplikacje-webowe-js","assets":[{"name":"styles.233f99217ab8e9c81268.css","size":276285},{"name":"framework-4c9a48b6a0c8be73726d.js","size":140996},{"name":"75b12c86f78d2e1ac051b4f2e36f7c601b217100-80e193e1db68454a82b4.js","size":126137},{"name":"a22ac5a548f60a75627e73a2e529076be61eb59b-d3e1986e694199b5acb9.js","size":17285},{"name":"ac6aa5ad65d35adc8bf4262e472648a55d045570-54da514491995493a7f6.js","size":25396},{"name":"component---src-pages-aplikacje-webowe-js-70fab800ee17bd94dcec.js","size":12588}],"filteredAssets":0,"assetsSize":598687,"filteredAuxiliaryAssets":5,"auxiliaryAssetsSize":1037436},"component---src-pages-blog-aplikacje-webowe-vs-strony-internetowe-js":{"name":"component---src-pages-blog-aplikacje-webowe-vs-strony-internetowe-js","assets":[{"name":"styles.233f99217ab8e9c81268.css","size":276285},{"name":"framework-4c9a48b6a0c8be73726d.js","size":140996},{"name":"75b12c86f78d2e1ac051b4f2e36f7c601b217100-80e193e1db68454a82b4.js","size":126137},{"name":"component---src-pages-blog-aplikacje-webowe-vs-strony-internetowe-js-a00250f1be133c330b26.js","size":6685}],"filteredAssets":0,"assetsSize":550103,"filteredAuxiliaryAssets":3,"auxiliaryAssetsSize":946147},"component---src-pages-blog-cms-vs-strona-pisana-od-podstaw-js":{"name":"component---src-pages-blog-cms-vs-strona-pisana-od-podstaw-js","assets":[{"name":"styles.233f99217ab8e9c81268.css","size":276285},{"name":"framework-4c9a48b6a0c8be73726d.js","size":140996},{"name":"75b12c86f78d2e1ac051b4f2e36f7c601b217100-80e193e1db68454a82b4.js","size":126137},{"name":"component---src-pages-blog-cms-vs-strona-pisana-od-podstaw-js-75bacc4d56929122d730.js","size":14252}],"filteredAssets":0,"assetsSize":557670,"filteredAuxiliaryAssets":3,"auxiliaryAssetsSize":954242},"component---src-pages-blog-czym-jest-responsywnosc-strony-js":{"name":"component---src-pages-blog-czym-jest-responsywnosc-strony-js","assets":[{"name":"styles.233f99217ab8e9c81268.css","size":276285},{"name":"framework-4c9a48b6a0c8be73726d.js","size":140996},{"name":"75b12c86f78d2e1ac051b4f2e36f7c601b217100-80e193e1db68454a82b4.js","size":126137},{"name":"component---src-pages-blog-czym-jest-responsywnosc-strony-js-2053a236910ca4273cb6.js","size":6407}],"filteredAssets":0,"assetsSize":549825,"filteredAuxiliaryAssets":3,"auxiliaryAssetsSize":945946},"component---src-pages-blog-index-js":{"name":"component---src-pages-blog-index-js","assets":[{"name":"styles.233f99217ab8e9c81268.css","size":276285},{"name":"framework-4c9a48b6a0c8be73726d.js","size":140996},{"name":"75b12c86f78d2e1ac051b4f2e36f7c601b217100-80e193e1db68454a82b4.js","size":126137},{"name":"c0b03ecfeac71231e378ab5f4a87460e1424d7c4-f7a30e69868db9ce4f7b.js","size":19105},{"name":"component---src-pages-blog-index-js-4763575097890cf1df18.js","size":2198}],"filteredAssets":0,"assetsSize":564721,"filteredAuxiliaryAssets":4,"auxiliaryAssetsSize":960862},"component---src-pages-blog-jak-przebiega-proces-tworzenia-strony-js":{"name":"component---src-pages-blog-jak-przebiega-proces-tworzenia-strony-js","assets":[{"name":"styles.233f99217ab8e9c81268.css","size":276285},{"name":"framework-4c9a48b6a0c8be73726d.js","size":140996},{"name":"75b12c86f78d2e1ac051b4f2e36f7c601b217100-80e193e1db68454a82b4.js","size":126137},{"name":"component---src-pages-blog-jak-przebiega-proces-tworzenia-strony-js-057635fdb9dbc3d850d5.js","size":6484}],"filteredAssets":0,"assetsSize":549902,"filteredAuxiliaryAssets":3,"auxiliaryAssetsSize":945948},"component---src-pages-blog-jak-wybrac-idealna-strone-js":{"name":"component---src-pages-blog-jak-wybrac-idealna-strone-js","assets":[{"name":"styles.233f99217ab8e9c81268.css","size":276285},{"name":"framework-4c9a48b6a0c8be73726d.js","size":140996},{"name":"75b12c86f78d2e1ac051b4f2e36f7c601b217100-80e193e1db68454a82b4.js","size":126137},{"name":"component---src-pages-blog-jak-wybrac-idealna-strone-js-2701eb5392606db92fb9.js","size":9354}],"filteredAssets":0,"assetsSize":552772,"filteredAuxiliaryAssets":3,"auxiliaryAssetsSize":949872},"component---src-pages-blog-jak-wybrac-najlepszy-hosting-i-domene-js":{"name":"component---src-pages-blog-jak-wybrac-najlepszy-hosting-i-domene-js","assets":[{"name":"styles.233f99217ab8e9c81268.css","size":276285},{"name":"framework-4c9a48b6a0c8be73726d.js","size":140996},{"name":"75b12c86f78d2e1ac051b4f2e36f7c601b217100-80e193e1db68454a82b4.js","size":126137},{"name":"component---src-pages-blog-jak-wybrac-najlepszy-hosting-i-domene-js-5fceb0d1c63aa7aaf347.js","size":8722}],"filteredAssets":0,"assetsSize":552140,"filteredAuxiliaryAssets":3,"auxiliaryAssetsSize":949369},"component---src-pages-blog-jakie-funkcje-powinna-miec-nowoczesna-strona-js":{"name":"component---src-pages-blog-jakie-funkcje-powinna-miec-nowoczesna-strona-js","assets":[{"name":"styles.233f99217ab8e9c81268.css","size":276285},{"name":"framework-4c9a48b6a0c8be73726d.js","size":140996},{"name":"75b12c86f78d2e1ac051b4f2e36f7c601b217100-80e193e1db68454a82b4.js","size":126137},{"name":"component---src-pages-blog-jakie-funkcje-powinna-miec-nowoczesna-strona-js-e27aa829b5cb1eb1ab85.js","size":8285}],"filteredAssets":0,"assetsSize":551703,"filteredAuxiliaryAssets":3,"auxiliaryAssetsSize":948232},"component---src-pages-formularz-szybkiej-wyceny-js":{"name":"component---src-pages-formularz-szybkiej-wyceny-js","assets":[{"name":"styles.233f99217ab8e9c81268.css","size":276285},{"name":"framework-4c9a48b6a0c8be73726d.js","size":140996},{"name":"75b12c86f78d2e1ac051b4f2e36f7c601b217100-80e193e1db68454a82b4.js","size":126137},{"name":"a22ac5a548f60a75627e73a2e529076be61eb59b-d3e1986e694199b5acb9.js","size":17285},{"name":"ee6ad327328575b986aa81d922a943f6f0da9c1c-56174b5c73ce98050992.js","size":29417},{"name":"component---src-pages-formularz-szybkiej-wyceny-js-c1e8b64da84ac4ecc3b6.js","size":42658}],"filteredAssets":0,"assetsSize":632778,"filteredAuxiliaryAssets":5,"auxiliaryAssetsSize":1261341},"component---src-pages-index-js":{"name":"component---src-pages-index-js","assets":[{"name":"styles.233f99217ab8e9c81268.css","size":276285},{"name":"framework-4c9a48b6a0c8be73726d.js","size":140996},{"name":"75b12c86f78d2e1ac051b4f2e36f7c601b217100-80e193e1db68454a82b4.js","size":126137},{"name":"c0b03ecfeac71231e378ab5f4a87460e1424d7c4-f7a30e69868db9ce4f7b.js","size":19105},{"name":"component---src-pages-index-js-804c3bdc3df8614c49c9.js","size":95646}],"filteredAssets":0,"assetsSize":658169,"filteredAuxiliaryAssets":4,"auxiliaryAssetsSize":1078695},"component---src-pages-kontakt-js":{"name":"component---src-pages-kontakt-js","assets":[{"name":"styles.233f99217ab8e9c81268.css","size":276285},{"name":"framework-4c9a48b6a0c8be73726d.js","size":140996},{"name":"7d0bf13e-1b01d8935cc15b3b5d06.js","size":146898},{"name":"75b12c86f78d2e1ac051b4f2e36f7c601b217100-80e193e1db68454a82b4.js","size":126137},{"name":"a22ac5a548f60a75627e73a2e529076be61eb59b-d3e1986e694199b5acb9.js","size":17285},{"name":"ee6ad327328575b986aa81d922a943f6f0da9c1c-56174b5c73ce98050992.js","size":29417},{"name":"component---src-pages-kontakt-js-4c87e3b7ebc763c21e1f.js","size":15741}],"filteredAssets":0,"assetsSize":752759,"filteredAuxiliaryAssets":6,"auxiliaryAssetsSize":1715636},"component---src-pages-polityka-prywatnosci-js":{"name":"component---src-pages-polityka-prywatnosci-js","assets":[{"name":"styles.233f99217ab8e9c81268.css","size":276285},{"name":"framework-4c9a48b6a0c8be73726d.js","size":140996},{"name":"75b12c86f78d2e1ac051b4f2e36f7c601b217100-80e193e1db68454a82b4.js","size":126137},{"name":"component---src-pages-polityka-prywatnosci-js-6ff3038f40beca7ebbd7.js","size":6871}],"filteredAssets":0,"assetsSize":550289,"filteredAuxiliaryAssets":3,"auxiliaryAssetsSize":942348},"component---src-pages-projektowanie-logo-js":{"name":"component---src-pages-projektowanie-logo-js","assets":[{"name":"styles.233f99217ab8e9c81268.css","size":276285},{"name":"framework-4c9a48b6a0c8be73726d.js","size":140996},{"name":"75b12c86f78d2e1ac051b4f2e36f7c601b217100-80e193e1db68454a82b4.js","size":126137},{"name":"a22ac5a548f60a75627e73a2e529076be61eb59b-d3e1986e694199b5acb9.js","size":17285},{"name":"ac6aa5ad65d35adc8bf4262e472648a55d045570-54da514491995493a7f6.js","size":25396},{"name":"component---src-pages-projektowanie-logo-js-56a8f45f3c0fcf0a6525.js","size":18210}],"filteredAssets":0,"assetsSize":604309,"filteredAuxiliaryAssets":5,"auxiliaryAssetsSize":1038704},"component---src-pages-sklepy-internetowe-js":{"name":"component---src-pages-sklepy-internetowe-js","assets":[{"name":"styles.233f99217ab8e9c81268.css","size":276285},{"name":"framework-4c9a48b6a0c8be73726d.js","size":140996},{"name":"75b12c86f78d2e1ac051b4f2e36f7c601b217100-80e193e1db68454a82b4.js","size":126137},{"name":"a22ac5a548f60a75627e73a2e529076be61eb59b-d3e1986e694199b5acb9.js","size":17285},{"name":"ac6aa5ad65d35adc8bf4262e472648a55d045570-54da514491995493a7f6.js","size":25396},{"name":"component---src-pages-sklepy-internetowe-js-a300c94d4d4f972f63a2.js","size":12573}],"filteredAssets":0,"assetsSize":598672,"filteredAuxiliaryAssets":5,"auxiliaryAssetsSize":1037300},"component---src-pages-strony-lms-js":{"name":"component---src-pages-strony-lms-js","assets":[{"name":"styles.233f99217ab8e9c81268.css","size":276285},{"name":"framework-4c9a48b6a0c8be73726d.js","size":140996},{"name":"75b12c86f78d2e1ac051b4f2e36f7c601b217100-80e193e1db68454a82b4.js","size":126137},{"name":"a22ac5a548f60a75627e73a2e529076be61eb59b-d3e1986e694199b5acb9.js","size":17285},{"name":"ac6aa5ad65d35adc8bf4262e472648a55d045570-54da514491995493a7f6.js","size":25396},{"name":"component---src-pages-strony-lms-js-4f8977cc8ffe3cc9b6d6.js","size":12618}],"filteredAssets":0,"assetsSize":598717,"filteredAuxiliaryAssets":5,"auxiliaryAssetsSize":1037378},"component---src-pages-strony-niestandardowe-js":{"name":"component---src-pages-strony-niestandardowe-js","assets":[{"name":"styles.233f99217ab8e9c81268.css","size":276285},{"name":"framework-4c9a48b6a0c8be73726d.js","size":140996},{"name":"75b12c86f78d2e1ac051b4f2e36f7c601b217100-80e193e1db68454a82b4.js","size":126137},{"name":"a22ac5a548f60a75627e73a2e529076be61eb59b-d3e1986e694199b5acb9.js","size":17285},{"name":"ac6aa5ad65d35adc8bf4262e472648a55d045570-54da514491995493a7f6.js","size":25396},{"name":"component---src-pages-strony-niestandardowe-js-df2ca8f017bd61cc8f4a.js","size":12601}],"filteredAssets":0,"assetsSize":598700,"filteredAuxiliaryAssets":5,"auxiliaryAssetsSize":1037496},"component---src-pages-strony-wordpress-js":{"name":"component---src-pages-strony-wordpress-js","assets":[{"name":"styles.233f99217ab8e9c81268.css","size":276285},{"name":"framework-4c9a48b6a0c8be73726d.js","size":140996},{"name":"75b12c86f78d2e1ac051b4f2e36f7c601b217100-80e193e1db68454a82b4.js","size":126137},{"name":"a22ac5a548f60a75627e73a2e529076be61eb59b-d3e1986e694199b5acb9.js","size":17285},{"name":"ac6aa5ad65d35adc8bf4262e472648a55d045570-54da514491995493a7f6.js","size":25396},{"name":"component---src-pages-strony-wordpress-js-f392a0245252936e079f.js","size":12616}],"filteredAssets":0,"assetsSize":598715,"filteredAuxiliaryAssets":5,"auxiliaryAssetsSize":1037454}},"assetsByChunkName":{"app":["webpack-runtime-aea8f037b80389cf63a9.js","styles.233f99217ab8e9c81268.css","framework-4c9a48b6a0c8be73726d.js","app-3a984b0775fd726fd2fb.js"],"component---src-pages-404-js":["component---src-pages-404-js-f52d51dd12780ed9f66a.js"],"component---src-pages-aplikacje-webowe-js":["styles.233f99217ab8e9c81268.css","framework-4c9a48b6a0c8be73726d.js","75b12c86f78d2e1ac051b4f2e36f7c601b217100-80e193e1db68454a82b4.js","a22ac5a548f60a75627e73a2e529076be61eb59b-d3e1986e694199b5acb9.js","ac6aa5ad65d35adc8bf4262e472648a55d045570-54da514491995493a7f6.js","component---src-pages-aplikacje-webowe-js-70fab800ee17bd94dcec.js"],"component---src-pages-blog-aplikacje-webowe-vs-strony-internetowe-js":["styles.233f99217ab8e9c81268.css","framework-4c9a48b6a0c8be73726d.js","75b12c86f78d2e1ac051b4f2e36f7c601b217100-80e193e1db68454a82b4.js","component---src-pages-blog-aplikacje-webowe-vs-strony-internetowe-js-a00250f1be133c330b26.js"],"component---src-pages-blog-cms-vs-strona-pisana-od-podstaw-js":["styles.233f99217ab8e9c81268.css","framework-4c9a48b6a0c8be73726d.js","75b12c86f78d2e1ac051b4f2e36f7c601b217100-80e193e1db68454a82b4.js","component---src-pages-blog-cms-vs-strona-pisana-od-podstaw-js-75bacc4d56929122d730.js"],"component---src-pages-blog-czym-jest-responsywnosc-strony-js":["styles.233f99217ab8e9c81268.css","framework-4c9a48b6a0c8be73726d.js","75b12c86f78d2e1ac051b4f2e36f7c601b217100-80e193e1db68454a82b4.js","component---src-pages-blog-czym-jest-responsywnosc-strony-js-2053a236910ca4273cb6.js"],"component---src-pages-blog-index-js":["styles.233f99217ab8e9c81268.css","framework-4c9a48b6a0c8be73726d.js","75b12c86f78d2e1ac051b4f2e36f7c601b217100-80e193e1db68454a82b4.js","c0b03ecfeac71231e378ab5f4a87460e1424d7c4-f7a30e69868db9ce4f7b.js","component---src-pages-blog-index-js-4763575097890cf1df18.js"],"component---src-pages-blog-jak-przebiega-proces-tworzenia-strony-js":["styles.233f99217ab8e9c81268.css","framework-4c9a48b6a0c8be73726d.js","75b12c86f78d2e1ac051b4f2e36f7c601b217100-80e193e1db68454a82b4.js","component---src-pages-blog-jak-przebiega-proces-tworzenia-strony-js-057635fdb9dbc3d850d5.js"],"component---src-pages-blog-jak-wybrac-idealna-strone-js":["styles.233f99217ab8e9c81268.css","framework-4c9a48b6a0c8be73726d.js","75b12c86f78d2e1ac051b4f2e36f7c601b217100-80e193e1db68454a82b4.js","component---src-pages-blog-jak-wybrac-idealna-strone-js-2701eb5392606db92fb9.js"],"component---src-pages-blog-jak-wybrac-najlepszy-hosting-i-domene-js":["styles.233f99217ab8e9c81268.css","framework-4c9a48b6a0c8be73726d.js","75b12c86f78d2e1ac051b4f2e36f7c601b217100-80e193e1db68454a82b4.js","component---src-pages-blog-jak-wybrac-najlepszy-hosting-i-domene-js-5fceb0d1c63aa7aaf347.js"],"component---src-pages-blog-jakie-funkcje-powinna-miec-nowoczesna-strona-js":["styles.233f99217ab8e9c81268.css","framework-4c9a48b6a0c8be73726d.js","75b12c86f78d2e1ac051b4f2e36f7c601b217100-80e193e1db68454a82b4.js","component---src-pages-blog-jakie-funkcje-powinna-miec-nowoczesna-strona-js-e27aa829b5cb1eb1ab85.js"],"component---src-pages-formularz-szybkiej-wyceny-js":["styles.233f99217ab8e9c81268.css","framework-4c9a48b6a0c8be73726d.js","75b12c86f78d2e1ac051b4f2e36f7c601b217100-80e193e1db68454a82b4.js","a22ac5a548f60a75627e73a2e529076be61eb59b-d3e1986e694199b5acb9.js","ee6ad327328575b986aa81d922a943f6f0da9c1c-56174b5c73ce98050992.js","component---src-pages-formularz-szybkiej-wyceny-js-c1e8b64da84ac4ecc3b6.js"],"component---src-pages-index-js":["styles.233f99217ab8e9c81268.css","framework-4c9a48b6a0c8be73726d.js","75b12c86f78d2e1ac051b4f2e36f7c601b217100-80e193e1db68454a82b4.js","c0b03ecfeac71231e378ab5f4a87460e1424d7c4-f7a30e69868db9ce4f7b.js","component---src-pages-index-js-804c3bdc3df8614c49c9.js"],"component---src-pages-kontakt-js":["styles.233f99217ab8e9c81268.css","framework-4c9a48b6a0c8be73726d.js","7d0bf13e-1b01d8935cc15b3b5d06.js","75b12c86f78d2e1ac051b4f2e36f7c601b217100-80e193e1db68454a82b4.js","a22ac5a548f60a75627e73a2e529076be61eb59b-d3e1986e694199b5acb9.js","ee6ad327328575b986aa81d922a943f6f0da9c1c-56174b5c73ce98050992.js","component---src-pages-kontakt-js-4c87e3b7ebc763c21e1f.js"],"component---src-pages-polityka-prywatnosci-js":["styles.233f99217ab8e9c81268.css","framework-4c9a48b6a0c8be73726d.js","75b12c86f78d2e1ac051b4f2e36f7c601b217100-80e193e1db68454a82b4.js","component---src-pages-polityka-prywatnosci-js-6ff3038f40beca7ebbd7.js"],"component---src-pages-projektowanie-logo-js":["styles.233f99217ab8e9c81268.css","framework-4c9a48b6a0c8be73726d.js","75b12c86f78d2e1ac051b4f2e36f7c601b217100-80e193e1db68454a82b4.js","a22ac5a548f60a75627e73a2e529076be61eb59b-d3e1986e694199b5acb9.js","ac6aa5ad65d35adc8bf4262e472648a55d045570-54da514491995493a7f6.js","component---src-pages-projektowanie-logo-js-56a8f45f3c0fcf0a6525.js"],"component---src-pages-sklepy-internetowe-js":["styles.233f99217ab8e9c81268.css","framework-4c9a48b6a0c8be73726d.js","75b12c86f78d2e1ac051b4f2e36f7c601b217100-80e193e1db68454a82b4.js","a22ac5a548f60a75627e73a2e529076be61eb59b-d3e1986e694199b5acb9.js","ac6aa5ad65d35adc8bf4262e472648a55d045570-54da514491995493a7f6.js","component---src-pages-sklepy-internetowe-js-a300c94d4d4f972f63a2.js"],"component---src-pages-strony-lms-js":["styles.233f99217ab8e9c81268.css","framework-4c9a48b6a0c8be73726d.js","75b12c86f78d2e1ac051b4f2e36f7c601b217100-80e193e1db68454a82b4.js","a22ac5a548f60a75627e73a2e529076be61eb59b-d3e1986e694199b5acb9.js","ac6aa5ad65d35adc8bf4262e472648a55d045570-54da514491995493a7f6.js","component---src-pages-strony-lms-js-4f8977cc8ffe3cc9b6d6.js"],"component---src-pages-strony-niestandardowe-js":["styles.233f99217ab8e9c81268.css","framework-4c9a48b6a0c8be73726d.js","75b12c86f78d2e1ac051b4f2e36f7c601b217100-80e193e1db68454a82b4.js","a22ac5a548f60a75627e73a2e529076be61eb59b-d3e1986e694199b5acb9.js","ac6aa5ad65d35adc8bf4262e472648a55d045570-54da514491995493a7f6.js","component---src-pages-strony-niestandardowe-js-df2ca8f017bd61cc8f4a.js"],"component---src-pages-strony-wordpress-js":["styles.233f99217ab8e9c81268.css","framework-4c9a48b6a0c8be73726d.js","75b12c86f78d2e1ac051b4f2e36f7c601b217100-80e193e1db68454a82b4.js","a22ac5a548f60a75627e73a2e529076be61eb59b-d3e1986e694199b5acb9.js","ac6aa5ad65d35adc8bf4262e472648a55d045570-54da514491995493a7f6.js","component---src-pages-strony-wordpress-js-f392a0245252936e079f.js"]},"childAssetsByChunkName":{}}