{"name":"build-javascript","namedChunkGroups":{"app":{"name":"app","assets":[{"name":"webpack-runtime-4e6594169b7239eb7717.js","size":5575},{"name":"styles.83a2ea70bdb55d9d17a3.css","size":270361},{"name":"framework-4c9a48b6a0c8be73726d.js","size":140996},{"name":"app-e4ac0e25ef59a8778854.js","size":83526}],"filteredAssets":0,"assetsSize":500458,"filteredAuxiliaryAssets":3,"auxiliaryAssetsSize":671749},"component---src-pages-404-js":{"name":"component---src-pages-404-js","assets":[{"name":"component---src-pages-404-js-f52d51dd12780ed9f66a.js","size":788}],"filteredAssets":0,"assetsSize":788,"filteredAuxiliaryAssets":1,"auxiliaryAssetsSize":1957},"component---src-pages-aplikacje-webowe-js":{"name":"component---src-pages-aplikacje-webowe-js","assets":[{"name":"styles.83a2ea70bdb55d9d17a3.css","size":270361},{"name":"framework-4c9a48b6a0c8be73726d.js","size":140996},{"name":"215edc5694469d2cb468b9d40895c2b40b80618e-6b3903360ca494588eb9.js","size":119647},{"name":"a36069771c955bb526b9b9d338f4218bb66b6806-9dd1441becb7c08f9c14.js","size":15794},{"name":"ac6aa5ad65d35adc8bf4262e472648a55d045570-46f97b54b35cd58cceb8.js","size":24588},{"name":"component---src-pages-aplikacje-webowe-js-70fab800ee17bd94dcec.js","size":12588}],"filteredAssets":0,"assetsSize":583974,"filteredAuxiliaryAssets":5,"auxiliaryAssetsSize":1027398},"component---src-pages-blog-aplikacje-webowe-vs-strony-internetowe-js":{"name":"component---src-pages-blog-aplikacje-webowe-vs-strony-internetowe-js","assets":[{"name":"styles.83a2ea70bdb55d9d17a3.css","size":270361},{"name":"framework-4c9a48b6a0c8be73726d.js","size":140996},{"name":"215edc5694469d2cb468b9d40895c2b40b80618e-6b3903360ca494588eb9.js","size":119647},{"name":"component---src-pages-blog-aplikacje-webowe-vs-strony-internetowe-js-02fe13acb9188ac87956.js","size":6686}],"filteredAssets":0,"assetsSize":537690,"filteredAuxiliaryAssets":3,"auxiliaryAssetsSize":940845},"component---src-pages-blog-cms-vs-strona-pisana-od-podstaw-js":{"name":"component---src-pages-blog-cms-vs-strona-pisana-od-podstaw-js","assets":[{"name":"styles.83a2ea70bdb55d9d17a3.css","size":270361},{"name":"framework-4c9a48b6a0c8be73726d.js","size":140996},{"name":"215edc5694469d2cb468b9d40895c2b40b80618e-6b3903360ca494588eb9.js","size":119647},{"name":"component---src-pages-blog-cms-vs-strona-pisana-od-podstaw-js-e3df847d45b9965a1a29.js","size":14253}],"filteredAssets":0,"assetsSize":545257,"filteredAuxiliaryAssets":3,"auxiliaryAssetsSize":948940},"component---src-pages-blog-czym-jest-responsywnosc-strony-js":{"name":"component---src-pages-blog-czym-jest-responsywnosc-strony-js","assets":[{"name":"styles.83a2ea70bdb55d9d17a3.css","size":270361},{"name":"framework-4c9a48b6a0c8be73726d.js","size":140996},{"name":"215edc5694469d2cb468b9d40895c2b40b80618e-6b3903360ca494588eb9.js","size":119647},{"name":"component---src-pages-blog-czym-jest-responsywnosc-strony-js-88feba1841e5e5f40254.js","size":6408}],"filteredAssets":0,"assetsSize":537412,"filteredAuxiliaryAssets":3,"auxiliaryAssetsSize":940644},"component---src-pages-blog-index-js":{"name":"component---src-pages-blog-index-js","assets":[{"name":"styles.83a2ea70bdb55d9d17a3.css","size":270361},{"name":"framework-4c9a48b6a0c8be73726d.js","size":140996},{"name":"215edc5694469d2cb468b9d40895c2b40b80618e-6b3903360ca494588eb9.js","size":119647},{"name":"c0b03ecfeac71231e378ab5f4a87460e1424d7c4-f7a30e69868db9ce4f7b.js","size":19105},{"name":"component---src-pages-blog-index-js-5e221ae42624418f7e9d.js","size":2199}],"filteredAssets":0,"assetsSize":552308,"filteredAuxiliaryAssets":4,"auxiliaryAssetsSize":955560},"component---src-pages-blog-jak-przebiega-proces-tworzenia-strony-js":{"name":"component---src-pages-blog-jak-przebiega-proces-tworzenia-strony-js","assets":[{"name":"styles.83a2ea70bdb55d9d17a3.css","size":270361},{"name":"framework-4c9a48b6a0c8be73726d.js","size":140996},{"name":"215edc5694469d2cb468b9d40895c2b40b80618e-6b3903360ca494588eb9.js","size":119647},{"name":"component---src-pages-blog-jak-przebiega-proces-tworzenia-strony-js-dcf9b7bbc8c9474f1c3b.js","size":6485}],"filteredAssets":0,"assetsSize":537489,"filteredAuxiliaryAssets":3,"auxiliaryAssetsSize":940646},"component---src-pages-blog-jak-wybrac-idealna-strone-js":{"name":"component---src-pages-blog-jak-wybrac-idealna-strone-js","assets":[{"name":"styles.83a2ea70bdb55d9d17a3.css","size":270361},{"name":"framework-4c9a48b6a0c8be73726d.js","size":140996},{"name":"215edc5694469d2cb468b9d40895c2b40b80618e-6b3903360ca494588eb9.js","size":119647},{"name":"component---src-pages-blog-jak-wybrac-idealna-strone-js-42a778c173349efce3db.js","size":9355}],"filteredAssets":0,"assetsSize":540359,"filteredAuxiliaryAssets":3,"auxiliaryAssetsSize":944570},"component---src-pages-blog-jak-wybrac-najlepszy-hosting-i-domene-js":{"name":"component---src-pages-blog-jak-wybrac-najlepszy-hosting-i-domene-js","assets":[{"name":"styles.83a2ea70bdb55d9d17a3.css","size":270361},{"name":"framework-4c9a48b6a0c8be73726d.js","size":140996},{"name":"215edc5694469d2cb468b9d40895c2b40b80618e-6b3903360ca494588eb9.js","size":119647},{"name":"component---src-pages-blog-jak-wybrac-najlepszy-hosting-i-domene-js-8f046ff3a6b6f0165991.js","size":8723}],"filteredAssets":0,"assetsSize":539727,"filteredAuxiliaryAssets":3,"auxiliaryAssetsSize":944067},"component---src-pages-blog-jakie-funkcje-powinna-miec-nowoczesna-strona-js":{"name":"component---src-pages-blog-jakie-funkcje-powinna-miec-nowoczesna-strona-js","assets":[{"name":"styles.83a2ea70bdb55d9d17a3.css","size":270361},{"name":"framework-4c9a48b6a0c8be73726d.js","size":140996},{"name":"215edc5694469d2cb468b9d40895c2b40b80618e-6b3903360ca494588eb9.js","size":119647},{"name":"component---src-pages-blog-jakie-funkcje-powinna-miec-nowoczesna-strona-js-a55d75776f63f929d56d.js","size":8286}],"filteredAssets":0,"assetsSize":539290,"filteredAuxiliaryAssets":3,"auxiliaryAssetsSize":942930},"component---src-pages-index-js":{"name":"component---src-pages-index-js","assets":[{"name":"styles.83a2ea70bdb55d9d17a3.css","size":270361},{"name":"framework-4c9a48b6a0c8be73726d.js","size":140996},{"name":"215edc5694469d2cb468b9d40895c2b40b80618e-6b3903360ca494588eb9.js","size":119647},{"name":"c0b03ecfeac71231e378ab5f4a87460e1424d7c4-f7a30e69868db9ce4f7b.js","size":19105},{"name":"component---src-pages-index-js-e94f16808ccd208b7960.js","size":95721}],"filteredAssets":0,"assetsSize":645830,"filteredAuxiliaryAssets":4,"auxiliaryAssetsSize":1073368},"component---src-pages-kontakt-js":{"name":"component---src-pages-kontakt-js","assets":[{"name":"styles.83a2ea70bdb55d9d17a3.css","size":270361},{"name":"framework-4c9a48b6a0c8be73726d.js","size":140996},{"name":"7d0bf13e-22a0e63f405793f6edfa.js","size":146931},{"name":"215edc5694469d2cb468b9d40895c2b40b80618e-6b3903360ca494588eb9.js","size":119647},{"name":"a36069771c955bb526b9b9d338f4218bb66b6806-9dd1441becb7c08f9c14.js","size":15794},{"name":"component---src-pages-kontakt-js-ae366f26c28b51f91a13.js","size":45497}],"filteredAssets":0,"assetsSize":739226,"filteredAuxiliaryAssets":5,"auxiliaryAssetsSize":1707911},"component---src-pages-polityka-prywatnosci-js":{"name":"component---src-pages-polityka-prywatnosci-js","assets":[{"name":"styles.83a2ea70bdb55d9d17a3.css","size":270361},{"name":"framework-4c9a48b6a0c8be73726d.js","size":140996},{"name":"215edc5694469d2cb468b9d40895c2b40b80618e-6b3903360ca494588eb9.js","size":119647},{"name":"component---src-pages-polityka-prywatnosci-js-f2e04dcbc3ab5966e07b.js","size":6872}],"filteredAssets":0,"assetsSize":537876,"filteredAuxiliaryAssets":3,"auxiliaryAssetsSize":937046},"component---src-pages-projektowanie-logo-js":{"name":"component---src-pages-projektowanie-logo-js","assets":[{"name":"styles.83a2ea70bdb55d9d17a3.css","size":270361},{"name":"framework-4c9a48b6a0c8be73726d.js","size":140996},{"name":"215edc5694469d2cb468b9d40895c2b40b80618e-6b3903360ca494588eb9.js","size":119647},{"name":"a36069771c955bb526b9b9d338f4218bb66b6806-9dd1441becb7c08f9c14.js","size":15794},{"name":"ac6aa5ad65d35adc8bf4262e472648a55d045570-46f97b54b35cd58cceb8.js","size":24588},{"name":"component---src-pages-projektowanie-logo-js-56a8f45f3c0fcf0a6525.js","size":18210}],"filteredAssets":0,"assetsSize":589596,"filteredAuxiliaryAssets":5,"auxiliaryAssetsSize":1028666},"component---src-pages-sklepy-internetowe-js":{"name":"component---src-pages-sklepy-internetowe-js","assets":[{"name":"styles.83a2ea70bdb55d9d17a3.css","size":270361},{"name":"framework-4c9a48b6a0c8be73726d.js","size":140996},{"name":"215edc5694469d2cb468b9d40895c2b40b80618e-6b3903360ca494588eb9.js","size":119647},{"name":"a36069771c955bb526b9b9d338f4218bb66b6806-9dd1441becb7c08f9c14.js","size":15794},{"name":"ac6aa5ad65d35adc8bf4262e472648a55d045570-46f97b54b35cd58cceb8.js","size":24588},{"name":"component---src-pages-sklepy-internetowe-js-a300c94d4d4f972f63a2.js","size":12573}],"filteredAssets":0,"assetsSize":583959,"filteredAuxiliaryAssets":5,"auxiliaryAssetsSize":1027262},"component---src-pages-strony-lms-js":{"name":"component---src-pages-strony-lms-js","assets":[{"name":"styles.83a2ea70bdb55d9d17a3.css","size":270361},{"name":"framework-4c9a48b6a0c8be73726d.js","size":140996},{"name":"215edc5694469d2cb468b9d40895c2b40b80618e-6b3903360ca494588eb9.js","size":119647},{"name":"a36069771c955bb526b9b9d338f4218bb66b6806-9dd1441becb7c08f9c14.js","size":15794},{"name":"ac6aa5ad65d35adc8bf4262e472648a55d045570-46f97b54b35cd58cceb8.js","size":24588},{"name":"component---src-pages-strony-lms-js-4f8977cc8ffe3cc9b6d6.js","size":12618}],"filteredAssets":0,"assetsSize":584004,"filteredAuxiliaryAssets":5,"auxiliaryAssetsSize":1027340},"component---src-pages-strony-niestandardowe-js":{"name":"component---src-pages-strony-niestandardowe-js","assets":[{"name":"styles.83a2ea70bdb55d9d17a3.css","size":270361},{"name":"framework-4c9a48b6a0c8be73726d.js","size":140996},{"name":"215edc5694469d2cb468b9d40895c2b40b80618e-6b3903360ca494588eb9.js","size":119647},{"name":"a36069771c955bb526b9b9d338f4218bb66b6806-9dd1441becb7c08f9c14.js","size":15794},{"name":"ac6aa5ad65d35adc8bf4262e472648a55d045570-46f97b54b35cd58cceb8.js","size":24588},{"name":"component---src-pages-strony-niestandardowe-js-df2ca8f017bd61cc8f4a.js","size":12601}],"filteredAssets":0,"assetsSize":583987,"filteredAuxiliaryAssets":5,"auxiliaryAssetsSize":1027458},"component---src-pages-strony-wordpress-js":{"name":"component---src-pages-strony-wordpress-js","assets":[{"name":"styles.83a2ea70bdb55d9d17a3.css","size":270361},{"name":"framework-4c9a48b6a0c8be73726d.js","size":140996},{"name":"215edc5694469d2cb468b9d40895c2b40b80618e-6b3903360ca494588eb9.js","size":119647},{"name":"a36069771c955bb526b9b9d338f4218bb66b6806-9dd1441becb7c08f9c14.js","size":15794},{"name":"ac6aa5ad65d35adc8bf4262e472648a55d045570-46f97b54b35cd58cceb8.js","size":24588},{"name":"component---src-pages-strony-wordpress-js-f392a0245252936e079f.js","size":12616}],"filteredAssets":0,"assetsSize":584002,"filteredAuxiliaryAssets":5,"auxiliaryAssetsSize":1027416}},"assetsByChunkName":{"app":["webpack-runtime-4e6594169b7239eb7717.js","styles.83a2ea70bdb55d9d17a3.css","framework-4c9a48b6a0c8be73726d.js","app-e4ac0e25ef59a8778854.js"],"component---src-pages-404-js":["component---src-pages-404-js-f52d51dd12780ed9f66a.js"],"component---src-pages-aplikacje-webowe-js":["styles.83a2ea70bdb55d9d17a3.css","framework-4c9a48b6a0c8be73726d.js","215edc5694469d2cb468b9d40895c2b40b80618e-6b3903360ca494588eb9.js","a36069771c955bb526b9b9d338f4218bb66b6806-9dd1441becb7c08f9c14.js","ac6aa5ad65d35adc8bf4262e472648a55d045570-46f97b54b35cd58cceb8.js","component---src-pages-aplikacje-webowe-js-70fab800ee17bd94dcec.js"],"component---src-pages-blog-aplikacje-webowe-vs-strony-internetowe-js":["styles.83a2ea70bdb55d9d17a3.css","framework-4c9a48b6a0c8be73726d.js","215edc5694469d2cb468b9d40895c2b40b80618e-6b3903360ca494588eb9.js","component---src-pages-blog-aplikacje-webowe-vs-strony-internetowe-js-02fe13acb9188ac87956.js"],"component---src-pages-blog-cms-vs-strona-pisana-od-podstaw-js":["styles.83a2ea70bdb55d9d17a3.css","framework-4c9a48b6a0c8be73726d.js","215edc5694469d2cb468b9d40895c2b40b80618e-6b3903360ca494588eb9.js","component---src-pages-blog-cms-vs-strona-pisana-od-podstaw-js-e3df847d45b9965a1a29.js"],"component---src-pages-blog-czym-jest-responsywnosc-strony-js":["styles.83a2ea70bdb55d9d17a3.css","framework-4c9a48b6a0c8be73726d.js","215edc5694469d2cb468b9d40895c2b40b80618e-6b3903360ca494588eb9.js","component---src-pages-blog-czym-jest-responsywnosc-strony-js-88feba1841e5e5f40254.js"],"component---src-pages-blog-index-js":["styles.83a2ea70bdb55d9d17a3.css","framework-4c9a48b6a0c8be73726d.js","215edc5694469d2cb468b9d40895c2b40b80618e-6b3903360ca494588eb9.js","c0b03ecfeac71231e378ab5f4a87460e1424d7c4-f7a30e69868db9ce4f7b.js","component---src-pages-blog-index-js-5e221ae42624418f7e9d.js"],"component---src-pages-blog-jak-przebiega-proces-tworzenia-strony-js":["styles.83a2ea70bdb55d9d17a3.css","framework-4c9a48b6a0c8be73726d.js","215edc5694469d2cb468b9d40895c2b40b80618e-6b3903360ca494588eb9.js","component---src-pages-blog-jak-przebiega-proces-tworzenia-strony-js-dcf9b7bbc8c9474f1c3b.js"],"component---src-pages-blog-jak-wybrac-idealna-strone-js":["styles.83a2ea70bdb55d9d17a3.css","framework-4c9a48b6a0c8be73726d.js","215edc5694469d2cb468b9d40895c2b40b80618e-6b3903360ca494588eb9.js","component---src-pages-blog-jak-wybrac-idealna-strone-js-42a778c173349efce3db.js"],"component---src-pages-blog-jak-wybrac-najlepszy-hosting-i-domene-js":["styles.83a2ea70bdb55d9d17a3.css","framework-4c9a48b6a0c8be73726d.js","215edc5694469d2cb468b9d40895c2b40b80618e-6b3903360ca494588eb9.js","component---src-pages-blog-jak-wybrac-najlepszy-hosting-i-domene-js-8f046ff3a6b6f0165991.js"],"component---src-pages-blog-jakie-funkcje-powinna-miec-nowoczesna-strona-js":["styles.83a2ea70bdb55d9d17a3.css","framework-4c9a48b6a0c8be73726d.js","215edc5694469d2cb468b9d40895c2b40b80618e-6b3903360ca494588eb9.js","component---src-pages-blog-jakie-funkcje-powinna-miec-nowoczesna-strona-js-a55d75776f63f929d56d.js"],"component---src-pages-index-js":["styles.83a2ea70bdb55d9d17a3.css","framework-4c9a48b6a0c8be73726d.js","215edc5694469d2cb468b9d40895c2b40b80618e-6b3903360ca494588eb9.js","c0b03ecfeac71231e378ab5f4a87460e1424d7c4-f7a30e69868db9ce4f7b.js","component---src-pages-index-js-e94f16808ccd208b7960.js"],"component---src-pages-kontakt-js":["styles.83a2ea70bdb55d9d17a3.css","framework-4c9a48b6a0c8be73726d.js","7d0bf13e-22a0e63f405793f6edfa.js","215edc5694469d2cb468b9d40895c2b40b80618e-6b3903360ca494588eb9.js","a36069771c955bb526b9b9d338f4218bb66b6806-9dd1441becb7c08f9c14.js","component---src-pages-kontakt-js-ae366f26c28b51f91a13.js"],"component---src-pages-polityka-prywatnosci-js":["styles.83a2ea70bdb55d9d17a3.css","framework-4c9a48b6a0c8be73726d.js","215edc5694469d2cb468b9d40895c2b40b80618e-6b3903360ca494588eb9.js","component---src-pages-polityka-prywatnosci-js-f2e04dcbc3ab5966e07b.js"],"component---src-pages-projektowanie-logo-js":["styles.83a2ea70bdb55d9d17a3.css","framework-4c9a48b6a0c8be73726d.js","215edc5694469d2cb468b9d40895c2b40b80618e-6b3903360ca494588eb9.js","a36069771c955bb526b9b9d338f4218bb66b6806-9dd1441becb7c08f9c14.js","ac6aa5ad65d35adc8bf4262e472648a55d045570-46f97b54b35cd58cceb8.js","component---src-pages-projektowanie-logo-js-56a8f45f3c0fcf0a6525.js"],"component---src-pages-sklepy-internetowe-js":["styles.83a2ea70bdb55d9d17a3.css","framework-4c9a48b6a0c8be73726d.js","215edc5694469d2cb468b9d40895c2b40b80618e-6b3903360ca494588eb9.js","a36069771c955bb526b9b9d338f4218bb66b6806-9dd1441becb7c08f9c14.js","ac6aa5ad65d35adc8bf4262e472648a55d045570-46f97b54b35cd58cceb8.js","component---src-pages-sklepy-internetowe-js-a300c94d4d4f972f63a2.js"],"component---src-pages-strony-lms-js":["styles.83a2ea70bdb55d9d17a3.css","framework-4c9a48b6a0c8be73726d.js","215edc5694469d2cb468b9d40895c2b40b80618e-6b3903360ca494588eb9.js","a36069771c955bb526b9b9d338f4218bb66b6806-9dd1441becb7c08f9c14.js","ac6aa5ad65d35adc8bf4262e472648a55d045570-46f97b54b35cd58cceb8.js","component---src-pages-strony-lms-js-4f8977cc8ffe3cc9b6d6.js"],"component---src-pages-strony-niestandardowe-js":["styles.83a2ea70bdb55d9d17a3.css","framework-4c9a48b6a0c8be73726d.js","215edc5694469d2cb468b9d40895c2b40b80618e-6b3903360ca494588eb9.js","a36069771c955bb526b9b9d338f4218bb66b6806-9dd1441becb7c08f9c14.js","ac6aa5ad65d35adc8bf4262e472648a55d045570-46f97b54b35cd58cceb8.js","component---src-pages-strony-niestandardowe-js-df2ca8f017bd61cc8f4a.js"],"component---src-pages-strony-wordpress-js":["styles.83a2ea70bdb55d9d17a3.css","framework-4c9a48b6a0c8be73726d.js","215edc5694469d2cb468b9d40895c2b40b80618e-6b3903360ca494588eb9.js","a36069771c955bb526b9b9d338f4218bb66b6806-9dd1441becb7c08f9c14.js","ac6aa5ad65d35adc8bf4262e472648a55d045570-46f97b54b35cd58cceb8.js","component---src-pages-strony-wordpress-js-f392a0245252936e079f.js"]},"childAssetsByChunkName":{}}