{"name":"build-javascript","namedChunkGroups":{"app":{"name":"app","assets":[{"name":"webpack-runtime-06afc37ba7c761d15bbc.js","size":5575},{"name":"styles.135aa608d26eb2da877a.css","size":269412},{"name":"framework-4c9a48b6a0c8be73726d.js","size":140996},{"name":"app-e4ac0e25ef59a8778854.js","size":83526}],"filteredAssets":0,"assetsSize":499509,"filteredAuxiliaryAssets":3,"auxiliaryAssetsSize":671749},"component---src-pages-404-js":{"name":"component---src-pages-404-js","assets":[{"name":"component---src-pages-404-js-f52d51dd12780ed9f66a.js","size":788}],"filteredAssets":0,"assetsSize":788,"filteredAuxiliaryAssets":1,"auxiliaryAssetsSize":1957},"component---src-pages-aplikacje-webowe-js":{"name":"component---src-pages-aplikacje-webowe-js","assets":[{"name":"styles.135aa608d26eb2da877a.css","size":269412},{"name":"framework-4c9a48b6a0c8be73726d.js","size":140996},{"name":"215edc5694469d2cb468b9d40895c2b40b80618e-ef1e53bef9d3d7ed52aa.js","size":113940},{"name":"a36069771c955bb526b9b9d338f4218bb66b6806-2a9dbb3d1143de610ff3.js","size":15696},{"name":"ac6aa5ad65d35adc8bf4262e472648a55d045570-479696939f7a4a68f078.js","size":24587},{"name":"component---src-pages-aplikacje-webowe-js-b99f374fae5c571597b3.js","size":12521}],"filteredAssets":0,"assetsSize":577152,"filteredAuxiliaryAssets":5,"auxiliaryAssetsSize":1002927},"component---src-pages-blog-aplikacje-webowe-vs-strony-internetowe-js":{"name":"component---src-pages-blog-aplikacje-webowe-vs-strony-internetowe-js","assets":[{"name":"styles.135aa608d26eb2da877a.css","size":269412},{"name":"framework-4c9a48b6a0c8be73726d.js","size":140996},{"name":"215edc5694469d2cb468b9d40895c2b40b80618e-ef1e53bef9d3d7ed52aa.js","size":113940},{"name":"component---src-pages-blog-aplikacje-webowe-vs-strony-internetowe-js-39ea2712e3869ea6603b.js","size":6602}],"filteredAssets":0,"assetsSize":530950,"filteredAuxiliaryAssets":3,"auxiliaryAssetsSize":916576},"component---src-pages-blog-cms-vs-strona-pisana-od-podstaw-js":{"name":"component---src-pages-blog-cms-vs-strona-pisana-od-podstaw-js","assets":[{"name":"styles.135aa608d26eb2da877a.css","size":269412},{"name":"framework-4c9a48b6a0c8be73726d.js","size":140996},{"name":"215edc5694469d2cb468b9d40895c2b40b80618e-ef1e53bef9d3d7ed52aa.js","size":113940},{"name":"component---src-pages-blog-cms-vs-strona-pisana-od-podstaw-js-98e3bb53e7ab6e26f757.js","size":14168}],"filteredAssets":0,"assetsSize":538516,"filteredAuxiliaryAssets":3,"auxiliaryAssetsSize":924670},"component---src-pages-blog-czym-jest-responsywnosc-strony-js":{"name":"component---src-pages-blog-czym-jest-responsywnosc-strony-js","assets":[{"name":"styles.135aa608d26eb2da877a.css","size":269412},{"name":"framework-4c9a48b6a0c8be73726d.js","size":140996},{"name":"215edc5694469d2cb468b9d40895c2b40b80618e-ef1e53bef9d3d7ed52aa.js","size":113940},{"name":"component---src-pages-blog-czym-jest-responsywnosc-strony-js-67f214f492132a4f4744.js","size":6322}],"filteredAssets":0,"assetsSize":530670,"filteredAuxiliaryAssets":3,"auxiliaryAssetsSize":916373},"component---src-pages-blog-index-js":{"name":"component---src-pages-blog-index-js","assets":[{"name":"styles.135aa608d26eb2da877a.css","size":269412},{"name":"framework-4c9a48b6a0c8be73726d.js","size":140996},{"name":"215edc5694469d2cb468b9d40895c2b40b80618e-ef1e53bef9d3d7ed52aa.js","size":113940},{"name":"c0b03ecfeac71231e378ab5f4a87460e1424d7c4-f7a30e69868db9ce4f7b.js","size":19105},{"name":"component---src-pages-blog-index-js-4fc65511a95c890f205c.js","size":2144}],"filteredAssets":0,"assetsSize":545597,"filteredAuxiliaryAssets":4,"auxiliaryAssetsSize":931319},"component---src-pages-blog-jak-przebiega-proces-tworzenia-strony-js":{"name":"component---src-pages-blog-jak-przebiega-proces-tworzenia-strony-js","assets":[{"name":"styles.135aa608d26eb2da877a.css","size":269412},{"name":"framework-4c9a48b6a0c8be73726d.js","size":140996},{"name":"215edc5694469d2cb468b9d40895c2b40b80618e-ef1e53bef9d3d7ed52aa.js","size":113940},{"name":"component---src-pages-blog-jak-przebiega-proces-tworzenia-strony-js-4a81d824c3ae77c4ae47.js","size":6391}],"filteredAssets":0,"assetsSize":530739,"filteredAuxiliaryAssets":3,"auxiliaryAssetsSize":916367},"component---src-pages-blog-jak-wybrac-idealna-strone-js":{"name":"component---src-pages-blog-jak-wybrac-idealna-strone-js","assets":[{"name":"styles.135aa608d26eb2da877a.css","size":269412},{"name":"framework-4c9a48b6a0c8be73726d.js","size":140996},{"name":"215edc5694469d2cb468b9d40895c2b40b80618e-ef1e53bef9d3d7ed52aa.js","size":113940},{"name":"component---src-pages-blog-jak-wybrac-idealna-strone-js-cf27ad9a5412e7e8a86e.js","size":9266}],"filteredAssets":0,"assetsSize":533614,"filteredAuxiliaryAssets":3,"auxiliaryAssetsSize":920296},"component---src-pages-blog-jak-wybrac-najlepszy-hosting-i-domene-js":{"name":"component---src-pages-blog-jak-wybrac-najlepszy-hosting-i-domene-js","assets":[{"name":"styles.135aa608d26eb2da877a.css","size":269412},{"name":"framework-4c9a48b6a0c8be73726d.js","size":140996},{"name":"215edc5694469d2cb468b9d40895c2b40b80618e-ef1e53bef9d3d7ed52aa.js","size":113940},{"name":"component---src-pages-blog-jak-wybrac-najlepszy-hosting-i-domene-js-f8e93c1cc4515278f692.js","size":8626}],"filteredAssets":0,"assetsSize":532974,"filteredAuxiliaryAssets":3,"auxiliaryAssetsSize":919785},"component---src-pages-blog-jakie-funkcje-powinna-miec-nowoczesna-strona-js":{"name":"component---src-pages-blog-jakie-funkcje-powinna-miec-nowoczesna-strona-js","assets":[{"name":"styles.135aa608d26eb2da877a.css","size":269412},{"name":"framework-4c9a48b6a0c8be73726d.js","size":140996},{"name":"215edc5694469d2cb468b9d40895c2b40b80618e-ef1e53bef9d3d7ed52aa.js","size":113940},{"name":"component---src-pages-blog-jakie-funkcje-powinna-miec-nowoczesna-strona-js-a91e1b5e464809fdec3c.js","size":8202}],"filteredAssets":0,"assetsSize":532550,"filteredAuxiliaryAssets":3,"auxiliaryAssetsSize":918661},"component---src-pages-index-js":{"name":"component---src-pages-index-js","assets":[{"name":"styles.135aa608d26eb2da877a.css","size":269412},{"name":"framework-4c9a48b6a0c8be73726d.js","size":140996},{"name":"215edc5694469d2cb468b9d40895c2b40b80618e-ef1e53bef9d3d7ed52aa.js","size":113940},{"name":"c0b03ecfeac71231e378ab5f4a87460e1424d7c4-f7a30e69868db9ce4f7b.js","size":19105},{"name":"component---src-pages-index-js-a8da528cc98d77064e34.js","size":95776}],"filteredAssets":0,"assetsSize":639229,"filteredAuxiliaryAssets":4,"auxiliaryAssetsSize":1049534},"component---src-pages-kontakt-js":{"name":"component---src-pages-kontakt-js","assets":[{"name":"styles.135aa608d26eb2da877a.css","size":269412},{"name":"framework-4c9a48b6a0c8be73726d.js","size":140996},{"name":"7d0bf13e-22a0e63f405793f6edfa.js","size":146931},{"name":"215edc5694469d2cb468b9d40895c2b40b80618e-ef1e53bef9d3d7ed52aa.js","size":113940},{"name":"a36069771c955bb526b9b9d338f4218bb66b6806-2a9dbb3d1143de610ff3.js","size":15696},{"name":"component---src-pages-kontakt-js-23c873544a3fea761c3d.js","size":45439}],"filteredAssets":0,"assetsSize":732414,"filteredAuxiliaryAssets":5,"auxiliaryAssetsSize":1683455},"component---src-pages-polityka-prywatnosci-js":{"name":"component---src-pages-polityka-prywatnosci-js","assets":[{"name":"styles.135aa608d26eb2da877a.css","size":269412},{"name":"framework-4c9a48b6a0c8be73726d.js","size":140996},{"name":"215edc5694469d2cb468b9d40895c2b40b80618e-ef1e53bef9d3d7ed52aa.js","size":113940},{"name":"component---src-pages-polityka-prywatnosci-js-fb0bd577dc1a3334c474.js","size":6620}],"filteredAssets":0,"assetsSize":530968,"filteredAuxiliaryAssets":3,"auxiliaryAssetsSize":913025},"component---src-pages-projektowanie-logo-js":{"name":"component---src-pages-projektowanie-logo-js","assets":[{"name":"styles.135aa608d26eb2da877a.css","size":269412},{"name":"framework-4c9a48b6a0c8be73726d.js","size":140996},{"name":"215edc5694469d2cb468b9d40895c2b40b80618e-ef1e53bef9d3d7ed52aa.js","size":113940},{"name":"a36069771c955bb526b9b9d338f4218bb66b6806-2a9dbb3d1143de610ff3.js","size":15696},{"name":"ac6aa5ad65d35adc8bf4262e472648a55d045570-479696939f7a4a68f078.js","size":24587},{"name":"component---src-pages-projektowanie-logo-js-56410d1611f9c08c15e1.js","size":18148}],"filteredAssets":0,"assetsSize":582779,"filteredAuxiliaryAssets":5,"auxiliaryAssetsSize":1004201},"component---src-pages-sklepy-internetowe-js":{"name":"component---src-pages-sklepy-internetowe-js","assets":[{"name":"styles.135aa608d26eb2da877a.css","size":269412},{"name":"framework-4c9a48b6a0c8be73726d.js","size":140996},{"name":"215edc5694469d2cb468b9d40895c2b40b80618e-ef1e53bef9d3d7ed52aa.js","size":113940},{"name":"a36069771c955bb526b9b9d338f4218bb66b6806-2a9dbb3d1143de610ff3.js","size":15696},{"name":"ac6aa5ad65d35adc8bf4262e472648a55d045570-479696939f7a4a68f078.js","size":24587},{"name":"component---src-pages-sklepy-internetowe-js-c905af820b431aa358a9.js","size":12509}],"filteredAssets":0,"assetsSize":577140,"filteredAuxiliaryAssets":5,"auxiliaryAssetsSize":1002798},"component---src-pages-strony-lms-js":{"name":"component---src-pages-strony-lms-js","assets":[{"name":"styles.135aa608d26eb2da877a.css","size":269412},{"name":"framework-4c9a48b6a0c8be73726d.js","size":140996},{"name":"215edc5694469d2cb468b9d40895c2b40b80618e-ef1e53bef9d3d7ed52aa.js","size":113940},{"name":"a36069771c955bb526b9b9d338f4218bb66b6806-2a9dbb3d1143de610ff3.js","size":15696},{"name":"ac6aa5ad65d35adc8bf4262e472648a55d045570-479696939f7a4a68f078.js","size":24587},{"name":"component---src-pages-strony-lms-js-7afda2492aa28bdee8d2.js","size":12555}],"filteredAssets":0,"assetsSize":577186,"filteredAuxiliaryAssets":5,"auxiliaryAssetsSize":1002873},"component---src-pages-strony-niestandardowe-js":{"name":"component---src-pages-strony-niestandardowe-js","assets":[{"name":"styles.135aa608d26eb2da877a.css","size":269412},{"name":"framework-4c9a48b6a0c8be73726d.js","size":140996},{"name":"215edc5694469d2cb468b9d40895c2b40b80618e-ef1e53bef9d3d7ed52aa.js","size":113940},{"name":"a36069771c955bb526b9b9d338f4218bb66b6806-2a9dbb3d1143de610ff3.js","size":15696},{"name":"ac6aa5ad65d35adc8bf4262e472648a55d045570-479696939f7a4a68f078.js","size":24587},{"name":"component---src-pages-strony-niestandardowe-js-ea18d34086532418488f.js","size":12535}],"filteredAssets":0,"assetsSize":577166,"filteredAuxiliaryAssets":5,"auxiliaryAssetsSize":1002988},"component---src-pages-strony-wordpress-js":{"name":"component---src-pages-strony-wordpress-js","assets":[{"name":"styles.135aa608d26eb2da877a.css","size":269412},{"name":"framework-4c9a48b6a0c8be73726d.js","size":140996},{"name":"215edc5694469d2cb468b9d40895c2b40b80618e-ef1e53bef9d3d7ed52aa.js","size":113940},{"name":"a36069771c955bb526b9b9d338f4218bb66b6806-2a9dbb3d1143de610ff3.js","size":15696},{"name":"ac6aa5ad65d35adc8bf4262e472648a55d045570-479696939f7a4a68f078.js","size":24587},{"name":"component---src-pages-strony-wordpress-js-251229ffca48aaea0f94.js","size":12547}],"filteredAssets":0,"assetsSize":577178,"filteredAuxiliaryAssets":5,"auxiliaryAssetsSize":1002943}},"assetsByChunkName":{"app":["webpack-runtime-06afc37ba7c761d15bbc.js","styles.135aa608d26eb2da877a.css","framework-4c9a48b6a0c8be73726d.js","app-e4ac0e25ef59a8778854.js"],"component---src-pages-404-js":["component---src-pages-404-js-f52d51dd12780ed9f66a.js"],"component---src-pages-aplikacje-webowe-js":["styles.135aa608d26eb2da877a.css","framework-4c9a48b6a0c8be73726d.js","215edc5694469d2cb468b9d40895c2b40b80618e-ef1e53bef9d3d7ed52aa.js","a36069771c955bb526b9b9d338f4218bb66b6806-2a9dbb3d1143de610ff3.js","ac6aa5ad65d35adc8bf4262e472648a55d045570-479696939f7a4a68f078.js","component---src-pages-aplikacje-webowe-js-b99f374fae5c571597b3.js"],"component---src-pages-blog-aplikacje-webowe-vs-strony-internetowe-js":["styles.135aa608d26eb2da877a.css","framework-4c9a48b6a0c8be73726d.js","215edc5694469d2cb468b9d40895c2b40b80618e-ef1e53bef9d3d7ed52aa.js","component---src-pages-blog-aplikacje-webowe-vs-strony-internetowe-js-39ea2712e3869ea6603b.js"],"component---src-pages-blog-cms-vs-strona-pisana-od-podstaw-js":["styles.135aa608d26eb2da877a.css","framework-4c9a48b6a0c8be73726d.js","215edc5694469d2cb468b9d40895c2b40b80618e-ef1e53bef9d3d7ed52aa.js","component---src-pages-blog-cms-vs-strona-pisana-od-podstaw-js-98e3bb53e7ab6e26f757.js"],"component---src-pages-blog-czym-jest-responsywnosc-strony-js":["styles.135aa608d26eb2da877a.css","framework-4c9a48b6a0c8be73726d.js","215edc5694469d2cb468b9d40895c2b40b80618e-ef1e53bef9d3d7ed52aa.js","component---src-pages-blog-czym-jest-responsywnosc-strony-js-67f214f492132a4f4744.js"],"component---src-pages-blog-index-js":["styles.135aa608d26eb2da877a.css","framework-4c9a48b6a0c8be73726d.js","215edc5694469d2cb468b9d40895c2b40b80618e-ef1e53bef9d3d7ed52aa.js","c0b03ecfeac71231e378ab5f4a87460e1424d7c4-f7a30e69868db9ce4f7b.js","component---src-pages-blog-index-js-4fc65511a95c890f205c.js"],"component---src-pages-blog-jak-przebiega-proces-tworzenia-strony-js":["styles.135aa608d26eb2da877a.css","framework-4c9a48b6a0c8be73726d.js","215edc5694469d2cb468b9d40895c2b40b80618e-ef1e53bef9d3d7ed52aa.js","component---src-pages-blog-jak-przebiega-proces-tworzenia-strony-js-4a81d824c3ae77c4ae47.js"],"component---src-pages-blog-jak-wybrac-idealna-strone-js":["styles.135aa608d26eb2da877a.css","framework-4c9a48b6a0c8be73726d.js","215edc5694469d2cb468b9d40895c2b40b80618e-ef1e53bef9d3d7ed52aa.js","component---src-pages-blog-jak-wybrac-idealna-strone-js-cf27ad9a5412e7e8a86e.js"],"component---src-pages-blog-jak-wybrac-najlepszy-hosting-i-domene-js":["styles.135aa608d26eb2da877a.css","framework-4c9a48b6a0c8be73726d.js","215edc5694469d2cb468b9d40895c2b40b80618e-ef1e53bef9d3d7ed52aa.js","component---src-pages-blog-jak-wybrac-najlepszy-hosting-i-domene-js-f8e93c1cc4515278f692.js"],"component---src-pages-blog-jakie-funkcje-powinna-miec-nowoczesna-strona-js":["styles.135aa608d26eb2da877a.css","framework-4c9a48b6a0c8be73726d.js","215edc5694469d2cb468b9d40895c2b40b80618e-ef1e53bef9d3d7ed52aa.js","component---src-pages-blog-jakie-funkcje-powinna-miec-nowoczesna-strona-js-a91e1b5e464809fdec3c.js"],"component---src-pages-index-js":["styles.135aa608d26eb2da877a.css","framework-4c9a48b6a0c8be73726d.js","215edc5694469d2cb468b9d40895c2b40b80618e-ef1e53bef9d3d7ed52aa.js","c0b03ecfeac71231e378ab5f4a87460e1424d7c4-f7a30e69868db9ce4f7b.js","component---src-pages-index-js-a8da528cc98d77064e34.js"],"component---src-pages-kontakt-js":["styles.135aa608d26eb2da877a.css","framework-4c9a48b6a0c8be73726d.js","7d0bf13e-22a0e63f405793f6edfa.js","215edc5694469d2cb468b9d40895c2b40b80618e-ef1e53bef9d3d7ed52aa.js","a36069771c955bb526b9b9d338f4218bb66b6806-2a9dbb3d1143de610ff3.js","component---src-pages-kontakt-js-23c873544a3fea761c3d.js"],"component---src-pages-polityka-prywatnosci-js":["styles.135aa608d26eb2da877a.css","framework-4c9a48b6a0c8be73726d.js","215edc5694469d2cb468b9d40895c2b40b80618e-ef1e53bef9d3d7ed52aa.js","component---src-pages-polityka-prywatnosci-js-fb0bd577dc1a3334c474.js"],"component---src-pages-projektowanie-logo-js":["styles.135aa608d26eb2da877a.css","framework-4c9a48b6a0c8be73726d.js","215edc5694469d2cb468b9d40895c2b40b80618e-ef1e53bef9d3d7ed52aa.js","a36069771c955bb526b9b9d338f4218bb66b6806-2a9dbb3d1143de610ff3.js","ac6aa5ad65d35adc8bf4262e472648a55d045570-479696939f7a4a68f078.js","component---src-pages-projektowanie-logo-js-56410d1611f9c08c15e1.js"],"component---src-pages-sklepy-internetowe-js":["styles.135aa608d26eb2da877a.css","framework-4c9a48b6a0c8be73726d.js","215edc5694469d2cb468b9d40895c2b40b80618e-ef1e53bef9d3d7ed52aa.js","a36069771c955bb526b9b9d338f4218bb66b6806-2a9dbb3d1143de610ff3.js","ac6aa5ad65d35adc8bf4262e472648a55d045570-479696939f7a4a68f078.js","component---src-pages-sklepy-internetowe-js-c905af820b431aa358a9.js"],"component---src-pages-strony-lms-js":["styles.135aa608d26eb2da877a.css","framework-4c9a48b6a0c8be73726d.js","215edc5694469d2cb468b9d40895c2b40b80618e-ef1e53bef9d3d7ed52aa.js","a36069771c955bb526b9b9d338f4218bb66b6806-2a9dbb3d1143de610ff3.js","ac6aa5ad65d35adc8bf4262e472648a55d045570-479696939f7a4a68f078.js","component---src-pages-strony-lms-js-7afda2492aa28bdee8d2.js"],"component---src-pages-strony-niestandardowe-js":["styles.135aa608d26eb2da877a.css","framework-4c9a48b6a0c8be73726d.js","215edc5694469d2cb468b9d40895c2b40b80618e-ef1e53bef9d3d7ed52aa.js","a36069771c955bb526b9b9d338f4218bb66b6806-2a9dbb3d1143de610ff3.js","ac6aa5ad65d35adc8bf4262e472648a55d045570-479696939f7a4a68f078.js","component---src-pages-strony-niestandardowe-js-ea18d34086532418488f.js"],"component---src-pages-strony-wordpress-js":["styles.135aa608d26eb2da877a.css","framework-4c9a48b6a0c8be73726d.js","215edc5694469d2cb468b9d40895c2b40b80618e-ef1e53bef9d3d7ed52aa.js","a36069771c955bb526b9b9d338f4218bb66b6806-2a9dbb3d1143de610ff3.js","ac6aa5ad65d35adc8bf4262e472648a55d045570-479696939f7a4a68f078.js","component---src-pages-strony-wordpress-js-251229ffca48aaea0f94.js"]},"childAssetsByChunkName":{}}