{"name":"build-javascript","namedChunkGroups":{"app":{"name":"app","assets":[{"name":"webpack-runtime-4b59fae67bdd3c94ff62.js","size":6455},{"name":"styles.63b9be4f12dafa82e82f.css","size":54198},{"name":"framework-ea5c5b972f339393ee0c.js","size":140996},{"name":"94726e6d-f5a2d045efd3b15090ca.js","size":52440},{"name":"app-73165d0d5bd4d1aab54b.js","size":200590}],"filteredAssets":0,"assetsSize":454679,"filteredAuxiliaryAssets":4,"auxiliaryAssetsSize":1400049},"component---src-pages-404-js":{"name":"component---src-pages-404-js","assets":[{"name":"component---src-pages-404-js-e13d65541c7c1b6e904b.js","size":791}],"filteredAssets":0,"assetsSize":791,"filteredAuxiliaryAssets":1,"auxiliaryAssetsSize":1976},"component---src-pages-aplikacje-webowe-js":{"name":"component---src-pages-aplikacje-webowe-js","assets":[{"name":"styles.63b9be4f12dafa82e82f.css","size":54198},{"name":"ac6aa5ad65d35adc8bf4262e472648a55d045570-4079ef1cb84c7e025de3.js","size":48419},{"name":"component---src-pages-aplikacje-webowe-js-260d1ff94f52549f7285.js","size":14235}],"filteredAssets":0,"assetsSize":116852,"filteredAuxiliaryAssets":2,"auxiliaryAssetsSize":95558},"component---src-pages-blog-aplikacje-webowe-vs-strony-internetowe-js":{"name":"component---src-pages-blog-aplikacje-webowe-vs-strony-internetowe-js","assets":[{"name":"styles.63b9be4f12dafa82e82f.css","size":54198},{"name":"component---src-pages-blog-aplikacje-webowe-vs-strony-internetowe-js-5bda98cf043bc404d7e7.js","size":6674}],"filteredAssets":0,"assetsSize":60872,"filteredAuxiliaryAssets":1,"auxiliaryAssetsSize":10655},"component---src-pages-blog-cms-vs-strona-pisana-od-podstaw-js":{"name":"component---src-pages-blog-cms-vs-strona-pisana-od-podstaw-js","assets":[{"name":"styles.63b9be4f12dafa82e82f.css","size":54198},{"name":"component---src-pages-blog-cms-vs-strona-pisana-od-podstaw-js-23522041696ba0f74406.js","size":11181}],"filteredAssets":0,"assetsSize":65379,"filteredAuxiliaryAssets":1,"auxiliaryAssetsSize":15494},"component---src-pages-blog-czym-jest-responsywnosc-strony-js":{"name":"component---src-pages-blog-czym-jest-responsywnosc-strony-js","assets":[{"name":"styles.63b9be4f12dafa82e82f.css","size":54198},{"name":"component---src-pages-blog-czym-jest-responsywnosc-strony-js-2ef08ece86352b60da4b.js","size":6323}],"filteredAssets":0,"assetsSize":60521,"filteredAuxiliaryAssets":1,"auxiliaryAssetsSize":10287},"component---src-pages-blog-index-js":{"name":"component---src-pages-blog-index-js","assets":[{"name":"styles.63b9be4f12dafa82e82f.css","size":54198},{"name":"component---src-pages-blog-index-js-825370467a624bec795d.js","size":19001}],"filteredAssets":0,"assetsSize":73199,"filteredAuxiliaryAssets":1,"auxiliaryAssetsSize":14145},"component---src-pages-blog-jak-przebiega-proces-tworzenia-strony-js":{"name":"component---src-pages-blog-jak-przebiega-proces-tworzenia-strony-js","assets":[{"name":"styles.63b9be4f12dafa82e82f.css","size":54198},{"name":"component---src-pages-blog-jak-przebiega-proces-tworzenia-strony-js-8ae24ae301be176cf5c9.js","size":6385}],"filteredAssets":0,"assetsSize":60583,"filteredAuxiliaryAssets":1,"auxiliaryAssetsSize":10389},"component---src-pages-blog-jak-wybrac-idealna-strone-js":{"name":"component---src-pages-blog-jak-wybrac-idealna-strone-js","assets":[{"name":"styles.63b9be4f12dafa82e82f.css","size":54198},{"name":"component---src-pages-blog-jak-wybrac-idealna-strone-js-e7af6b7f63d08934325b.js","size":9797}],"filteredAssets":0,"assetsSize":63995,"filteredAuxiliaryAssets":1,"auxiliaryAssetsSize":15114},"component---src-pages-blog-jak-wybrac-najlepszy-hosting-i-domene-js":{"name":"component---src-pages-blog-jak-wybrac-najlepszy-hosting-i-domene-js","assets":[{"name":"styles.63b9be4f12dafa82e82f.css","size":54198},{"name":"component---src-pages-blog-jak-wybrac-najlepszy-hosting-i-domene-js-9d3d8d0793e8506ec822.js","size":7131}],"filteredAssets":0,"assetsSize":61329,"filteredAuxiliaryAssets":1,"auxiliaryAssetsSize":11990},"component---src-pages-blog-jakie-funkcje-powinna-miec-nowoczesna-strona-js":{"name":"component---src-pages-blog-jakie-funkcje-powinna-miec-nowoczesna-strona-js","assets":[{"name":"styles.63b9be4f12dafa82e82f.css","size":54198},{"name":"component---src-pages-blog-jakie-funkcje-powinna-miec-nowoczesna-strona-js-12dae5058b1d1ba4f2cd.js","size":8669}],"filteredAssets":0,"assetsSize":62867,"filteredAuxiliaryAssets":1,"auxiliaryAssetsSize":13392},"component---src-pages-formularz-szybkiej-wyceny-js":{"name":"component---src-pages-formularz-szybkiej-wyceny-js","assets":[{"name":"styles.63b9be4f12dafa82e82f.css","size":54198},{"name":"ee6ad327328575b986aa81d922a943f6f0da9c1c-0668fa8072d7622f2376.js","size":36312},{"name":"component---src-pages-formularz-szybkiej-wyceny-js-5019b086f69c9b0bd442.js","size":46403}],"filteredAssets":0,"assetsSize":136913,"filteredAuxiliaryAssets":2,"auxiliaryAssetsSize":277449},"component---src-pages-index-js":{"name":"component---src-pages-index-js","assets":[{"name":"styles.63b9be4f12dafa82e82f.css","size":54198},{"name":"framework-ea5c5b972f339393ee0c.js","size":140996},{"name":"component---src-pages-index-js-7710291f24c46d3e598e.js","size":124390}],"filteredAssets":0,"assetsSize":319584,"filteredAuxiliaryAssets":2,"auxiliaryAssetsSize":996830},"component---src-pages-kontakt-js":{"name":"component---src-pages-kontakt-js","assets":[{"name":"styles.63b9be4f12dafa82e82f.css","size":54198},{"name":"framework-ea5c5b972f339393ee0c.js","size":140996},{"name":"7d0bf13e-e9a5495fa81020ea8927.js","size":146921},{"name":"ee6ad327328575b986aa81d922a943f6f0da9c1c-0668fa8072d7622f2376.js","size":36312},{"name":"component---src-pages-kontakt-js-8e90d17c9f0e533310cd.js","size":10900}],"filteredAssets":0,"assetsSize":389327,"filteredAuxiliaryAssets":4,"auxiliaryAssetsSize":1071704},"component---src-pages-polityka-prywatnosci-js":{"name":"component---src-pages-polityka-prywatnosci-js","assets":[{"name":"styles.63b9be4f12dafa82e82f.css","size":54198},{"name":"component---src-pages-polityka-prywatnosci-js-e6dc55d506854f58975b.js","size":8633}],"filteredAssets":0,"assetsSize":62831,"filteredAuxiliaryAssets":1,"auxiliaryAssetsSize":13395},"component---src-pages-projektowanie-logo-js":{"name":"component---src-pages-projektowanie-logo-js","assets":[{"name":"styles.63b9be4f12dafa82e82f.css","size":54198},{"name":"ac6aa5ad65d35adc8bf4262e472648a55d045570-4079ef1cb84c7e025de3.js","size":48419},{"name":"component---src-pages-projektowanie-logo-js-64a0033f1685e3cc044e.js","size":19215}],"filteredAssets":0,"assetsSize":121832,"filteredAuxiliaryAssets":2,"auxiliaryAssetsSize":93646},"component---src-pages-sklepy-internetowe-js":{"name":"component---src-pages-sklepy-internetowe-js","assets":[{"name":"styles.63b9be4f12dafa82e82f.css","size":54198},{"name":"ac6aa5ad65d35adc8bf4262e472648a55d045570-4079ef1cb84c7e025de3.js","size":48419},{"name":"component---src-pages-sklepy-internetowe-js-3e1bf0f83b436bc0a861.js","size":17759}],"filteredAssets":0,"assetsSize":120376,"filteredAuxiliaryAssets":2,"auxiliaryAssetsSize":98104},"component---src-pages-strony-internetowe-index-js":{"name":"component---src-pages-strony-internetowe-index-js","assets":[{"name":"styles.63b9be4f12dafa82e82f.css","size":54198},{"name":"component---src-pages-strony-internetowe-index-js-6a7d1f9f053956255c24.js","size":5883}],"filteredAssets":0,"assetsSize":60081,"filteredAuxiliaryAssets":1,"auxiliaryAssetsSize":11349},"component---src-pages-strony-internetowe-katowice-js":{"name":"component---src-pages-strony-internetowe-katowice-js","assets":[{"name":"styles.63b9be4f12dafa82e82f.css","size":54198},{"name":"658f7a637c7b843d8752de1cdc9f9b4640b8fcb5-5579180f91bf6ed57cd1.js","size":32369},{"name":"83739b60fec679987bdbbec90b5b1442f2697af1-22b577f3c2e0b5c32978.js","size":145661},{"name":"component---src-pages-strony-internetowe-katowice-js-4aabe183e19e9f6ea20a.js","size":4667}],"filteredAssets":0,"assetsSize":236895,"filteredAuxiliaryAssets":3,"auxiliaryAssetsSize":259467},"component---src-pages-strony-internetowe-krakow-js":{"name":"component---src-pages-strony-internetowe-krakow-js","assets":[{"name":"styles.63b9be4f12dafa82e82f.css","size":54198},{"name":"658f7a637c7b843d8752de1cdc9f9b4640b8fcb5-5579180f91bf6ed57cd1.js","size":32369},{"name":"83739b60fec679987bdbbec90b5b1442f2697af1-22b577f3c2e0b5c32978.js","size":145661},{"name":"component---src-pages-strony-internetowe-krakow-js-f9afac90336d343dc1ad.js","size":4728}],"filteredAssets":0,"assetsSize":236956,"filteredAuxiliaryAssets":3,"auxiliaryAssetsSize":259393},"component---src-pages-strony-internetowe-warszawa-js":{"name":"component---src-pages-strony-internetowe-warszawa-js","assets":[{"name":"styles.63b9be4f12dafa82e82f.css","size":54198},{"name":"658f7a637c7b843d8752de1cdc9f9b4640b8fcb5-5579180f91bf6ed57cd1.js","size":32369},{"name":"83739b60fec679987bdbbec90b5b1442f2697af1-22b577f3c2e0b5c32978.js","size":145661},{"name":"component---src-pages-strony-internetowe-warszawa-js-732a1a446ba32c2617f7.js","size":4881}],"filteredAssets":0,"assetsSize":237109,"filteredAuxiliaryAssets":3,"auxiliaryAssetsSize":259687},"component---src-pages-strony-internetowe-wroclaw-js":{"name":"component---src-pages-strony-internetowe-wroclaw-js","assets":[{"name":"styles.63b9be4f12dafa82e82f.css","size":54198},{"name":"658f7a637c7b843d8752de1cdc9f9b4640b8fcb5-5579180f91bf6ed57cd1.js","size":32369},{"name":"83739b60fec679987bdbbec90b5b1442f2697af1-22b577f3c2e0b5c32978.js","size":145661},{"name":"component---src-pages-strony-internetowe-wroclaw-js-3824e37ec2a13e41deff.js","size":4926}],"filteredAssets":0,"assetsSize":237154,"filteredAuxiliaryAssets":3,"auxiliaryAssetsSize":259675},"component---src-pages-strony-lms-js":{"name":"component---src-pages-strony-lms-js","assets":[{"name":"styles.63b9be4f12dafa82e82f.css","size":54198},{"name":"ac6aa5ad65d35adc8bf4262e472648a55d045570-4079ef1cb84c7e025de3.js","size":48419},{"name":"component---src-pages-strony-lms-js-7baf4fa0bf07d826978e.js","size":14293}],"filteredAssets":0,"assetsSize":116910,"filteredAuxiliaryAssets":2,"auxiliaryAssetsSize":95529},"component---src-pages-strony-niestandardowe-js":{"name":"component---src-pages-strony-niestandardowe-js","assets":[{"name":"styles.63b9be4f12dafa82e82f.css","size":54198},{"name":"ac6aa5ad65d35adc8bf4262e472648a55d045570-4079ef1cb84c7e025de3.js","size":48419},{"name":"component---src-pages-strony-niestandardowe-js-9328e4b2ee265863b398.js","size":14268}],"filteredAssets":0,"assetsSize":116885,"filteredAuxiliaryAssets":2,"auxiliaryAssetsSize":95641},"component---src-pages-strony-wordpress-js":{"name":"component---src-pages-strony-wordpress-js","assets":[{"name":"styles.63b9be4f12dafa82e82f.css","size":54198},{"name":"ac6aa5ad65d35adc8bf4262e472648a55d045570-4079ef1cb84c7e025de3.js","size":48419},{"name":"component---src-pages-strony-wordpress-js-0c9a4884eaddaac56d0a.js","size":14285}],"filteredAssets":0,"assetsSize":116902,"filteredAuxiliaryAssets":2,"auxiliaryAssetsSize":95668}},"assetsByChunkName":{"app":["webpack-runtime-4b59fae67bdd3c94ff62.js","styles.63b9be4f12dafa82e82f.css","framework-ea5c5b972f339393ee0c.js","94726e6d-f5a2d045efd3b15090ca.js","app-73165d0d5bd4d1aab54b.js"],"component---src-pages-404-js":["component---src-pages-404-js-e13d65541c7c1b6e904b.js"],"component---src-pages-aplikacje-webowe-js":["styles.63b9be4f12dafa82e82f.css","ac6aa5ad65d35adc8bf4262e472648a55d045570-4079ef1cb84c7e025de3.js","component---src-pages-aplikacje-webowe-js-260d1ff94f52549f7285.js"],"component---src-pages-blog-aplikacje-webowe-vs-strony-internetowe-js":["styles.63b9be4f12dafa82e82f.css","component---src-pages-blog-aplikacje-webowe-vs-strony-internetowe-js-5bda98cf043bc404d7e7.js"],"component---src-pages-blog-cms-vs-strona-pisana-od-podstaw-js":["styles.63b9be4f12dafa82e82f.css","component---src-pages-blog-cms-vs-strona-pisana-od-podstaw-js-23522041696ba0f74406.js"],"component---src-pages-blog-czym-jest-responsywnosc-strony-js":["styles.63b9be4f12dafa82e82f.css","component---src-pages-blog-czym-jest-responsywnosc-strony-js-2ef08ece86352b60da4b.js"],"component---src-pages-blog-index-js":["styles.63b9be4f12dafa82e82f.css","component---src-pages-blog-index-js-825370467a624bec795d.js"],"component---src-pages-blog-jak-przebiega-proces-tworzenia-strony-js":["styles.63b9be4f12dafa82e82f.css","component---src-pages-blog-jak-przebiega-proces-tworzenia-strony-js-8ae24ae301be176cf5c9.js"],"component---src-pages-blog-jak-wybrac-idealna-strone-js":["styles.63b9be4f12dafa82e82f.css","component---src-pages-blog-jak-wybrac-idealna-strone-js-e7af6b7f63d08934325b.js"],"component---src-pages-blog-jak-wybrac-najlepszy-hosting-i-domene-js":["styles.63b9be4f12dafa82e82f.css","component---src-pages-blog-jak-wybrac-najlepszy-hosting-i-domene-js-9d3d8d0793e8506ec822.js"],"component---src-pages-blog-jakie-funkcje-powinna-miec-nowoczesna-strona-js":["styles.63b9be4f12dafa82e82f.css","component---src-pages-blog-jakie-funkcje-powinna-miec-nowoczesna-strona-js-12dae5058b1d1ba4f2cd.js"],"component---src-pages-formularz-szybkiej-wyceny-js":["styles.63b9be4f12dafa82e82f.css","ee6ad327328575b986aa81d922a943f6f0da9c1c-0668fa8072d7622f2376.js","component---src-pages-formularz-szybkiej-wyceny-js-5019b086f69c9b0bd442.js"],"component---src-pages-index-js":["styles.63b9be4f12dafa82e82f.css","framework-ea5c5b972f339393ee0c.js","component---src-pages-index-js-7710291f24c46d3e598e.js"],"component---src-pages-kontakt-js":["styles.63b9be4f12dafa82e82f.css","framework-ea5c5b972f339393ee0c.js","7d0bf13e-e9a5495fa81020ea8927.js","ee6ad327328575b986aa81d922a943f6f0da9c1c-0668fa8072d7622f2376.js","component---src-pages-kontakt-js-8e90d17c9f0e533310cd.js"],"component---src-pages-polityka-prywatnosci-js":["styles.63b9be4f12dafa82e82f.css","component---src-pages-polityka-prywatnosci-js-e6dc55d506854f58975b.js"],"component---src-pages-projektowanie-logo-js":["styles.63b9be4f12dafa82e82f.css","ac6aa5ad65d35adc8bf4262e472648a55d045570-4079ef1cb84c7e025de3.js","component---src-pages-projektowanie-logo-js-64a0033f1685e3cc044e.js"],"component---src-pages-sklepy-internetowe-js":["styles.63b9be4f12dafa82e82f.css","ac6aa5ad65d35adc8bf4262e472648a55d045570-4079ef1cb84c7e025de3.js","component---src-pages-sklepy-internetowe-js-3e1bf0f83b436bc0a861.js"],"component---src-pages-strony-internetowe-index-js":["styles.63b9be4f12dafa82e82f.css","component---src-pages-strony-internetowe-index-js-6a7d1f9f053956255c24.js"],"component---src-pages-strony-internetowe-katowice-js":["styles.63b9be4f12dafa82e82f.css","658f7a637c7b843d8752de1cdc9f9b4640b8fcb5-5579180f91bf6ed57cd1.js","83739b60fec679987bdbbec90b5b1442f2697af1-22b577f3c2e0b5c32978.js","component---src-pages-strony-internetowe-katowice-js-4aabe183e19e9f6ea20a.js"],"component---src-pages-strony-internetowe-krakow-js":["styles.63b9be4f12dafa82e82f.css","658f7a637c7b843d8752de1cdc9f9b4640b8fcb5-5579180f91bf6ed57cd1.js","83739b60fec679987bdbbec90b5b1442f2697af1-22b577f3c2e0b5c32978.js","component---src-pages-strony-internetowe-krakow-js-f9afac90336d343dc1ad.js"],"component---src-pages-strony-internetowe-warszawa-js":["styles.63b9be4f12dafa82e82f.css","658f7a637c7b843d8752de1cdc9f9b4640b8fcb5-5579180f91bf6ed57cd1.js","83739b60fec679987bdbbec90b5b1442f2697af1-22b577f3c2e0b5c32978.js","component---src-pages-strony-internetowe-warszawa-js-732a1a446ba32c2617f7.js"],"component---src-pages-strony-internetowe-wroclaw-js":["styles.63b9be4f12dafa82e82f.css","658f7a637c7b843d8752de1cdc9f9b4640b8fcb5-5579180f91bf6ed57cd1.js","83739b60fec679987bdbbec90b5b1442f2697af1-22b577f3c2e0b5c32978.js","component---src-pages-strony-internetowe-wroclaw-js-3824e37ec2a13e41deff.js"],"component---src-pages-strony-lms-js":["styles.63b9be4f12dafa82e82f.css","ac6aa5ad65d35adc8bf4262e472648a55d045570-4079ef1cb84c7e025de3.js","component---src-pages-strony-lms-js-7baf4fa0bf07d826978e.js"],"component---src-pages-strony-niestandardowe-js":["styles.63b9be4f12dafa82e82f.css","ac6aa5ad65d35adc8bf4262e472648a55d045570-4079ef1cb84c7e025de3.js","component---src-pages-strony-niestandardowe-js-9328e4b2ee265863b398.js"],"component---src-pages-strony-wordpress-js":["styles.63b9be4f12dafa82e82f.css","ac6aa5ad65d35adc8bf4262e472648a55d045570-4079ef1cb84c7e025de3.js","component---src-pages-strony-wordpress-js-0c9a4884eaddaac56d0a.js"]},"childAssetsByChunkName":{}}