{"name":"build-javascript","namedChunkGroups":{"app":{"name":"app","assets":[{"name":"webpack-runtime-354da2a8c2bc852fde94.js","size":6633},{"name":"styles.d4ff76ee22af6057bd0b.css","size":66658},{"name":"framework-2e11ba2ec88a39210bca.js","size":140997},{"name":"94726e6d-f2ba9347bfcd6c2774d9.js","size":52441},{"name":"app-f53379487352e555d71a.js","size":205542}],"filteredAssets":0,"assetsSize":472271,"filteredAuxiliaryAssets":4,"auxiliaryAssetsSize":1413609},"component---src-pages-404-js":{"name":"component---src-pages-404-js","assets":[{"name":"component---src-pages-404-js-01729e114511783abb6c.js","size":792}],"filteredAssets":0,"assetsSize":792,"filteredAuxiliaryAssets":1,"auxiliaryAssetsSize":1976},"component---src-pages-aplikacje-webowe-js":{"name":"component---src-pages-aplikacje-webowe-js","assets":[{"name":"styles.d4ff76ee22af6057bd0b.css","size":66658},{"name":"framework-2e11ba2ec88a39210bca.js","size":140997},{"name":"8f6a41270034cb1b0d7d627b8cd6d3f4a0b0aacc-48fb156870b2b7c1110f.js","size":120775},{"name":"ac6aa5ad65d35adc8bf4262e472648a55d045570-24a36bd8c71b5a63421f.js","size":76204},{"name":"b8f6b84888faf2febe88f903141e64d2f13750e9-e774431ab55efa2e9f1f.js","size":29578},{"name":"component---src-pages-aplikacje-webowe-js-f18a03687133bd8175b8.js","size":2939}],"filteredAssets":0,"assetsSize":437151,"filteredAuxiliaryAssets":5,"auxiliaryAssetsSize":1212657},"component---src-pages-blog-aplikacje-webowe-vs-strony-internetowe-js":{"name":"component---src-pages-blog-aplikacje-webowe-vs-strony-internetowe-js","assets":[{"name":"styles.d4ff76ee22af6057bd0b.css","size":66658},{"name":"framework-2e11ba2ec88a39210bca.js","size":140997},{"name":"8f6a41270034cb1b0d7d627b8cd6d3f4a0b0aacc-48fb156870b2b7c1110f.js","size":120775},{"name":"component---src-pages-blog-aplikacje-webowe-vs-strony-internetowe-js-70c72182b500c9081c82.js","size":6242}],"filteredAssets":0,"assetsSize":334672,"filteredAuxiliaryAssets":3,"auxiliaryAssetsSize":1015648},"component---src-pages-blog-cms-vs-strona-pisana-od-podstaw-js":{"name":"component---src-pages-blog-cms-vs-strona-pisana-od-podstaw-js","assets":[{"name":"styles.d4ff76ee22af6057bd0b.css","size":66658},{"name":"framework-2e11ba2ec88a39210bca.js","size":140997},{"name":"8f6a41270034cb1b0d7d627b8cd6d3f4a0b0aacc-48fb156870b2b7c1110f.js","size":120775},{"name":"component---src-pages-blog-cms-vs-strona-pisana-od-podstaw-js-e4fe242a004d80244f73.js","size":10741}],"filteredAssets":0,"assetsSize":339171,"filteredAuxiliaryAssets":3,"auxiliaryAssetsSize":1020479},"component---src-pages-blog-czym-jest-responsywnosc-strony-js":{"name":"component---src-pages-blog-czym-jest-responsywnosc-strony-js","assets":[{"name":"styles.d4ff76ee22af6057bd0b.css","size":66658},{"name":"framework-2e11ba2ec88a39210bca.js","size":140997},{"name":"8f6a41270034cb1b0d7d627b8cd6d3f4a0b0aacc-48fb156870b2b7c1110f.js","size":120775},{"name":"component---src-pages-blog-czym-jest-responsywnosc-strony-js-bbfaac925055eedf37f5.js","size":5912}],"filteredAssets":0,"assetsSize":334342,"filteredAuxiliaryAssets":3,"auxiliaryAssetsSize":1015317},"component---src-pages-blog-index-js":{"name":"component---src-pages-blog-index-js","assets":[{"name":"styles.d4ff76ee22af6057bd0b.css","size":66658},{"name":"framework-2e11ba2ec88a39210bca.js","size":140997},{"name":"8f6a41270034cb1b0d7d627b8cd6d3f4a0b0aacc-48fb156870b2b7c1110f.js","size":120775},{"name":"component---src-pages-blog-index-js-cba5123c166eb57dc4b2.js","size":18562}],"filteredAssets":0,"assetsSize":346992,"filteredAuxiliaryAssets":3,"auxiliaryAssetsSize":1019233},"component---src-pages-blog-jak-przebiega-proces-tworzenia-strony-js":{"name":"component---src-pages-blog-jak-przebiega-proces-tworzenia-strony-js","assets":[{"name":"styles.d4ff76ee22af6057bd0b.css","size":66658},{"name":"framework-2e11ba2ec88a39210bca.js","size":140997},{"name":"8f6a41270034cb1b0d7d627b8cd6d3f4a0b0aacc-48fb156870b2b7c1110f.js","size":120775},{"name":"component---src-pages-blog-jak-przebiega-proces-tworzenia-strony-js-f59e75a58736f408fcec.js","size":5965}],"filteredAssets":0,"assetsSize":334395,"filteredAuxiliaryAssets":3,"auxiliaryAssetsSize":1015392},"component---src-pages-blog-jak-wybrac-idealna-strone-js":{"name":"component---src-pages-blog-jak-wybrac-idealna-strone-js","assets":[{"name":"styles.d4ff76ee22af6057bd0b.css","size":66658},{"name":"framework-2e11ba2ec88a39210bca.js","size":140997},{"name":"8f6a41270034cb1b0d7d627b8cd6d3f4a0b0aacc-48fb156870b2b7c1110f.js","size":120775},{"name":"component---src-pages-blog-jak-wybrac-idealna-strone-js-3d4e0922764a80178d2c.js","size":9368}],"filteredAssets":0,"assetsSize":337798,"filteredAuxiliaryAssets":3,"auxiliaryAssetsSize":1020119},"component---src-pages-blog-jak-wybrac-najlepszy-hosting-i-domene-js":{"name":"component---src-pages-blog-jak-wybrac-najlepszy-hosting-i-domene-js","assets":[{"name":"styles.d4ff76ee22af6057bd0b.css","size":66658},{"name":"framework-2e11ba2ec88a39210bca.js","size":140997},{"name":"8f6a41270034cb1b0d7d627b8cd6d3f4a0b0aacc-48fb156870b2b7c1110f.js","size":120775},{"name":"component---src-pages-blog-jak-wybrac-najlepszy-hosting-i-domene-js-e760d3084e7f01287554.js","size":6700}],"filteredAssets":0,"assetsSize":335130,"filteredAuxiliaryAssets":3,"auxiliaryAssetsSize":1016986},"component---src-pages-blog-jakie-funkcje-powinna-miec-nowoczesna-strona-js":{"name":"component---src-pages-blog-jakie-funkcje-powinna-miec-nowoczesna-strona-js","assets":[{"name":"styles.d4ff76ee22af6057bd0b.css","size":66658},{"name":"framework-2e11ba2ec88a39210bca.js","size":140997},{"name":"8f6a41270034cb1b0d7d627b8cd6d3f4a0b0aacc-48fb156870b2b7c1110f.js","size":120775},{"name":"component---src-pages-blog-jakie-funkcje-powinna-miec-nowoczesna-strona-js-429c1a05f1ed442f7817.js","size":8256}],"filteredAssets":0,"assetsSize":336686,"filteredAuxiliaryAssets":3,"auxiliaryAssetsSize":1018402},"component---src-pages-formularz-szybkiej-wyceny-js":{"name":"component---src-pages-formularz-szybkiej-wyceny-js","assets":[{"name":"styles.d4ff76ee22af6057bd0b.css","size":66658},{"name":"framework-2e11ba2ec88a39210bca.js","size":140997},{"name":"8f6a41270034cb1b0d7d627b8cd6d3f4a0b0aacc-48fb156870b2b7c1110f.js","size":120775},{"name":"ee6ad327328575b986aa81d922a943f6f0da9c1c-9a94e19f0ab5299d607d.js","size":35758},{"name":"component---src-pages-formularz-szybkiej-wyceny-js-92be70b55debce4bd862.js","size":46545}],"filteredAssets":0,"assetsSize":410733,"filteredAuxiliaryAssets":4,"auxiliaryAssetsSize":1282549},"component---src-pages-index-js":{"name":"component---src-pages-index-js","assets":[{"name":"styles.d4ff76ee22af6057bd0b.css","size":66658},{"name":"framework-2e11ba2ec88a39210bca.js","size":140997},{"name":"8f6a41270034cb1b0d7d627b8cd6d3f4a0b0aacc-48fb156870b2b7c1110f.js","size":120775},{"name":"component---src-pages-index-js-52879066ff0a6a5846e7.js","size":19086}],"filteredAssets":0,"assetsSize":347516,"filteredAuxiliaryAssets":3,"auxiliaryAssetsSize":1032694},"component---src-pages-kontakt-js":{"name":"component---src-pages-kontakt-js","assets":[{"name":"styles.d4ff76ee22af6057bd0b.css","size":66658},{"name":"framework-2e11ba2ec88a39210bca.js","size":140997},{"name":"7d0bf13e-113b26baaf995bec0e14.js","size":146922},{"name":"8f6a41270034cb1b0d7d627b8cd6d3f4a0b0aacc-48fb156870b2b7c1110f.js","size":120775},{"name":"ee6ad327328575b986aa81d922a943f6f0da9c1c-9a94e19f0ab5299d607d.js","size":35758},{"name":"component---src-pages-kontakt-js-b59a215406db46c9960a.js","size":17998}],"filteredAssets":0,"assetsSize":529108,"filteredAuxiliaryAssets":5,"auxiliaryAssetsSize":1730721},"component---src-pages-polityka-prywatnosci-js":{"name":"component---src-pages-polityka-prywatnosci-js","assets":[{"name":"styles.d4ff76ee22af6057bd0b.css","size":66658},{"name":"framework-2e11ba2ec88a39210bca.js","size":140997},{"name":"8f6a41270034cb1b0d7d627b8cd6d3f4a0b0aacc-48fb156870b2b7c1110f.js","size":120775},{"name":"component---src-pages-polityka-prywatnosci-js-de2fb31fee60a1835829.js","size":8183}],"filteredAssets":0,"assetsSize":336613,"filteredAuxiliaryAssets":3,"auxiliaryAssetsSize":1018321},"component---src-pages-projektowanie-logo-js":{"name":"component---src-pages-projektowanie-logo-js","assets":[{"name":"styles.d4ff76ee22af6057bd0b.css","size":66658},{"name":"framework-2e11ba2ec88a39210bca.js","size":140997},{"name":"8f6a41270034cb1b0d7d627b8cd6d3f4a0b0aacc-48fb156870b2b7c1110f.js","size":120775},{"name":"ac6aa5ad65d35adc8bf4262e472648a55d045570-24a36bd8c71b5a63421f.js","size":76204},{"name":"component---src-pages-projektowanie-logo-js-3228023ef4313eac2c49.js","size":17393}],"filteredAssets":0,"assetsSize":422027,"filteredAuxiliaryAssets":4,"auxiliaryAssetsSize":1155759},"component---src-pages-sklepy-internetowe-js":{"name":"component---src-pages-sklepy-internetowe-js","assets":[{"name":"styles.d4ff76ee22af6057bd0b.css","size":66658},{"name":"framework-2e11ba2ec88a39210bca.js","size":140997},{"name":"8f6a41270034cb1b0d7d627b8cd6d3f4a0b0aacc-48fb156870b2b7c1110f.js","size":120775},{"name":"ac6aa5ad65d35adc8bf4262e472648a55d045570-24a36bd8c71b5a63421f.js","size":76204},{"name":"b8f6b84888faf2febe88f903141e64d2f13750e9-e774431ab55efa2e9f1f.js","size":29578},{"name":"component---src-pages-sklepy-internetowe-js-90cfc24cee01085998ea.js","size":6507}],"filteredAssets":0,"assetsSize":440719,"filteredAuxiliaryAssets":5,"auxiliaryAssetsSize":1215382},"component---src-pages-strony-internetowe-index-js":{"name":"component---src-pages-strony-internetowe-index-js","assets":[{"name":"styles.d4ff76ee22af6057bd0b.css","size":66658},{"name":"framework-2e11ba2ec88a39210bca.js","size":140997},{"name":"8f6a41270034cb1b0d7d627b8cd6d3f4a0b0aacc-48fb156870b2b7c1110f.js","size":120775},{"name":"component---src-pages-strony-internetowe-index-js-3a63027e183bb39bd966.js","size":5430}],"filteredAssets":0,"assetsSize":333860,"filteredAuxiliaryAssets":3,"auxiliaryAssetsSize":1016355},"component---src-pages-strony-internetowe-katowice-js":{"name":"component---src-pages-strony-internetowe-katowice-js","assets":[{"name":"styles.d4ff76ee22af6057bd0b.css","size":66658},{"name":"framework-2e11ba2ec88a39210bca.js","size":140997},{"name":"8f6a41270034cb1b0d7d627b8cd6d3f4a0b0aacc-48fb156870b2b7c1110f.js","size":120775},{"name":"658f7a637c7b843d8752de1cdc9f9b4640b8fcb5-5579180f91bf6ed57cd1.js","size":32369},{"name":"83739b60fec679987bdbbec90b5b1442f2697af1-354831155b62650b479a.js","size":142492},{"name":"component---src-pages-strony-internetowe-katowice-js-a15ed25392b801a1425e.js","size":4778}],"filteredAssets":0,"assetsSize":508069,"filteredAuxiliaryAssets":5,"auxiliaryAssetsSize":1264436},"component---src-pages-strony-internetowe-krakow-js":{"name":"component---src-pages-strony-internetowe-krakow-js","assets":[{"name":"styles.d4ff76ee22af6057bd0b.css","size":66658},{"name":"framework-2e11ba2ec88a39210bca.js","size":140997},{"name":"8f6a41270034cb1b0d7d627b8cd6d3f4a0b0aacc-48fb156870b2b7c1110f.js","size":120775},{"name":"658f7a637c7b843d8752de1cdc9f9b4640b8fcb5-5579180f91bf6ed57cd1.js","size":32369},{"name":"83739b60fec679987bdbbec90b5b1442f2697af1-354831155b62650b479a.js","size":142492},{"name":"component---src-pages-strony-internetowe-krakow-js-3f54f0bd8684d2410c38.js","size":4838}],"filteredAssets":0,"assetsSize":508129,"filteredAuxiliaryAssets":5,"auxiliaryAssetsSize":1264369},"component---src-pages-strony-internetowe-warszawa-js":{"name":"component---src-pages-strony-internetowe-warszawa-js","assets":[{"name":"styles.d4ff76ee22af6057bd0b.css","size":66658},{"name":"framework-2e11ba2ec88a39210bca.js","size":140997},{"name":"8f6a41270034cb1b0d7d627b8cd6d3f4a0b0aacc-48fb156870b2b7c1110f.js","size":120775},{"name":"658f7a637c7b843d8752de1cdc9f9b4640b8fcb5-5579180f91bf6ed57cd1.js","size":32369},{"name":"83739b60fec679987bdbbec90b5b1442f2697af1-354831155b62650b479a.js","size":142492},{"name":"component---src-pages-strony-internetowe-warszawa-js-557fffe50e5dbfc0d05d.js","size":4992}],"filteredAssets":0,"assetsSize":508283,"filteredAuxiliaryAssets":5,"auxiliaryAssetsSize":1264664},"component---src-pages-strony-internetowe-wroclaw-js":{"name":"component---src-pages-strony-internetowe-wroclaw-js","assets":[{"name":"styles.d4ff76ee22af6057bd0b.css","size":66658},{"name":"framework-2e11ba2ec88a39210bca.js","size":140997},{"name":"8f6a41270034cb1b0d7d627b8cd6d3f4a0b0aacc-48fb156870b2b7c1110f.js","size":120775},{"name":"658f7a637c7b843d8752de1cdc9f9b4640b8fcb5-5579180f91bf6ed57cd1.js","size":32369},{"name":"83739b60fec679987bdbbec90b5b1442f2697af1-354831155b62650b479a.js","size":142492},{"name":"component---src-pages-strony-internetowe-wroclaw-js-9dfe811692fc9dcc0d49.js","size":5037}],"filteredAssets":0,"assetsSize":508328,"filteredAuxiliaryAssets":5,"auxiliaryAssetsSize":1264652},"component---src-pages-strony-lms-js":{"name":"component---src-pages-strony-lms-js","assets":[{"name":"styles.d4ff76ee22af6057bd0b.css","size":66658},{"name":"framework-2e11ba2ec88a39210bca.js","size":140997},{"name":"8f6a41270034cb1b0d7d627b8cd6d3f4a0b0aacc-48fb156870b2b7c1110f.js","size":120775},{"name":"ac6aa5ad65d35adc8bf4262e472648a55d045570-24a36bd8c71b5a63421f.js","size":76204},{"name":"b8f6b84888faf2febe88f903141e64d2f13750e9-e774431ab55efa2e9f1f.js","size":29578},{"name":"component---src-pages-strony-lms-js-69b03fbf6cc15b40a1fc.js","size":2988}],"filteredAssets":0,"assetsSize":437200,"filteredAuxiliaryAssets":5,"auxiliaryAssetsSize":1212602},"component---src-pages-strony-niestandardowe-js":{"name":"component---src-pages-strony-niestandardowe-js","assets":[{"name":"styles.d4ff76ee22af6057bd0b.css","size":66658},{"name":"framework-2e11ba2ec88a39210bca.js","size":140997},{"name":"8f6a41270034cb1b0d7d627b8cd6d3f4a0b0aacc-48fb156870b2b7c1110f.js","size":120775},{"name":"ac6aa5ad65d35adc8bf4262e472648a55d045570-24a36bd8c71b5a63421f.js","size":76204},{"name":"b8f6b84888faf2febe88f903141e64d2f13750e9-e774431ab55efa2e9f1f.js","size":29578},{"name":"component---src-pages-strony-niestandardowe-js-fb30d7dd128429133edf.js","size":2972}],"filteredAssets":0,"assetsSize":437184,"filteredAuxiliaryAssets":5,"auxiliaryAssetsSize":1212714},"component---src-pages-strony-wordpress-js":{"name":"component---src-pages-strony-wordpress-js","assets":[{"name":"styles.d4ff76ee22af6057bd0b.css","size":66658},{"name":"framework-2e11ba2ec88a39210bca.js","size":140997},{"name":"8f6a41270034cb1b0d7d627b8cd6d3f4a0b0aacc-48fb156870b2b7c1110f.js","size":120775},{"name":"ac6aa5ad65d35adc8bf4262e472648a55d045570-24a36bd8c71b5a63421f.js","size":76204},{"name":"b8f6b84888faf2febe88f903141e64d2f13750e9-e774431ab55efa2e9f1f.js","size":29578},{"name":"component---src-pages-strony-wordpress-js-bb166531643dadf8df99.js","size":2992}],"filteredAssets":0,"assetsSize":437204,"filteredAuxiliaryAssets":5,"auxiliaryAssetsSize":1212732}},"assetsByChunkName":{"app":["webpack-runtime-354da2a8c2bc852fde94.js","styles.d4ff76ee22af6057bd0b.css","framework-2e11ba2ec88a39210bca.js","94726e6d-f2ba9347bfcd6c2774d9.js","app-f53379487352e555d71a.js"],"component---src-pages-404-js":["component---src-pages-404-js-01729e114511783abb6c.js"],"component---src-pages-aplikacje-webowe-js":["styles.d4ff76ee22af6057bd0b.css","framework-2e11ba2ec88a39210bca.js","8f6a41270034cb1b0d7d627b8cd6d3f4a0b0aacc-48fb156870b2b7c1110f.js","ac6aa5ad65d35adc8bf4262e472648a55d045570-24a36bd8c71b5a63421f.js","b8f6b84888faf2febe88f903141e64d2f13750e9-e774431ab55efa2e9f1f.js","component---src-pages-aplikacje-webowe-js-f18a03687133bd8175b8.js"],"component---src-pages-blog-aplikacje-webowe-vs-strony-internetowe-js":["styles.d4ff76ee22af6057bd0b.css","framework-2e11ba2ec88a39210bca.js","8f6a41270034cb1b0d7d627b8cd6d3f4a0b0aacc-48fb156870b2b7c1110f.js","component---src-pages-blog-aplikacje-webowe-vs-strony-internetowe-js-70c72182b500c9081c82.js"],"component---src-pages-blog-cms-vs-strona-pisana-od-podstaw-js":["styles.d4ff76ee22af6057bd0b.css","framework-2e11ba2ec88a39210bca.js","8f6a41270034cb1b0d7d627b8cd6d3f4a0b0aacc-48fb156870b2b7c1110f.js","component---src-pages-blog-cms-vs-strona-pisana-od-podstaw-js-e4fe242a004d80244f73.js"],"component---src-pages-blog-czym-jest-responsywnosc-strony-js":["styles.d4ff76ee22af6057bd0b.css","framework-2e11ba2ec88a39210bca.js","8f6a41270034cb1b0d7d627b8cd6d3f4a0b0aacc-48fb156870b2b7c1110f.js","component---src-pages-blog-czym-jest-responsywnosc-strony-js-bbfaac925055eedf37f5.js"],"component---src-pages-blog-index-js":["styles.d4ff76ee22af6057bd0b.css","framework-2e11ba2ec88a39210bca.js","8f6a41270034cb1b0d7d627b8cd6d3f4a0b0aacc-48fb156870b2b7c1110f.js","component---src-pages-blog-index-js-cba5123c166eb57dc4b2.js"],"component---src-pages-blog-jak-przebiega-proces-tworzenia-strony-js":["styles.d4ff76ee22af6057bd0b.css","framework-2e11ba2ec88a39210bca.js","8f6a41270034cb1b0d7d627b8cd6d3f4a0b0aacc-48fb156870b2b7c1110f.js","component---src-pages-blog-jak-przebiega-proces-tworzenia-strony-js-f59e75a58736f408fcec.js"],"component---src-pages-blog-jak-wybrac-idealna-strone-js":["styles.d4ff76ee22af6057bd0b.css","framework-2e11ba2ec88a39210bca.js","8f6a41270034cb1b0d7d627b8cd6d3f4a0b0aacc-48fb156870b2b7c1110f.js","component---src-pages-blog-jak-wybrac-idealna-strone-js-3d4e0922764a80178d2c.js"],"component---src-pages-blog-jak-wybrac-najlepszy-hosting-i-domene-js":["styles.d4ff76ee22af6057bd0b.css","framework-2e11ba2ec88a39210bca.js","8f6a41270034cb1b0d7d627b8cd6d3f4a0b0aacc-48fb156870b2b7c1110f.js","component---src-pages-blog-jak-wybrac-najlepszy-hosting-i-domene-js-e760d3084e7f01287554.js"],"component---src-pages-blog-jakie-funkcje-powinna-miec-nowoczesna-strona-js":["styles.d4ff76ee22af6057bd0b.css","framework-2e11ba2ec88a39210bca.js","8f6a41270034cb1b0d7d627b8cd6d3f4a0b0aacc-48fb156870b2b7c1110f.js","component---src-pages-blog-jakie-funkcje-powinna-miec-nowoczesna-strona-js-429c1a05f1ed442f7817.js"],"component---src-pages-formularz-szybkiej-wyceny-js":["styles.d4ff76ee22af6057bd0b.css","framework-2e11ba2ec88a39210bca.js","8f6a41270034cb1b0d7d627b8cd6d3f4a0b0aacc-48fb156870b2b7c1110f.js","ee6ad327328575b986aa81d922a943f6f0da9c1c-9a94e19f0ab5299d607d.js","component---src-pages-formularz-szybkiej-wyceny-js-92be70b55debce4bd862.js"],"component---src-pages-index-js":["styles.d4ff76ee22af6057bd0b.css","framework-2e11ba2ec88a39210bca.js","8f6a41270034cb1b0d7d627b8cd6d3f4a0b0aacc-48fb156870b2b7c1110f.js","component---src-pages-index-js-52879066ff0a6a5846e7.js"],"component---src-pages-kontakt-js":["styles.d4ff76ee22af6057bd0b.css","framework-2e11ba2ec88a39210bca.js","7d0bf13e-113b26baaf995bec0e14.js","8f6a41270034cb1b0d7d627b8cd6d3f4a0b0aacc-48fb156870b2b7c1110f.js","ee6ad327328575b986aa81d922a943f6f0da9c1c-9a94e19f0ab5299d607d.js","component---src-pages-kontakt-js-b59a215406db46c9960a.js"],"component---src-pages-polityka-prywatnosci-js":["styles.d4ff76ee22af6057bd0b.css","framework-2e11ba2ec88a39210bca.js","8f6a41270034cb1b0d7d627b8cd6d3f4a0b0aacc-48fb156870b2b7c1110f.js","component---src-pages-polityka-prywatnosci-js-de2fb31fee60a1835829.js"],"component---src-pages-projektowanie-logo-js":["styles.d4ff76ee22af6057bd0b.css","framework-2e11ba2ec88a39210bca.js","8f6a41270034cb1b0d7d627b8cd6d3f4a0b0aacc-48fb156870b2b7c1110f.js","ac6aa5ad65d35adc8bf4262e472648a55d045570-24a36bd8c71b5a63421f.js","component---src-pages-projektowanie-logo-js-3228023ef4313eac2c49.js"],"component---src-pages-sklepy-internetowe-js":["styles.d4ff76ee22af6057bd0b.css","framework-2e11ba2ec88a39210bca.js","8f6a41270034cb1b0d7d627b8cd6d3f4a0b0aacc-48fb156870b2b7c1110f.js","ac6aa5ad65d35adc8bf4262e472648a55d045570-24a36bd8c71b5a63421f.js","b8f6b84888faf2febe88f903141e64d2f13750e9-e774431ab55efa2e9f1f.js","component---src-pages-sklepy-internetowe-js-90cfc24cee01085998ea.js"],"component---src-pages-strony-internetowe-index-js":["styles.d4ff76ee22af6057bd0b.css","framework-2e11ba2ec88a39210bca.js","8f6a41270034cb1b0d7d627b8cd6d3f4a0b0aacc-48fb156870b2b7c1110f.js","component---src-pages-strony-internetowe-index-js-3a63027e183bb39bd966.js"],"component---src-pages-strony-internetowe-katowice-js":["styles.d4ff76ee22af6057bd0b.css","framework-2e11ba2ec88a39210bca.js","8f6a41270034cb1b0d7d627b8cd6d3f4a0b0aacc-48fb156870b2b7c1110f.js","658f7a637c7b843d8752de1cdc9f9b4640b8fcb5-5579180f91bf6ed57cd1.js","83739b60fec679987bdbbec90b5b1442f2697af1-354831155b62650b479a.js","component---src-pages-strony-internetowe-katowice-js-a15ed25392b801a1425e.js"],"component---src-pages-strony-internetowe-krakow-js":["styles.d4ff76ee22af6057bd0b.css","framework-2e11ba2ec88a39210bca.js","8f6a41270034cb1b0d7d627b8cd6d3f4a0b0aacc-48fb156870b2b7c1110f.js","658f7a637c7b843d8752de1cdc9f9b4640b8fcb5-5579180f91bf6ed57cd1.js","83739b60fec679987bdbbec90b5b1442f2697af1-354831155b62650b479a.js","component---src-pages-strony-internetowe-krakow-js-3f54f0bd8684d2410c38.js"],"component---src-pages-strony-internetowe-warszawa-js":["styles.d4ff76ee22af6057bd0b.css","framework-2e11ba2ec88a39210bca.js","8f6a41270034cb1b0d7d627b8cd6d3f4a0b0aacc-48fb156870b2b7c1110f.js","658f7a637c7b843d8752de1cdc9f9b4640b8fcb5-5579180f91bf6ed57cd1.js","83739b60fec679987bdbbec90b5b1442f2697af1-354831155b62650b479a.js","component---src-pages-strony-internetowe-warszawa-js-557fffe50e5dbfc0d05d.js"],"component---src-pages-strony-internetowe-wroclaw-js":["styles.d4ff76ee22af6057bd0b.css","framework-2e11ba2ec88a39210bca.js","8f6a41270034cb1b0d7d627b8cd6d3f4a0b0aacc-48fb156870b2b7c1110f.js","658f7a637c7b843d8752de1cdc9f9b4640b8fcb5-5579180f91bf6ed57cd1.js","83739b60fec679987bdbbec90b5b1442f2697af1-354831155b62650b479a.js","component---src-pages-strony-internetowe-wroclaw-js-9dfe811692fc9dcc0d49.js"],"component---src-pages-strony-lms-js":["styles.d4ff76ee22af6057bd0b.css","framework-2e11ba2ec88a39210bca.js","8f6a41270034cb1b0d7d627b8cd6d3f4a0b0aacc-48fb156870b2b7c1110f.js","ac6aa5ad65d35adc8bf4262e472648a55d045570-24a36bd8c71b5a63421f.js","b8f6b84888faf2febe88f903141e64d2f13750e9-e774431ab55efa2e9f1f.js","component---src-pages-strony-lms-js-69b03fbf6cc15b40a1fc.js"],"component---src-pages-strony-niestandardowe-js":["styles.d4ff76ee22af6057bd0b.css","framework-2e11ba2ec88a39210bca.js","8f6a41270034cb1b0d7d627b8cd6d3f4a0b0aacc-48fb156870b2b7c1110f.js","ac6aa5ad65d35adc8bf4262e472648a55d045570-24a36bd8c71b5a63421f.js","b8f6b84888faf2febe88f903141e64d2f13750e9-e774431ab55efa2e9f1f.js","component---src-pages-strony-niestandardowe-js-fb30d7dd128429133edf.js"],"component---src-pages-strony-wordpress-js":["styles.d4ff76ee22af6057bd0b.css","framework-2e11ba2ec88a39210bca.js","8f6a41270034cb1b0d7d627b8cd6d3f4a0b0aacc-48fb156870b2b7c1110f.js","ac6aa5ad65d35adc8bf4262e472648a55d045570-24a36bd8c71b5a63421f.js","b8f6b84888faf2febe88f903141e64d2f13750e9-e774431ab55efa2e9f1f.js","component---src-pages-strony-wordpress-js-bb166531643dadf8df99.js"]},"childAssetsByChunkName":{}}