{"name":"build-javascript","namedChunkGroups":{"app":{"name":"app","assets":[{"name":"webpack-runtime-a18197756a7a619c9b65.js","size":6391},{"name":"styles.61af7f3d59fd000b76e8.css","size":54200},{"name":"framework-ea5c5b972f339393ee0c.js","size":140996},{"name":"app-fec202fcaff9c0c28585.js","size":84242}],"filteredAssets":0,"assetsSize":285829,"filteredAuxiliaryAssets":3,"auxiliaryAssetsSize":672114},"component---src-pages-404-js":{"name":"component---src-pages-404-js","assets":[{"name":"component---src-pages-404-js-f52d51dd12780ed9f66a.js","size":788}],"filteredAssets":0,"assetsSize":788,"filteredAuxiliaryAssets":1,"auxiliaryAssetsSize":1957},"component---src-pages-aplikacje-webowe-js":{"name":"component---src-pages-aplikacje-webowe-js","assets":[{"name":"styles.61af7f3d59fd000b76e8.css","size":54200},{"name":"8f6a41270034cb1b0d7d627b8cd6d3f4a0b0aacc-bb4d502fbc8f9b7c12bc.js","size":38860},{"name":"a22ac5a548f60a75627e73a2e529076be61eb59b-9b69dfa844edf084d7c4.js","size":18514},{"name":"ac6aa5ad65d35adc8bf4262e472648a55d045570-6ddd668633a4bea95a57.js","size":35418},{"name":"component---src-pages-aplikacje-webowe-js-aa5775e6511659022f3b.js","size":14368}],"filteredAssets":0,"assetsSize":161360,"filteredAuxiliaryAssets":4,"auxiliaryAssetsSize":237729},"component---src-pages-blog-aplikacje-webowe-vs-strony-internetowe-js":{"name":"component---src-pages-blog-aplikacje-webowe-vs-strony-internetowe-js","assets":[{"name":"styles.61af7f3d59fd000b76e8.css","size":54200},{"name":"8f6a41270034cb1b0d7d627b8cd6d3f4a0b0aacc-bb4d502fbc8f9b7c12bc.js","size":38860},{"name":"component---src-pages-blog-aplikacje-webowe-vs-strony-internetowe-js-3b194821cc8177ea4769.js","size":12045}],"filteredAssets":0,"assetsSize":105105,"filteredAuxiliaryAssets":2,"auxiliaryAssetsSize":152361},"component---src-pages-blog-cms-vs-strona-pisana-od-podstaw-js":{"name":"component---src-pages-blog-cms-vs-strona-pisana-od-podstaw-js","assets":[{"name":"styles.61af7f3d59fd000b76e8.css","size":54200},{"name":"8f6a41270034cb1b0d7d627b8cd6d3f4a0b0aacc-bb4d502fbc8f9b7c12bc.js","size":38860},{"name":"component---src-pages-blog-cms-vs-strona-pisana-od-podstaw-js-e5f31714e3d6f38317c4.js","size":16484}],"filteredAssets":0,"assetsSize":109544,"filteredAuxiliaryAssets":2,"auxiliaryAssetsSize":156578},"component---src-pages-blog-czym-jest-responsywnosc-strony-js":{"name":"component---src-pages-blog-czym-jest-responsywnosc-strony-js","assets":[{"name":"styles.61af7f3d59fd000b76e8.css","size":54200},{"name":"8f6a41270034cb1b0d7d627b8cd6d3f4a0b0aacc-bb4d502fbc8f9b7c12bc.js","size":38860},{"name":"component---src-pages-blog-czym-jest-responsywnosc-strony-js-d10b7a2f57fa4c3f1666.js","size":11694}],"filteredAssets":0,"assetsSize":104754,"filteredAuxiliaryAssets":2,"auxiliaryAssetsSize":151991},"component---src-pages-blog-index-js":{"name":"component---src-pages-blog-index-js","assets":[{"name":"styles.61af7f3d59fd000b76e8.css","size":54200},{"name":"8f6a41270034cb1b0d7d627b8cd6d3f4a0b0aacc-bb4d502fbc8f9b7c12bc.js","size":38860},{"name":"component---src-pages-blog-index-js-67dd7dca400841e4d47b.js","size":24383}],"filteredAssets":0,"assetsSize":117443,"filteredAuxiliaryAssets":2,"auxiliaryAssetsSize":155807},"component---src-pages-blog-jak-przebiega-proces-tworzenia-strony-js":{"name":"component---src-pages-blog-jak-przebiega-proces-tworzenia-strony-js","assets":[{"name":"styles.61af7f3d59fd000b76e8.css","size":54200},{"name":"8f6a41270034cb1b0d7d627b8cd6d3f4a0b0aacc-bb4d502fbc8f9b7c12bc.js","size":38860},{"name":"component---src-pages-blog-jak-przebiega-proces-tworzenia-strony-js-981f09034b8b781c2a92.js","size":11756}],"filteredAssets":0,"assetsSize":104816,"filteredAuxiliaryAssets":2,"auxiliaryAssetsSize":152095},"component---src-pages-blog-jak-wybrac-idealna-strone-js":{"name":"component---src-pages-blog-jak-wybrac-idealna-strone-js","assets":[{"name":"styles.61af7f3d59fd000b76e8.css","size":54200},{"name":"8f6a41270034cb1b0d7d627b8cd6d3f4a0b0aacc-bb4d502fbc8f9b7c12bc.js","size":38860},{"name":"component---src-pages-blog-jak-wybrac-idealna-strone-js-e85a63f212d648281e12.js","size":15168}],"filteredAssets":0,"assetsSize":108228,"filteredAuxiliaryAssets":2,"auxiliaryAssetsSize":156820},"component---src-pages-blog-jak-wybrac-najlepszy-hosting-i-domene-js":{"name":"component---src-pages-blog-jak-wybrac-najlepszy-hosting-i-domene-js","assets":[{"name":"styles.61af7f3d59fd000b76e8.css","size":54200},{"name":"8f6a41270034cb1b0d7d627b8cd6d3f4a0b0aacc-bb4d502fbc8f9b7c12bc.js","size":38860},{"name":"component---src-pages-blog-jak-wybrac-najlepszy-hosting-i-domene-js-76319808e5e82201b0fd.js","size":12502}],"filteredAssets":0,"assetsSize":105562,"filteredAuxiliaryAssets":2,"auxiliaryAssetsSize":153672},"component---src-pages-blog-jakie-funkcje-powinna-miec-nowoczesna-strona-js":{"name":"component---src-pages-blog-jakie-funkcje-powinna-miec-nowoczesna-strona-js","assets":[{"name":"styles.61af7f3d59fd000b76e8.css","size":54200},{"name":"8f6a41270034cb1b0d7d627b8cd6d3f4a0b0aacc-bb4d502fbc8f9b7c12bc.js","size":38860},{"name":"component---src-pages-blog-jakie-funkcje-powinna-miec-nowoczesna-strona-js-18003b2dda10d8de07a5.js","size":14040}],"filteredAssets":0,"assetsSize":107100,"filteredAuxiliaryAssets":2,"auxiliaryAssetsSize":155120},"component---src-pages-formularz-szybkiej-wyceny-js":{"name":"component---src-pages-formularz-szybkiej-wyceny-js","assets":[{"name":"styles.61af7f3d59fd000b76e8.css","size":54200},{"name":"8f6a41270034cb1b0d7d627b8cd6d3f4a0b0aacc-bb4d502fbc8f9b7c12bc.js","size":38860},{"name":"a22ac5a548f60a75627e73a2e529076be61eb59b-9b69dfa844edf084d7c4.js","size":18514},{"name":"ee6ad327328575b986aa81d922a943f6f0da9c1c-a4007f3e8f4178d3e0a5.js","size":23126},{"name":"component---src-pages-formularz-szybkiej-wyceny-js-17adb718ee9ff87fd1e8.js","size":46445}],"filteredAssets":0,"assetsSize":181145,"filteredAuxiliaryAssets":4,"auxiliaryAssetsSize":418623},"component---src-pages-index-js":{"name":"component---src-pages-index-js","assets":[{"name":"styles.61af7f3d59fd000b76e8.css","size":54200},{"name":"8f6a41270034cb1b0d7d627b8cd6d3f4a0b0aacc-bb4d502fbc8f9b7c12bc.js","size":38860},{"name":"component---src-pages-index-js-179a977122f139e761f1.js","size":11908}],"filteredAssets":0,"assetsSize":104968,"filteredAuxiliaryAssets":2,"auxiliaryAssetsSize":152860},"component---src-pages-kontakt-js":{"name":"component---src-pages-kontakt-js","assets":[{"name":"styles.61af7f3d59fd000b76e8.css","size":54200},{"name":"framework-ea5c5b972f339393ee0c.js","size":140996},{"name":"7d0bf13e-e9a5495fa81020ea8927.js","size":146921},{"name":"8f6a41270034cb1b0d7d627b8cd6d3f4a0b0aacc-bb4d502fbc8f9b7c12bc.js","size":38860},{"name":"a22ac5a548f60a75627e73a2e529076be61eb59b-9b69dfa844edf084d7c4.js","size":18514},{"name":"ee6ad327328575b986aa81d922a943f6f0da9c1c-a4007f3e8f4178d3e0a5.js","size":23126},{"name":"component---src-pages-kontakt-js-634ec98106653901a1d8.js","size":10995}],"filteredAssets":0,"assetsSize":433612,"filteredAuxiliaryAssets":6,"auxiliaryAssetsSize":1213349},"component---src-pages-polityka-prywatnosci-js":{"name":"component---src-pages-polityka-prywatnosci-js","assets":[{"name":"styles.61af7f3d59fd000b76e8.css","size":54200},{"name":"8f6a41270034cb1b0d7d627b8cd6d3f4a0b0aacc-bb4d502fbc8f9b7c12bc.js","size":38860},{"name":"component---src-pages-polityka-prywatnosci-js-9fa02a71d2f0d8708459.js","size":13445}],"filteredAssets":0,"assetsSize":106505,"filteredAuxiliaryAssets":2,"auxiliaryAssetsSize":153089},"component---src-pages-projektowanie-logo-js":{"name":"component---src-pages-projektowanie-logo-js","assets":[{"name":"styles.61af7f3d59fd000b76e8.css","size":54200},{"name":"8f6a41270034cb1b0d7d627b8cd6d3f4a0b0aacc-bb4d502fbc8f9b7c12bc.js","size":38860},{"name":"a22ac5a548f60a75627e73a2e529076be61eb59b-9b69dfa844edf084d7c4.js","size":18514},{"name":"ac6aa5ad65d35adc8bf4262e472648a55d045570-6ddd668633a4bea95a57.js","size":35418},{"name":"component---src-pages-projektowanie-logo-js-618825586ba0300806c3.js","size":19343}],"filteredAssets":0,"assetsSize":166335,"filteredAuxiliaryAssets":4,"auxiliaryAssetsSize":235811},"component---src-pages-sklepy-internetowe-js":{"name":"component---src-pages-sklepy-internetowe-js","assets":[{"name":"styles.61af7f3d59fd000b76e8.css","size":54200},{"name":"8f6a41270034cb1b0d7d627b8cd6d3f4a0b0aacc-bb4d502fbc8f9b7c12bc.js","size":38860},{"name":"a22ac5a548f60a75627e73a2e529076be61eb59b-9b69dfa844edf084d7c4.js","size":18514},{"name":"ac6aa5ad65d35adc8bf4262e472648a55d045570-6ddd668633a4bea95a57.js","size":35418},{"name":"component---src-pages-sklepy-internetowe-js-eb1bfbdcb35f3fe7a4c4.js","size":17888}],"filteredAssets":0,"assetsSize":164880,"filteredAuxiliaryAssets":4,"auxiliaryAssetsSize":240213},"component---src-pages-strony-internetowe-index-js":{"name":"component---src-pages-strony-internetowe-index-js","assets":[{"name":"styles.61af7f3d59fd000b76e8.css","size":54200},{"name":"8f6a41270034cb1b0d7d627b8cd6d3f4a0b0aacc-bb4d502fbc8f9b7c12bc.js","size":38860},{"name":"component---src-pages-strony-internetowe-index-js-57af198caa4cb82c291e.js","size":11254}],"filteredAssets":0,"assetsSize":104314,"filteredAuxiliaryAssets":2,"auxiliaryAssetsSize":153073},"component---src-pages-strony-internetowe-katowice-js":{"name":"component---src-pages-strony-internetowe-katowice-js","assets":[{"name":"styles.61af7f3d59fd000b76e8.css","size":54200},{"name":"8f6a41270034cb1b0d7d627b8cd6d3f4a0b0aacc-bb4d502fbc8f9b7c12bc.js","size":38860},{"name":"658f7a637c7b843d8752de1cdc9f9b4640b8fcb5-7c6935a7c1691c0a7929.js","size":32317},{"name":"83739b60fec679987bdbbec90b5b1442f2697af1-ae8bec682bc19e5f9d7e.js","size":150954},{"name":"component---src-pages-strony-internetowe-katowice-js-6f08f9797be07e054655.js","size":4745}],"filteredAssets":0,"assetsSize":281076,"filteredAuxiliaryAssets":4,"auxiliaryAssetsSize":400657},"component---src-pages-strony-internetowe-krakow-js":{"name":"component---src-pages-strony-internetowe-krakow-js","assets":[{"name":"styles.61af7f3d59fd000b76e8.css","size":54200},{"name":"8f6a41270034cb1b0d7d627b8cd6d3f4a0b0aacc-bb4d502fbc8f9b7c12bc.js","size":38860},{"name":"658f7a637c7b843d8752de1cdc9f9b4640b8fcb5-7c6935a7c1691c0a7929.js","size":32317},{"name":"83739b60fec679987bdbbec90b5b1442f2697af1-ae8bec682bc19e5f9d7e.js","size":150954},{"name":"component---src-pages-strony-internetowe-krakow-js-dcf2098ba81e9f591939.js","size":4806}],"filteredAssets":0,"assetsSize":281137,"filteredAuxiliaryAssets":4,"auxiliaryAssetsSize":400583},"component---src-pages-strony-internetowe-warszawa-js":{"name":"component---src-pages-strony-internetowe-warszawa-js","assets":[{"name":"styles.61af7f3d59fd000b76e8.css","size":54200},{"name":"8f6a41270034cb1b0d7d627b8cd6d3f4a0b0aacc-bb4d502fbc8f9b7c12bc.js","size":38860},{"name":"658f7a637c7b843d8752de1cdc9f9b4640b8fcb5-7c6935a7c1691c0a7929.js","size":32317},{"name":"83739b60fec679987bdbbec90b5b1442f2697af1-ae8bec682bc19e5f9d7e.js","size":150954},{"name":"component---src-pages-strony-internetowe-warszawa-js-2bc7fe1fc24bcc0f8ffd.js","size":4959}],"filteredAssets":0,"assetsSize":281290,"filteredAuxiliaryAssets":4,"auxiliaryAssetsSize":400877},"component---src-pages-strony-internetowe-wroclaw-js":{"name":"component---src-pages-strony-internetowe-wroclaw-js","assets":[{"name":"styles.61af7f3d59fd000b76e8.css","size":54200},{"name":"8f6a41270034cb1b0d7d627b8cd6d3f4a0b0aacc-bb4d502fbc8f9b7c12bc.js","size":38860},{"name":"658f7a637c7b843d8752de1cdc9f9b4640b8fcb5-7c6935a7c1691c0a7929.js","size":32317},{"name":"83739b60fec679987bdbbec90b5b1442f2697af1-ae8bec682bc19e5f9d7e.js","size":150954},{"name":"component---src-pages-strony-internetowe-wroclaw-js-6eddd4a025a376907055.js","size":5004}],"filteredAssets":0,"assetsSize":281335,"filteredAuxiliaryAssets":4,"auxiliaryAssetsSize":400865},"component---src-pages-strony-lms-js":{"name":"component---src-pages-strony-lms-js","assets":[{"name":"styles.61af7f3d59fd000b76e8.css","size":54200},{"name":"8f6a41270034cb1b0d7d627b8cd6d3f4a0b0aacc-bb4d502fbc8f9b7c12bc.js","size":38860},{"name":"a22ac5a548f60a75627e73a2e529076be61eb59b-9b69dfa844edf084d7c4.js","size":18514},{"name":"ac6aa5ad65d35adc8bf4262e472648a55d045570-6ddd668633a4bea95a57.js","size":35418},{"name":"component---src-pages-strony-lms-js-10d6f418206ea5134d7b.js","size":14420}],"filteredAssets":0,"assetsSize":161412,"filteredAuxiliaryAssets":4,"auxiliaryAssetsSize":237694},"component---src-pages-strony-niestandardowe-js":{"name":"component---src-pages-strony-niestandardowe-js","assets":[{"name":"styles.61af7f3d59fd000b76e8.css","size":54200},{"name":"8f6a41270034cb1b0d7d627b8cd6d3f4a0b0aacc-bb4d502fbc8f9b7c12bc.js","size":38860},{"name":"a22ac5a548f60a75627e73a2e529076be61eb59b-9b69dfa844edf084d7c4.js","size":18514},{"name":"ac6aa5ad65d35adc8bf4262e472648a55d045570-6ddd668633a4bea95a57.js","size":35418},{"name":"component---src-pages-strony-niestandardowe-js-592da57d18c3f998faf4.js","size":14396}],"filteredAssets":0,"assetsSize":161388,"filteredAuxiliaryAssets":4,"auxiliaryAssetsSize":237805},"component---src-pages-strony-wordpress-js":{"name":"component---src-pages-strony-wordpress-js","assets":[{"name":"styles.61af7f3d59fd000b76e8.css","size":54200},{"name":"8f6a41270034cb1b0d7d627b8cd6d3f4a0b0aacc-bb4d502fbc8f9b7c12bc.js","size":38860},{"name":"a22ac5a548f60a75627e73a2e529076be61eb59b-9b69dfa844edf084d7c4.js","size":18514},{"name":"ac6aa5ad65d35adc8bf4262e472648a55d045570-6ddd668633a4bea95a57.js","size":35418},{"name":"component---src-pages-strony-wordpress-js-77d89e2e5b7c171fd848.js","size":14418}],"filteredAssets":0,"assetsSize":161410,"filteredAuxiliaryAssets":4,"auxiliaryAssetsSize":237839}},"assetsByChunkName":{"app":["webpack-runtime-a18197756a7a619c9b65.js","styles.61af7f3d59fd000b76e8.css","framework-ea5c5b972f339393ee0c.js","app-fec202fcaff9c0c28585.js"],"component---src-pages-404-js":["component---src-pages-404-js-f52d51dd12780ed9f66a.js"],"component---src-pages-aplikacje-webowe-js":["styles.61af7f3d59fd000b76e8.css","8f6a41270034cb1b0d7d627b8cd6d3f4a0b0aacc-bb4d502fbc8f9b7c12bc.js","a22ac5a548f60a75627e73a2e529076be61eb59b-9b69dfa844edf084d7c4.js","ac6aa5ad65d35adc8bf4262e472648a55d045570-6ddd668633a4bea95a57.js","component---src-pages-aplikacje-webowe-js-aa5775e6511659022f3b.js"],"component---src-pages-blog-aplikacje-webowe-vs-strony-internetowe-js":["styles.61af7f3d59fd000b76e8.css","8f6a41270034cb1b0d7d627b8cd6d3f4a0b0aacc-bb4d502fbc8f9b7c12bc.js","component---src-pages-blog-aplikacje-webowe-vs-strony-internetowe-js-3b194821cc8177ea4769.js"],"component---src-pages-blog-cms-vs-strona-pisana-od-podstaw-js":["styles.61af7f3d59fd000b76e8.css","8f6a41270034cb1b0d7d627b8cd6d3f4a0b0aacc-bb4d502fbc8f9b7c12bc.js","component---src-pages-blog-cms-vs-strona-pisana-od-podstaw-js-e5f31714e3d6f38317c4.js"],"component---src-pages-blog-czym-jest-responsywnosc-strony-js":["styles.61af7f3d59fd000b76e8.css","8f6a41270034cb1b0d7d627b8cd6d3f4a0b0aacc-bb4d502fbc8f9b7c12bc.js","component---src-pages-blog-czym-jest-responsywnosc-strony-js-d10b7a2f57fa4c3f1666.js"],"component---src-pages-blog-index-js":["styles.61af7f3d59fd000b76e8.css","8f6a41270034cb1b0d7d627b8cd6d3f4a0b0aacc-bb4d502fbc8f9b7c12bc.js","component---src-pages-blog-index-js-67dd7dca400841e4d47b.js"],"component---src-pages-blog-jak-przebiega-proces-tworzenia-strony-js":["styles.61af7f3d59fd000b76e8.css","8f6a41270034cb1b0d7d627b8cd6d3f4a0b0aacc-bb4d502fbc8f9b7c12bc.js","component---src-pages-blog-jak-przebiega-proces-tworzenia-strony-js-981f09034b8b781c2a92.js"],"component---src-pages-blog-jak-wybrac-idealna-strone-js":["styles.61af7f3d59fd000b76e8.css","8f6a41270034cb1b0d7d627b8cd6d3f4a0b0aacc-bb4d502fbc8f9b7c12bc.js","component---src-pages-blog-jak-wybrac-idealna-strone-js-e85a63f212d648281e12.js"],"component---src-pages-blog-jak-wybrac-najlepszy-hosting-i-domene-js":["styles.61af7f3d59fd000b76e8.css","8f6a41270034cb1b0d7d627b8cd6d3f4a0b0aacc-bb4d502fbc8f9b7c12bc.js","component---src-pages-blog-jak-wybrac-najlepszy-hosting-i-domene-js-76319808e5e82201b0fd.js"],"component---src-pages-blog-jakie-funkcje-powinna-miec-nowoczesna-strona-js":["styles.61af7f3d59fd000b76e8.css","8f6a41270034cb1b0d7d627b8cd6d3f4a0b0aacc-bb4d502fbc8f9b7c12bc.js","component---src-pages-blog-jakie-funkcje-powinna-miec-nowoczesna-strona-js-18003b2dda10d8de07a5.js"],"component---src-pages-formularz-szybkiej-wyceny-js":["styles.61af7f3d59fd000b76e8.css","8f6a41270034cb1b0d7d627b8cd6d3f4a0b0aacc-bb4d502fbc8f9b7c12bc.js","a22ac5a548f60a75627e73a2e529076be61eb59b-9b69dfa844edf084d7c4.js","ee6ad327328575b986aa81d922a943f6f0da9c1c-a4007f3e8f4178d3e0a5.js","component---src-pages-formularz-szybkiej-wyceny-js-17adb718ee9ff87fd1e8.js"],"component---src-pages-index-js":["styles.61af7f3d59fd000b76e8.css","8f6a41270034cb1b0d7d627b8cd6d3f4a0b0aacc-bb4d502fbc8f9b7c12bc.js","component---src-pages-index-js-179a977122f139e761f1.js"],"component---src-pages-kontakt-js":["styles.61af7f3d59fd000b76e8.css","framework-ea5c5b972f339393ee0c.js","7d0bf13e-e9a5495fa81020ea8927.js","8f6a41270034cb1b0d7d627b8cd6d3f4a0b0aacc-bb4d502fbc8f9b7c12bc.js","a22ac5a548f60a75627e73a2e529076be61eb59b-9b69dfa844edf084d7c4.js","ee6ad327328575b986aa81d922a943f6f0da9c1c-a4007f3e8f4178d3e0a5.js","component---src-pages-kontakt-js-634ec98106653901a1d8.js"],"component---src-pages-polityka-prywatnosci-js":["styles.61af7f3d59fd000b76e8.css","8f6a41270034cb1b0d7d627b8cd6d3f4a0b0aacc-bb4d502fbc8f9b7c12bc.js","component---src-pages-polityka-prywatnosci-js-9fa02a71d2f0d8708459.js"],"component---src-pages-projektowanie-logo-js":["styles.61af7f3d59fd000b76e8.css","8f6a41270034cb1b0d7d627b8cd6d3f4a0b0aacc-bb4d502fbc8f9b7c12bc.js","a22ac5a548f60a75627e73a2e529076be61eb59b-9b69dfa844edf084d7c4.js","ac6aa5ad65d35adc8bf4262e472648a55d045570-6ddd668633a4bea95a57.js","component---src-pages-projektowanie-logo-js-618825586ba0300806c3.js"],"component---src-pages-sklepy-internetowe-js":["styles.61af7f3d59fd000b76e8.css","8f6a41270034cb1b0d7d627b8cd6d3f4a0b0aacc-bb4d502fbc8f9b7c12bc.js","a22ac5a548f60a75627e73a2e529076be61eb59b-9b69dfa844edf084d7c4.js","ac6aa5ad65d35adc8bf4262e472648a55d045570-6ddd668633a4bea95a57.js","component---src-pages-sklepy-internetowe-js-eb1bfbdcb35f3fe7a4c4.js"],"component---src-pages-strony-internetowe-index-js":["styles.61af7f3d59fd000b76e8.css","8f6a41270034cb1b0d7d627b8cd6d3f4a0b0aacc-bb4d502fbc8f9b7c12bc.js","component---src-pages-strony-internetowe-index-js-57af198caa4cb82c291e.js"],"component---src-pages-strony-internetowe-katowice-js":["styles.61af7f3d59fd000b76e8.css","8f6a41270034cb1b0d7d627b8cd6d3f4a0b0aacc-bb4d502fbc8f9b7c12bc.js","658f7a637c7b843d8752de1cdc9f9b4640b8fcb5-7c6935a7c1691c0a7929.js","83739b60fec679987bdbbec90b5b1442f2697af1-ae8bec682bc19e5f9d7e.js","component---src-pages-strony-internetowe-katowice-js-6f08f9797be07e054655.js"],"component---src-pages-strony-internetowe-krakow-js":["styles.61af7f3d59fd000b76e8.css","8f6a41270034cb1b0d7d627b8cd6d3f4a0b0aacc-bb4d502fbc8f9b7c12bc.js","658f7a637c7b843d8752de1cdc9f9b4640b8fcb5-7c6935a7c1691c0a7929.js","83739b60fec679987bdbbec90b5b1442f2697af1-ae8bec682bc19e5f9d7e.js","component---src-pages-strony-internetowe-krakow-js-dcf2098ba81e9f591939.js"],"component---src-pages-strony-internetowe-warszawa-js":["styles.61af7f3d59fd000b76e8.css","8f6a41270034cb1b0d7d627b8cd6d3f4a0b0aacc-bb4d502fbc8f9b7c12bc.js","658f7a637c7b843d8752de1cdc9f9b4640b8fcb5-7c6935a7c1691c0a7929.js","83739b60fec679987bdbbec90b5b1442f2697af1-ae8bec682bc19e5f9d7e.js","component---src-pages-strony-internetowe-warszawa-js-2bc7fe1fc24bcc0f8ffd.js"],"component---src-pages-strony-internetowe-wroclaw-js":["styles.61af7f3d59fd000b76e8.css","8f6a41270034cb1b0d7d627b8cd6d3f4a0b0aacc-bb4d502fbc8f9b7c12bc.js","658f7a637c7b843d8752de1cdc9f9b4640b8fcb5-7c6935a7c1691c0a7929.js","83739b60fec679987bdbbec90b5b1442f2697af1-ae8bec682bc19e5f9d7e.js","component---src-pages-strony-internetowe-wroclaw-js-6eddd4a025a376907055.js"],"component---src-pages-strony-lms-js":["styles.61af7f3d59fd000b76e8.css","8f6a41270034cb1b0d7d627b8cd6d3f4a0b0aacc-bb4d502fbc8f9b7c12bc.js","a22ac5a548f60a75627e73a2e529076be61eb59b-9b69dfa844edf084d7c4.js","ac6aa5ad65d35adc8bf4262e472648a55d045570-6ddd668633a4bea95a57.js","component---src-pages-strony-lms-js-10d6f418206ea5134d7b.js"],"component---src-pages-strony-niestandardowe-js":["styles.61af7f3d59fd000b76e8.css","8f6a41270034cb1b0d7d627b8cd6d3f4a0b0aacc-bb4d502fbc8f9b7c12bc.js","a22ac5a548f60a75627e73a2e529076be61eb59b-9b69dfa844edf084d7c4.js","ac6aa5ad65d35adc8bf4262e472648a55d045570-6ddd668633a4bea95a57.js","component---src-pages-strony-niestandardowe-js-592da57d18c3f998faf4.js"],"component---src-pages-strony-wordpress-js":["styles.61af7f3d59fd000b76e8.css","8f6a41270034cb1b0d7d627b8cd6d3f4a0b0aacc-bb4d502fbc8f9b7c12bc.js","a22ac5a548f60a75627e73a2e529076be61eb59b-9b69dfa844edf084d7c4.js","ac6aa5ad65d35adc8bf4262e472648a55d045570-6ddd668633a4bea95a57.js","component---src-pages-strony-wordpress-js-77d89e2e5b7c171fd848.js"]},"childAssetsByChunkName":{}}