{"name":"build-javascript","namedChunkGroups":{"app":{"name":"app","assets":[{"name":"webpack-runtime-88f69276529da759987d.js","size":6185},{"name":"styles.d8c5ff30a801e2a99601.css","size":145646},{"name":"framework-d996552aafdf53a593e2.js","size":140996},{"name":"app-71287deef23cd9dc1f1f.js","size":84551}],"filteredAssets":0,"assetsSize":377378,"filteredAuxiliaryAssets":3,"auxiliaryAssetsSize":672119},"component---src-pages-404-js":{"name":"component---src-pages-404-js","assets":[{"name":"component---src-pages-404-js-f52d51dd12780ed9f66a.js","size":788}],"filteredAssets":0,"assetsSize":788,"filteredAuxiliaryAssets":1,"auxiliaryAssetsSize":1957},"component---src-pages-aplikacje-webowe-js":{"name":"component---src-pages-aplikacje-webowe-js","assets":[{"name":"styles.d8c5ff30a801e2a99601.css","size":145646},{"name":"framework-d996552aafdf53a593e2.js","size":140996},{"name":"6779ea2a6359ff28d390f0c94d4eb14edb5a5470-f17a7c9201e2f8a16ac5.js","size":151092},{"name":"ac6aa5ad65d35adc8bf4262e472648a55d045570-20ec990c00bbdffe35fd.js","size":38480},{"name":"component---src-pages-aplikacje-webowe-js-0ff475b588966fb65971.js","size":13889}],"filteredAssets":0,"assetsSize":490103,"filteredAuxiliaryAssets":4,"auxiliaryAssetsSize":1184714},"component---src-pages-blog-aplikacje-webowe-vs-strony-internetowe-js":{"name":"component---src-pages-blog-aplikacje-webowe-vs-strony-internetowe-js","assets":[{"name":"styles.d8c5ff30a801e2a99601.css","size":145646},{"name":"framework-d996552aafdf53a593e2.js","size":140996},{"name":"6779ea2a6359ff28d390f0c94d4eb14edb5a5470-f17a7c9201e2f8a16ac5.js","size":151092},{"name":"component---src-pages-blog-aplikacje-webowe-vs-strony-internetowe-js-faa00f3319c344b18974.js","size":7358}],"filteredAssets":0,"assetsSize":445092,"filteredAuxiliaryAssets":3,"auxiliaryAssetsSize":1113911},"component---src-pages-blog-cms-vs-strona-pisana-od-podstaw-js":{"name":"component---src-pages-blog-cms-vs-strona-pisana-od-podstaw-js","assets":[{"name":"styles.d8c5ff30a801e2a99601.css","size":145646},{"name":"framework-d996552aafdf53a593e2.js","size":140996},{"name":"6779ea2a6359ff28d390f0c94d4eb14edb5a5470-f17a7c9201e2f8a16ac5.js","size":151092},{"name":"component---src-pages-blog-cms-vs-strona-pisana-od-podstaw-js-a3444c83d9f49119f8e8.js","size":14841}],"filteredAssets":0,"assetsSize":452575,"filteredAuxiliaryAssets":3,"auxiliaryAssetsSize":1121894},"component---src-pages-blog-czym-jest-responsywnosc-strony-js":{"name":"component---src-pages-blog-czym-jest-responsywnosc-strony-js","assets":[{"name":"styles.d8c5ff30a801e2a99601.css","size":145646},{"name":"framework-d996552aafdf53a593e2.js","size":140996},{"name":"6779ea2a6359ff28d390f0c94d4eb14edb5a5470-f17a7c9201e2f8a16ac5.js","size":151092},{"name":"component---src-pages-blog-czym-jest-responsywnosc-strony-js-b6e32079e2411f2c601d.js","size":7047}],"filteredAssets":0,"assetsSize":444781,"filteredAuxiliaryAssets":3,"auxiliaryAssetsSize":1113647},"component---src-pages-blog-index-js":{"name":"component---src-pages-blog-index-js","assets":[{"name":"styles.d8c5ff30a801e2a99601.css","size":145646},{"name":"framework-d996552aafdf53a593e2.js","size":140996},{"name":"6779ea2a6359ff28d390f0c94d4eb14edb5a5470-f17a7c9201e2f8a16ac5.js","size":151092},{"name":"component---src-pages-blog-index-js-1b2fffa23cff8f3e4844.js","size":19393}],"filteredAssets":0,"assetsSize":457127,"filteredAuxiliaryAssets":3,"auxiliaryAssetsSize":1117208},"component---src-pages-blog-jak-przebiega-proces-tworzenia-strony-js":{"name":"component---src-pages-blog-jak-przebiega-proces-tworzenia-strony-js","assets":[{"name":"styles.d8c5ff30a801e2a99601.css","size":145646},{"name":"framework-d996552aafdf53a593e2.js","size":140996},{"name":"6779ea2a6359ff28d390f0c94d4eb14edb5a5470-f17a7c9201e2f8a16ac5.js","size":151092},{"name":"component---src-pages-blog-jak-przebiega-proces-tworzenia-strony-js-939a24f9e688d4c236eb.js","size":7256}],"filteredAssets":0,"assetsSize":444990,"filteredAuxiliaryAssets":3,"auxiliaryAssetsSize":1113871},"component---src-pages-blog-jak-wybrac-idealna-strone-js":{"name":"component---src-pages-blog-jak-wybrac-idealna-strone-js","assets":[{"name":"styles.d8c5ff30a801e2a99601.css","size":145646},{"name":"framework-d996552aafdf53a593e2.js","size":140996},{"name":"6779ea2a6359ff28d390f0c94d4eb14edb5a5470-f17a7c9201e2f8a16ac5.js","size":151092},{"name":"component---src-pages-blog-jak-wybrac-idealna-strone-js-43b70e479fda552319c7.js","size":10040}],"filteredAssets":0,"assetsSize":447774,"filteredAuxiliaryAssets":3,"auxiliaryAssetsSize":1117706},"component---src-pages-blog-jak-wybrac-najlepszy-hosting-i-domene-js":{"name":"component---src-pages-blog-jak-wybrac-najlepszy-hosting-i-domene-js","assets":[{"name":"styles.d8c5ff30a801e2a99601.css","size":145646},{"name":"framework-d996552aafdf53a593e2.js","size":140996},{"name":"6779ea2a6359ff28d390f0c94d4eb14edb5a5470-f17a7c9201e2f8a16ac5.js","size":151092},{"name":"component---src-pages-blog-jak-wybrac-najlepszy-hosting-i-domene-js-ef3b16964b57e7a5467b.js","size":9366}],"filteredAssets":0,"assetsSize":447100,"filteredAuxiliaryAssets":3,"auxiliaryAssetsSize":1117157},"component---src-pages-blog-jakie-funkcje-powinna-miec-nowoczesna-strona-js":{"name":"component---src-pages-blog-jakie-funkcje-powinna-miec-nowoczesna-strona-js","assets":[{"name":"styles.d8c5ff30a801e2a99601.css","size":145646},{"name":"framework-d996552aafdf53a593e2.js","size":140996},{"name":"6779ea2a6359ff28d390f0c94d4eb14edb5a5470-f17a7c9201e2f8a16ac5.js","size":151092},{"name":"component---src-pages-blog-jakie-funkcje-powinna-miec-nowoczesna-strona-js-4a75f656763b1c1f3dc0.js","size":8981}],"filteredAssets":0,"assetsSize":446715,"filteredAuxiliaryAssets":3,"auxiliaryAssetsSize":1116096},"component---src-pages-formularz-szybkiej-wyceny-js":{"name":"component---src-pages-formularz-szybkiej-wyceny-js","assets":[{"name":"styles.d8c5ff30a801e2a99601.css","size":145646},{"name":"framework-d996552aafdf53a593e2.js","size":140996},{"name":"6779ea2a6359ff28d390f0c94d4eb14edb5a5470-f17a7c9201e2f8a16ac5.js","size":151092},{"name":"ee6ad327328575b986aa81d922a943f6f0da9c1c-e197f636415f690f999e.js","size":37235},{"name":"component---src-pages-formularz-szybkiej-wyceny-js-5962b5918eb807c428f9.js","size":41080}],"filteredAssets":0,"assetsSize":516049,"filteredAuxiliaryAssets":4,"auxiliaryAssetsSize":1374590},"component---src-pages-index-js":{"name":"component---src-pages-index-js","assets":[{"name":"styles.d8c5ff30a801e2a99601.css","size":145646},{"name":"framework-d996552aafdf53a593e2.js","size":140996},{"name":"6779ea2a6359ff28d390f0c94d4eb14edb5a5470-f17a7c9201e2f8a16ac5.js","size":151092},{"name":"cb3759ec85b558aec3d9468067ca64e15581ebf8-cf5ce6e6279746e7c2c8.js","size":32915},{"name":"component---src-pages-index-js-a1cbc9d4c29c82534de7.js","size":139339}],"filteredAssets":0,"assetsSize":609988,"filteredAuxiliaryAssets":4,"auxiliaryAssetsSize":1341814},"component---src-pages-kontakt-js":{"name":"component---src-pages-kontakt-js","assets":[{"name":"styles.d8c5ff30a801e2a99601.css","size":145646},{"name":"framework-d996552aafdf53a593e2.js","size":140996},{"name":"7d0bf13e-a8586a588dc5b6679f8e.js","size":146921},{"name":"6779ea2a6359ff28d390f0c94d4eb14edb5a5470-f17a7c9201e2f8a16ac5.js","size":151092},{"name":"ee6ad327328575b986aa81d922a943f6f0da9c1c-e197f636415f690f999e.js","size":37235},{"name":"component---src-pages-kontakt-js-9271ac4bb0538dc2037a.js","size":9925}],"filteredAssets":0,"assetsSize":631815,"filteredAuxiliaryAssets":5,"auxiliaryAssetsSize":1818987},"component---src-pages-polityka-prywatnosci-js":{"name":"component---src-pages-polityka-prywatnosci-js","assets":[{"name":"styles.d8c5ff30a801e2a99601.css","size":145646},{"name":"framework-d996552aafdf53a593e2.js","size":140996},{"name":"6779ea2a6359ff28d390f0c94d4eb14edb5a5470-f17a7c9201e2f8a16ac5.js","size":151092},{"name":"component---src-pages-polityka-prywatnosci-js-a89484926887f008c997.js","size":8756}],"filteredAssets":0,"assetsSize":446490,"filteredAuxiliaryAssets":3,"auxiliaryAssetsSize":1114447},"component---src-pages-projektowanie-logo-js":{"name":"component---src-pages-projektowanie-logo-js","assets":[{"name":"styles.d8c5ff30a801e2a99601.css","size":145646},{"name":"framework-d996552aafdf53a593e2.js","size":140996},{"name":"6779ea2a6359ff28d390f0c94d4eb14edb5a5470-f17a7c9201e2f8a16ac5.js","size":151092},{"name":"ac6aa5ad65d35adc8bf4262e472648a55d045570-20ec990c00bbdffe35fd.js","size":38480},{"name":"component---src-pages-projektowanie-logo-js-1fff3ad3f9061227d44c.js","size":19504}],"filteredAssets":0,"assetsSize":495718,"filteredAuxiliaryAssets":4,"auxiliaryAssetsSize":1186023},"component---src-pages-sklepy-internetowe-js":{"name":"component---src-pages-sklepy-internetowe-js","assets":[{"name":"styles.d8c5ff30a801e2a99601.css","size":145646},{"name":"framework-d996552aafdf53a593e2.js","size":140996},{"name":"6779ea2a6359ff28d390f0c94d4eb14edb5a5470-f17a7c9201e2f8a16ac5.js","size":151092},{"name":"ac6aa5ad65d35adc8bf4262e472648a55d045570-20ec990c00bbdffe35fd.js","size":38480},{"name":"component---src-pages-sklepy-internetowe-js-af011bee5a41acf396cb.js","size":17653}],"filteredAssets":0,"assetsSize":493867,"filteredAuxiliaryAssets":4,"auxiliaryAssetsSize":1187761},"component---src-pages-strony-internetowe-gdansk-js":{"name":"component---src-pages-strony-internetowe-gdansk-js","assets":[{"name":"styles.d8c5ff30a801e2a99601.css","size":145646},{"name":"framework-d996552aafdf53a593e2.js","size":140996},{"name":"6779ea2a6359ff28d390f0c94d4eb14edb5a5470-f17a7c9201e2f8a16ac5.js","size":151092},{"name":"cb3759ec85b558aec3d9468067ca64e15581ebf8-cf5ce6e6279746e7c2c8.js","size":32915},{"name":"fffcb4ef5b0b00ac5fe76babe3db9aa7eaa93f4c-a02fff670b3951f9b50e.js","size":160015},{"name":"component---src-pages-strony-internetowe-gdansk-js-9ca42410774e5183ab67.js","size":4934}],"filteredAssets":0,"assetsSize":635598,"filteredAuxiliaryAssets":5,"auxiliaryAssetsSize":1388523},"component---src-pages-strony-internetowe-index-js":{"name":"component---src-pages-strony-internetowe-index-js","assets":[{"name":"styles.d8c5ff30a801e2a99601.css","size":145646},{"name":"framework-d996552aafdf53a593e2.js","size":140996},{"name":"6779ea2a6359ff28d390f0c94d4eb14edb5a5470-f17a7c9201e2f8a16ac5.js","size":151092},{"name":"component---src-pages-strony-internetowe-index-js-e035f51f61f6ca6f8ad7.js","size":6684}],"filteredAssets":0,"assetsSize":444418,"filteredAuxiliaryAssets":3,"auxiliaryAssetsSize":1114974},"component---src-pages-strony-internetowe-katowice-js":{"name":"component---src-pages-strony-internetowe-katowice-js","assets":[{"name":"styles.d8c5ff30a801e2a99601.css","size":145646},{"name":"framework-d996552aafdf53a593e2.js","size":140996},{"name":"6779ea2a6359ff28d390f0c94d4eb14edb5a5470-f17a7c9201e2f8a16ac5.js","size":151092},{"name":"cb3759ec85b558aec3d9468067ca64e15581ebf8-cf5ce6e6279746e7c2c8.js","size":32915},{"name":"fffcb4ef5b0b00ac5fe76babe3db9aa7eaa93f4c-a02fff670b3951f9b50e.js","size":160015},{"name":"component---src-pages-strony-internetowe-katowice-js-1c40db1c6aebefa8d907.js","size":4738}],"filteredAssets":0,"assetsSize":635402,"filteredAuxiliaryAssets":5,"auxiliaryAssetsSize":1388462},"component---src-pages-strony-internetowe-krakow-js":{"name":"component---src-pages-strony-internetowe-krakow-js","assets":[{"name":"styles.d8c5ff30a801e2a99601.css","size":145646},{"name":"framework-d996552aafdf53a593e2.js","size":140996},{"name":"6779ea2a6359ff28d390f0c94d4eb14edb5a5470-f17a7c9201e2f8a16ac5.js","size":151092},{"name":"cb3759ec85b558aec3d9468067ca64e15581ebf8-cf5ce6e6279746e7c2c8.js","size":32915},{"name":"fffcb4ef5b0b00ac5fe76babe3db9aa7eaa93f4c-a02fff670b3951f9b50e.js","size":160015},{"name":"component---src-pages-strony-internetowe-krakow-js-bd7866b18d5b2dcb3592.js","size":4799}],"filteredAssets":0,"assetsSize":635463,"filteredAuxiliaryAssets":5,"auxiliaryAssetsSize":1388388},"component---src-pages-strony-internetowe-poznan-js":{"name":"component---src-pages-strony-internetowe-poznan-js","assets":[{"name":"styles.d8c5ff30a801e2a99601.css","size":145646},{"name":"framework-d996552aafdf53a593e2.js","size":140996},{"name":"6779ea2a6359ff28d390f0c94d4eb14edb5a5470-f17a7c9201e2f8a16ac5.js","size":151092},{"name":"cb3759ec85b558aec3d9468067ca64e15581ebf8-cf5ce6e6279746e7c2c8.js","size":32915},{"name":"fffcb4ef5b0b00ac5fe76babe3db9aa7eaa93f4c-a02fff670b3951f9b50e.js","size":160015},{"name":"component---src-pages-strony-internetowe-poznan-js-4160f01873287866dd6a.js","size":4940}],"filteredAssets":0,"assetsSize":635604,"filteredAuxiliaryAssets":5,"auxiliaryAssetsSize":1388526},"component---src-pages-strony-internetowe-warszawa-js":{"name":"component---src-pages-strony-internetowe-warszawa-js","assets":[{"name":"styles.d8c5ff30a801e2a99601.css","size":145646},{"name":"framework-d996552aafdf53a593e2.js","size":140996},{"name":"6779ea2a6359ff28d390f0c94d4eb14edb5a5470-f17a7c9201e2f8a16ac5.js","size":151092},{"name":"cb3759ec85b558aec3d9468067ca64e15581ebf8-cf5ce6e6279746e7c2c8.js","size":32915},{"name":"fffcb4ef5b0b00ac5fe76babe3db9aa7eaa93f4c-a02fff670b3951f9b50e.js","size":160015},{"name":"component---src-pages-strony-internetowe-warszawa-js-f8c02bd4d6af79adabcd.js","size":4952}],"filteredAssets":0,"assetsSize":635616,"filteredAuxiliaryAssets":5,"auxiliaryAssetsSize":1388682},"component---src-pages-strony-internetowe-wroclaw-js":{"name":"component---src-pages-strony-internetowe-wroclaw-js","assets":[{"name":"styles.d8c5ff30a801e2a99601.css","size":145646},{"name":"framework-d996552aafdf53a593e2.js","size":140996},{"name":"6779ea2a6359ff28d390f0c94d4eb14edb5a5470-f17a7c9201e2f8a16ac5.js","size":151092},{"name":"cb3759ec85b558aec3d9468067ca64e15581ebf8-cf5ce6e6279746e7c2c8.js","size":32915},{"name":"fffcb4ef5b0b00ac5fe76babe3db9aa7eaa93f4c-a02fff670b3951f9b50e.js","size":160015},{"name":"component---src-pages-strony-internetowe-wroclaw-js-2438b93c62c7e3011bde.js","size":4997}],"filteredAssets":0,"assetsSize":635661,"filteredAuxiliaryAssets":5,"auxiliaryAssetsSize":1388670},"component---src-pages-strony-lms-js":{"name":"component---src-pages-strony-lms-js","assets":[{"name":"styles.d8c5ff30a801e2a99601.css","size":145646},{"name":"framework-d996552aafdf53a593e2.js","size":140996},{"name":"6779ea2a6359ff28d390f0c94d4eb14edb5a5470-f17a7c9201e2f8a16ac5.js","size":151092},{"name":"ac6aa5ad65d35adc8bf4262e472648a55d045570-20ec990c00bbdffe35fd.js","size":38480},{"name":"component---src-pages-strony-lms-js-9463679aa32749dca370.js","size":13941}],"filteredAssets":0,"assetsSize":490155,"filteredAuxiliaryAssets":4,"auxiliaryAssetsSize":1184678},"component---src-pages-strony-niestandardowe-js":{"name":"component---src-pages-strony-niestandardowe-js","assets":[{"name":"styles.d8c5ff30a801e2a99601.css","size":145646},{"name":"framework-d996552aafdf53a593e2.js","size":140996},{"name":"6779ea2a6359ff28d390f0c94d4eb14edb5a5470-f17a7c9201e2f8a16ac5.js","size":151092},{"name":"ac6aa5ad65d35adc8bf4262e472648a55d045570-20ec990c00bbdffe35fd.js","size":38480},{"name":"component---src-pages-strony-niestandardowe-js-3cbe8ee1eaeaabed4aae.js","size":13917}],"filteredAssets":0,"assetsSize":490131,"filteredAuxiliaryAssets":4,"auxiliaryAssetsSize":1184789},"component---src-pages-strony-wordpress-js":{"name":"component---src-pages-strony-wordpress-js","assets":[{"name":"styles.d8c5ff30a801e2a99601.css","size":145646},{"name":"framework-d996552aafdf53a593e2.js","size":140996},{"name":"6779ea2a6359ff28d390f0c94d4eb14edb5a5470-f17a7c9201e2f8a16ac5.js","size":151092},{"name":"ac6aa5ad65d35adc8bf4262e472648a55d045570-20ec990c00bbdffe35fd.js","size":38480},{"name":"component---src-pages-strony-wordpress-js-4164b08e115cf313fe99.js","size":13939}],"filteredAssets":0,"assetsSize":490153,"filteredAuxiliaryAssets":4,"auxiliaryAssetsSize":1184801}},"assetsByChunkName":{"app":["webpack-runtime-88f69276529da759987d.js","styles.d8c5ff30a801e2a99601.css","framework-d996552aafdf53a593e2.js","app-71287deef23cd9dc1f1f.js"],"component---src-pages-404-js":["component---src-pages-404-js-f52d51dd12780ed9f66a.js"],"component---src-pages-aplikacje-webowe-js":["styles.d8c5ff30a801e2a99601.css","framework-d996552aafdf53a593e2.js","6779ea2a6359ff28d390f0c94d4eb14edb5a5470-f17a7c9201e2f8a16ac5.js","ac6aa5ad65d35adc8bf4262e472648a55d045570-20ec990c00bbdffe35fd.js","component---src-pages-aplikacje-webowe-js-0ff475b588966fb65971.js"],"component---src-pages-blog-aplikacje-webowe-vs-strony-internetowe-js":["styles.d8c5ff30a801e2a99601.css","framework-d996552aafdf53a593e2.js","6779ea2a6359ff28d390f0c94d4eb14edb5a5470-f17a7c9201e2f8a16ac5.js","component---src-pages-blog-aplikacje-webowe-vs-strony-internetowe-js-faa00f3319c344b18974.js"],"component---src-pages-blog-cms-vs-strona-pisana-od-podstaw-js":["styles.d8c5ff30a801e2a99601.css","framework-d996552aafdf53a593e2.js","6779ea2a6359ff28d390f0c94d4eb14edb5a5470-f17a7c9201e2f8a16ac5.js","component---src-pages-blog-cms-vs-strona-pisana-od-podstaw-js-a3444c83d9f49119f8e8.js"],"component---src-pages-blog-czym-jest-responsywnosc-strony-js":["styles.d8c5ff30a801e2a99601.css","framework-d996552aafdf53a593e2.js","6779ea2a6359ff28d390f0c94d4eb14edb5a5470-f17a7c9201e2f8a16ac5.js","component---src-pages-blog-czym-jest-responsywnosc-strony-js-b6e32079e2411f2c601d.js"],"component---src-pages-blog-index-js":["styles.d8c5ff30a801e2a99601.css","framework-d996552aafdf53a593e2.js","6779ea2a6359ff28d390f0c94d4eb14edb5a5470-f17a7c9201e2f8a16ac5.js","component---src-pages-blog-index-js-1b2fffa23cff8f3e4844.js"],"component---src-pages-blog-jak-przebiega-proces-tworzenia-strony-js":["styles.d8c5ff30a801e2a99601.css","framework-d996552aafdf53a593e2.js","6779ea2a6359ff28d390f0c94d4eb14edb5a5470-f17a7c9201e2f8a16ac5.js","component---src-pages-blog-jak-przebiega-proces-tworzenia-strony-js-939a24f9e688d4c236eb.js"],"component---src-pages-blog-jak-wybrac-idealna-strone-js":["styles.d8c5ff30a801e2a99601.css","framework-d996552aafdf53a593e2.js","6779ea2a6359ff28d390f0c94d4eb14edb5a5470-f17a7c9201e2f8a16ac5.js","component---src-pages-blog-jak-wybrac-idealna-strone-js-43b70e479fda552319c7.js"],"component---src-pages-blog-jak-wybrac-najlepszy-hosting-i-domene-js":["styles.d8c5ff30a801e2a99601.css","framework-d996552aafdf53a593e2.js","6779ea2a6359ff28d390f0c94d4eb14edb5a5470-f17a7c9201e2f8a16ac5.js","component---src-pages-blog-jak-wybrac-najlepszy-hosting-i-domene-js-ef3b16964b57e7a5467b.js"],"component---src-pages-blog-jakie-funkcje-powinna-miec-nowoczesna-strona-js":["styles.d8c5ff30a801e2a99601.css","framework-d996552aafdf53a593e2.js","6779ea2a6359ff28d390f0c94d4eb14edb5a5470-f17a7c9201e2f8a16ac5.js","component---src-pages-blog-jakie-funkcje-powinna-miec-nowoczesna-strona-js-4a75f656763b1c1f3dc0.js"],"component---src-pages-formularz-szybkiej-wyceny-js":["styles.d8c5ff30a801e2a99601.css","framework-d996552aafdf53a593e2.js","6779ea2a6359ff28d390f0c94d4eb14edb5a5470-f17a7c9201e2f8a16ac5.js","ee6ad327328575b986aa81d922a943f6f0da9c1c-e197f636415f690f999e.js","component---src-pages-formularz-szybkiej-wyceny-js-5962b5918eb807c428f9.js"],"component---src-pages-index-js":["styles.d8c5ff30a801e2a99601.css","framework-d996552aafdf53a593e2.js","6779ea2a6359ff28d390f0c94d4eb14edb5a5470-f17a7c9201e2f8a16ac5.js","cb3759ec85b558aec3d9468067ca64e15581ebf8-cf5ce6e6279746e7c2c8.js","component---src-pages-index-js-a1cbc9d4c29c82534de7.js"],"component---src-pages-kontakt-js":["styles.d8c5ff30a801e2a99601.css","framework-d996552aafdf53a593e2.js","7d0bf13e-a8586a588dc5b6679f8e.js","6779ea2a6359ff28d390f0c94d4eb14edb5a5470-f17a7c9201e2f8a16ac5.js","ee6ad327328575b986aa81d922a943f6f0da9c1c-e197f636415f690f999e.js","component---src-pages-kontakt-js-9271ac4bb0538dc2037a.js"],"component---src-pages-polityka-prywatnosci-js":["styles.d8c5ff30a801e2a99601.css","framework-d996552aafdf53a593e2.js","6779ea2a6359ff28d390f0c94d4eb14edb5a5470-f17a7c9201e2f8a16ac5.js","component---src-pages-polityka-prywatnosci-js-a89484926887f008c997.js"],"component---src-pages-projektowanie-logo-js":["styles.d8c5ff30a801e2a99601.css","framework-d996552aafdf53a593e2.js","6779ea2a6359ff28d390f0c94d4eb14edb5a5470-f17a7c9201e2f8a16ac5.js","ac6aa5ad65d35adc8bf4262e472648a55d045570-20ec990c00bbdffe35fd.js","component---src-pages-projektowanie-logo-js-1fff3ad3f9061227d44c.js"],"component---src-pages-sklepy-internetowe-js":["styles.d8c5ff30a801e2a99601.css","framework-d996552aafdf53a593e2.js","6779ea2a6359ff28d390f0c94d4eb14edb5a5470-f17a7c9201e2f8a16ac5.js","ac6aa5ad65d35adc8bf4262e472648a55d045570-20ec990c00bbdffe35fd.js","component---src-pages-sklepy-internetowe-js-af011bee5a41acf396cb.js"],"component---src-pages-strony-internetowe-gdansk-js":["styles.d8c5ff30a801e2a99601.css","framework-d996552aafdf53a593e2.js","6779ea2a6359ff28d390f0c94d4eb14edb5a5470-f17a7c9201e2f8a16ac5.js","cb3759ec85b558aec3d9468067ca64e15581ebf8-cf5ce6e6279746e7c2c8.js","fffcb4ef5b0b00ac5fe76babe3db9aa7eaa93f4c-a02fff670b3951f9b50e.js","component---src-pages-strony-internetowe-gdansk-js-9ca42410774e5183ab67.js"],"component---src-pages-strony-internetowe-index-js":["styles.d8c5ff30a801e2a99601.css","framework-d996552aafdf53a593e2.js","6779ea2a6359ff28d390f0c94d4eb14edb5a5470-f17a7c9201e2f8a16ac5.js","component---src-pages-strony-internetowe-index-js-e035f51f61f6ca6f8ad7.js"],"component---src-pages-strony-internetowe-katowice-js":["styles.d8c5ff30a801e2a99601.css","framework-d996552aafdf53a593e2.js","6779ea2a6359ff28d390f0c94d4eb14edb5a5470-f17a7c9201e2f8a16ac5.js","cb3759ec85b558aec3d9468067ca64e15581ebf8-cf5ce6e6279746e7c2c8.js","fffcb4ef5b0b00ac5fe76babe3db9aa7eaa93f4c-a02fff670b3951f9b50e.js","component---src-pages-strony-internetowe-katowice-js-1c40db1c6aebefa8d907.js"],"component---src-pages-strony-internetowe-krakow-js":["styles.d8c5ff30a801e2a99601.css","framework-d996552aafdf53a593e2.js","6779ea2a6359ff28d390f0c94d4eb14edb5a5470-f17a7c9201e2f8a16ac5.js","cb3759ec85b558aec3d9468067ca64e15581ebf8-cf5ce6e6279746e7c2c8.js","fffcb4ef5b0b00ac5fe76babe3db9aa7eaa93f4c-a02fff670b3951f9b50e.js","component---src-pages-strony-internetowe-krakow-js-bd7866b18d5b2dcb3592.js"],"component---src-pages-strony-internetowe-poznan-js":["styles.d8c5ff30a801e2a99601.css","framework-d996552aafdf53a593e2.js","6779ea2a6359ff28d390f0c94d4eb14edb5a5470-f17a7c9201e2f8a16ac5.js","cb3759ec85b558aec3d9468067ca64e15581ebf8-cf5ce6e6279746e7c2c8.js","fffcb4ef5b0b00ac5fe76babe3db9aa7eaa93f4c-a02fff670b3951f9b50e.js","component---src-pages-strony-internetowe-poznan-js-4160f01873287866dd6a.js"],"component---src-pages-strony-internetowe-warszawa-js":["styles.d8c5ff30a801e2a99601.css","framework-d996552aafdf53a593e2.js","6779ea2a6359ff28d390f0c94d4eb14edb5a5470-f17a7c9201e2f8a16ac5.js","cb3759ec85b558aec3d9468067ca64e15581ebf8-cf5ce6e6279746e7c2c8.js","fffcb4ef5b0b00ac5fe76babe3db9aa7eaa93f4c-a02fff670b3951f9b50e.js","component---src-pages-strony-internetowe-warszawa-js-f8c02bd4d6af79adabcd.js"],"component---src-pages-strony-internetowe-wroclaw-js":["styles.d8c5ff30a801e2a99601.css","framework-d996552aafdf53a593e2.js","6779ea2a6359ff28d390f0c94d4eb14edb5a5470-f17a7c9201e2f8a16ac5.js","cb3759ec85b558aec3d9468067ca64e15581ebf8-cf5ce6e6279746e7c2c8.js","fffcb4ef5b0b00ac5fe76babe3db9aa7eaa93f4c-a02fff670b3951f9b50e.js","component---src-pages-strony-internetowe-wroclaw-js-2438b93c62c7e3011bde.js"],"component---src-pages-strony-lms-js":["styles.d8c5ff30a801e2a99601.css","framework-d996552aafdf53a593e2.js","6779ea2a6359ff28d390f0c94d4eb14edb5a5470-f17a7c9201e2f8a16ac5.js","ac6aa5ad65d35adc8bf4262e472648a55d045570-20ec990c00bbdffe35fd.js","component---src-pages-strony-lms-js-9463679aa32749dca370.js"],"component---src-pages-strony-niestandardowe-js":["styles.d8c5ff30a801e2a99601.css","framework-d996552aafdf53a593e2.js","6779ea2a6359ff28d390f0c94d4eb14edb5a5470-f17a7c9201e2f8a16ac5.js","ac6aa5ad65d35adc8bf4262e472648a55d045570-20ec990c00bbdffe35fd.js","component---src-pages-strony-niestandardowe-js-3cbe8ee1eaeaabed4aae.js"],"component---src-pages-strony-wordpress-js":["styles.d8c5ff30a801e2a99601.css","framework-d996552aafdf53a593e2.js","6779ea2a6359ff28d390f0c94d4eb14edb5a5470-f17a7c9201e2f8a16ac5.js","ac6aa5ad65d35adc8bf4262e472648a55d045570-20ec990c00bbdffe35fd.js","component---src-pages-strony-wordpress-js-4164b08e115cf313fe99.js"]},"childAssetsByChunkName":{}}