{"name":"build-javascript","namedChunkGroups":{"app":{"name":"app","assets":[{"name":"webpack-runtime-33dc8196d44d0a9c8032.js","size":5661},{"name":"styles.b11e88f89ca1773c2510.css","size":270615},{"name":"framework-4c9a48b6a0c8be73726d.js","size":140996},{"name":"app-52e2d6df4af42b91e8b5.js","size":83671}],"filteredAssets":0,"assetsSize":500943,"filteredAuxiliaryAssets":3,"auxiliaryAssetsSize":672153},"component---src-pages-404-js":{"name":"component---src-pages-404-js","assets":[{"name":"component---src-pages-404-js-f52d51dd12780ed9f66a.js","size":788}],"filteredAssets":0,"assetsSize":788,"filteredAuxiliaryAssets":1,"auxiliaryAssetsSize":1957},"component---src-pages-aplikacje-webowe-js":{"name":"component---src-pages-aplikacje-webowe-js","assets":[{"name":"styles.b11e88f89ca1773c2510.css","size":270615},{"name":"framework-4c9a48b6a0c8be73726d.js","size":140996},{"name":"75b12c86f78d2e1ac051b4f2e36f7c601b217100-8a5fbc6d938fc1481e36.js","size":121416},{"name":"a22ac5a548f60a75627e73a2e529076be61eb59b-5b84b762fb8ba606ec78.js","size":16702},{"name":"ac6aa5ad65d35adc8bf4262e472648a55d045570-c6c952ace7917d173052.js","size":25172},{"name":"component---src-pages-aplikacje-webowe-js-70fab800ee17bd94dcec.js","size":12588}],"filteredAssets":0,"assetsSize":587489,"filteredAuxiliaryAssets":5,"auxiliaryAssetsSize":1034253},"component---src-pages-blog-aplikacje-webowe-vs-strony-internetowe-js":{"name":"component---src-pages-blog-aplikacje-webowe-vs-strony-internetowe-js","assets":[{"name":"styles.b11e88f89ca1773c2510.css","size":270615},{"name":"framework-4c9a48b6a0c8be73726d.js","size":140996},{"name":"75b12c86f78d2e1ac051b4f2e36f7c601b217100-8a5fbc6d938fc1481e36.js","size":121416},{"name":"component---src-pages-blog-aplikacje-webowe-vs-strony-internetowe-js-02fe13acb9188ac87956.js","size":6686}],"filteredAssets":0,"assetsSize":539713,"filteredAuxiliaryAssets":3,"auxiliaryAssetsSize":945712},"component---src-pages-blog-cms-vs-strona-pisana-od-podstaw-js":{"name":"component---src-pages-blog-cms-vs-strona-pisana-od-podstaw-js","assets":[{"name":"styles.b11e88f89ca1773c2510.css","size":270615},{"name":"framework-4c9a48b6a0c8be73726d.js","size":140996},{"name":"75b12c86f78d2e1ac051b4f2e36f7c601b217100-8a5fbc6d938fc1481e36.js","size":121416},{"name":"component---src-pages-blog-cms-vs-strona-pisana-od-podstaw-js-e3df847d45b9965a1a29.js","size":14253}],"filteredAssets":0,"assetsSize":547280,"filteredAuxiliaryAssets":3,"auxiliaryAssetsSize":953807},"component---src-pages-blog-czym-jest-responsywnosc-strony-js":{"name":"component---src-pages-blog-czym-jest-responsywnosc-strony-js","assets":[{"name":"styles.b11e88f89ca1773c2510.css","size":270615},{"name":"framework-4c9a48b6a0c8be73726d.js","size":140996},{"name":"75b12c86f78d2e1ac051b4f2e36f7c601b217100-8a5fbc6d938fc1481e36.js","size":121416},{"name":"component---src-pages-blog-czym-jest-responsywnosc-strony-js-88feba1841e5e5f40254.js","size":6408}],"filteredAssets":0,"assetsSize":539435,"filteredAuxiliaryAssets":3,"auxiliaryAssetsSize":945511},"component---src-pages-blog-index-js":{"name":"component---src-pages-blog-index-js","assets":[{"name":"styles.b11e88f89ca1773c2510.css","size":270615},{"name":"framework-4c9a48b6a0c8be73726d.js","size":140996},{"name":"75b12c86f78d2e1ac051b4f2e36f7c601b217100-8a5fbc6d938fc1481e36.js","size":121416},{"name":"c0b03ecfeac71231e378ab5f4a87460e1424d7c4-f7a30e69868db9ce4f7b.js","size":19105},{"name":"component---src-pages-blog-index-js-5e221ae42624418f7e9d.js","size":2199}],"filteredAssets":0,"assetsSize":554331,"filteredAuxiliaryAssets":4,"auxiliaryAssetsSize":960427},"component---src-pages-blog-jak-przebiega-proces-tworzenia-strony-js":{"name":"component---src-pages-blog-jak-przebiega-proces-tworzenia-strony-js","assets":[{"name":"styles.b11e88f89ca1773c2510.css","size":270615},{"name":"framework-4c9a48b6a0c8be73726d.js","size":140996},{"name":"75b12c86f78d2e1ac051b4f2e36f7c601b217100-8a5fbc6d938fc1481e36.js","size":121416},{"name":"component---src-pages-blog-jak-przebiega-proces-tworzenia-strony-js-dcf9b7bbc8c9474f1c3b.js","size":6485}],"filteredAssets":0,"assetsSize":539512,"filteredAuxiliaryAssets":3,"auxiliaryAssetsSize":945513},"component---src-pages-blog-jak-wybrac-idealna-strone-js":{"name":"component---src-pages-blog-jak-wybrac-idealna-strone-js","assets":[{"name":"styles.b11e88f89ca1773c2510.css","size":270615},{"name":"framework-4c9a48b6a0c8be73726d.js","size":140996},{"name":"75b12c86f78d2e1ac051b4f2e36f7c601b217100-8a5fbc6d938fc1481e36.js","size":121416},{"name":"component---src-pages-blog-jak-wybrac-idealna-strone-js-42a778c173349efce3db.js","size":9355}],"filteredAssets":0,"assetsSize":542382,"filteredAuxiliaryAssets":3,"auxiliaryAssetsSize":949437},"component---src-pages-blog-jak-wybrac-najlepszy-hosting-i-domene-js":{"name":"component---src-pages-blog-jak-wybrac-najlepszy-hosting-i-domene-js","assets":[{"name":"styles.b11e88f89ca1773c2510.css","size":270615},{"name":"framework-4c9a48b6a0c8be73726d.js","size":140996},{"name":"75b12c86f78d2e1ac051b4f2e36f7c601b217100-8a5fbc6d938fc1481e36.js","size":121416},{"name":"component---src-pages-blog-jak-wybrac-najlepszy-hosting-i-domene-js-8f046ff3a6b6f0165991.js","size":8723}],"filteredAssets":0,"assetsSize":541750,"filteredAuxiliaryAssets":3,"auxiliaryAssetsSize":948934},"component---src-pages-blog-jakie-funkcje-powinna-miec-nowoczesna-strona-js":{"name":"component---src-pages-blog-jakie-funkcje-powinna-miec-nowoczesna-strona-js","assets":[{"name":"styles.b11e88f89ca1773c2510.css","size":270615},{"name":"framework-4c9a48b6a0c8be73726d.js","size":140996},{"name":"75b12c86f78d2e1ac051b4f2e36f7c601b217100-8a5fbc6d938fc1481e36.js","size":121416},{"name":"component---src-pages-blog-jakie-funkcje-powinna-miec-nowoczesna-strona-js-a55d75776f63f929d56d.js","size":8286}],"filteredAssets":0,"assetsSize":541313,"filteredAuxiliaryAssets":3,"auxiliaryAssetsSize":947797},"component---src-pages-formularz-szybkiej-wyceny-js":{"name":"component---src-pages-formularz-szybkiej-wyceny-js","assets":[{"name":"styles.b11e88f89ca1773c2510.css","size":270615},{"name":"framework-4c9a48b6a0c8be73726d.js","size":140996},{"name":"75b12c86f78d2e1ac051b4f2e36f7c601b217100-8a5fbc6d938fc1481e36.js","size":121416},{"name":"a22ac5a548f60a75627e73a2e529076be61eb59b-5b84b762fb8ba606ec78.js","size":16702},{"name":"component---src-pages-formularz-szybkiej-wyceny-js-04a96c3c783fe47e31b8.js","size":3547}],"filteredAssets":0,"assetsSize":553276,"filteredAuxiliaryAssets":4,"auxiliaryAssetsSize":976752},"component---src-pages-index-js":{"name":"component---src-pages-index-js","assets":[{"name":"styles.b11e88f89ca1773c2510.css","size":270615},{"name":"framework-4c9a48b6a0c8be73726d.js","size":140996},{"name":"75b12c86f78d2e1ac051b4f2e36f7c601b217100-8a5fbc6d938fc1481e36.js","size":121416},{"name":"c0b03ecfeac71231e378ab5f4a87460e1424d7c4-f7a30e69868db9ce4f7b.js","size":19105},{"name":"component---src-pages-index-js-992a2ceb9c513891e40b.js","size":95789}],"filteredAssets":0,"assetsSize":647921,"filteredAuxiliaryAssets":4,"auxiliaryAssetsSize":1078337},"component---src-pages-kontakt-js":{"name":"component---src-pages-kontakt-js","assets":[{"name":"styles.b11e88f89ca1773c2510.css","size":270615},{"name":"framework-4c9a48b6a0c8be73726d.js","size":140996},{"name":"7d0bf13e-22a0e63f405793f6edfa.js","size":146931},{"name":"75b12c86f78d2e1ac051b4f2e36f7c601b217100-8a5fbc6d938fc1481e36.js","size":121416},{"name":"a22ac5a548f60a75627e73a2e529076be61eb59b-5b84b762fb8ba606ec78.js","size":16702},{"name":"component---src-pages-kontakt-js-c0163be5d6b255fdfe07.js","size":44664}],"filteredAssets":0,"assetsSize":741324,"filteredAuxiliaryAssets":5,"auxiliaryAssetsSize":1710595},"component---src-pages-polityka-prywatnosci-js":{"name":"component---src-pages-polityka-prywatnosci-js","assets":[{"name":"styles.b11e88f89ca1773c2510.css","size":270615},{"name":"framework-4c9a48b6a0c8be73726d.js","size":140996},{"name":"75b12c86f78d2e1ac051b4f2e36f7c601b217100-8a5fbc6d938fc1481e36.js","size":121416},{"name":"component---src-pages-polityka-prywatnosci-js-f2e04dcbc3ab5966e07b.js","size":6872}],"filteredAssets":0,"assetsSize":539899,"filteredAuxiliaryAssets":3,"auxiliaryAssetsSize":941913},"component---src-pages-projektowanie-logo-js":{"name":"component---src-pages-projektowanie-logo-js","assets":[{"name":"styles.b11e88f89ca1773c2510.css","size":270615},{"name":"framework-4c9a48b6a0c8be73726d.js","size":140996},{"name":"75b12c86f78d2e1ac051b4f2e36f7c601b217100-8a5fbc6d938fc1481e36.js","size":121416},{"name":"a22ac5a548f60a75627e73a2e529076be61eb59b-5b84b762fb8ba606ec78.js","size":16702},{"name":"ac6aa5ad65d35adc8bf4262e472648a55d045570-c6c952ace7917d173052.js","size":25172},{"name":"component---src-pages-projektowanie-logo-js-56a8f45f3c0fcf0a6525.js","size":18210}],"filteredAssets":0,"assetsSize":593111,"filteredAuxiliaryAssets":5,"auxiliaryAssetsSize":1035521},"component---src-pages-sklepy-internetowe-js":{"name":"component---src-pages-sklepy-internetowe-js","assets":[{"name":"styles.b11e88f89ca1773c2510.css","size":270615},{"name":"framework-4c9a48b6a0c8be73726d.js","size":140996},{"name":"75b12c86f78d2e1ac051b4f2e36f7c601b217100-8a5fbc6d938fc1481e36.js","size":121416},{"name":"a22ac5a548f60a75627e73a2e529076be61eb59b-5b84b762fb8ba606ec78.js","size":16702},{"name":"ac6aa5ad65d35adc8bf4262e472648a55d045570-c6c952ace7917d173052.js","size":25172},{"name":"component---src-pages-sklepy-internetowe-js-a300c94d4d4f972f63a2.js","size":12573}],"filteredAssets":0,"assetsSize":587474,"filteredAuxiliaryAssets":5,"auxiliaryAssetsSize":1034117},"component---src-pages-strony-lms-js":{"name":"component---src-pages-strony-lms-js","assets":[{"name":"styles.b11e88f89ca1773c2510.css","size":270615},{"name":"framework-4c9a48b6a0c8be73726d.js","size":140996},{"name":"75b12c86f78d2e1ac051b4f2e36f7c601b217100-8a5fbc6d938fc1481e36.js","size":121416},{"name":"a22ac5a548f60a75627e73a2e529076be61eb59b-5b84b762fb8ba606ec78.js","size":16702},{"name":"ac6aa5ad65d35adc8bf4262e472648a55d045570-c6c952ace7917d173052.js","size":25172},{"name":"component---src-pages-strony-lms-js-4f8977cc8ffe3cc9b6d6.js","size":12618}],"filteredAssets":0,"assetsSize":587519,"filteredAuxiliaryAssets":5,"auxiliaryAssetsSize":1034195},"component---src-pages-strony-niestandardowe-js":{"name":"component---src-pages-strony-niestandardowe-js","assets":[{"name":"styles.b11e88f89ca1773c2510.css","size":270615},{"name":"framework-4c9a48b6a0c8be73726d.js","size":140996},{"name":"75b12c86f78d2e1ac051b4f2e36f7c601b217100-8a5fbc6d938fc1481e36.js","size":121416},{"name":"a22ac5a548f60a75627e73a2e529076be61eb59b-5b84b762fb8ba606ec78.js","size":16702},{"name":"ac6aa5ad65d35adc8bf4262e472648a55d045570-c6c952ace7917d173052.js","size":25172},{"name":"component---src-pages-strony-niestandardowe-js-df2ca8f017bd61cc8f4a.js","size":12601}],"filteredAssets":0,"assetsSize":587502,"filteredAuxiliaryAssets":5,"auxiliaryAssetsSize":1034313},"component---src-pages-strony-wordpress-js":{"name":"component---src-pages-strony-wordpress-js","assets":[{"name":"styles.b11e88f89ca1773c2510.css","size":270615},{"name":"framework-4c9a48b6a0c8be73726d.js","size":140996},{"name":"75b12c86f78d2e1ac051b4f2e36f7c601b217100-8a5fbc6d938fc1481e36.js","size":121416},{"name":"a22ac5a548f60a75627e73a2e529076be61eb59b-5b84b762fb8ba606ec78.js","size":16702},{"name":"ac6aa5ad65d35adc8bf4262e472648a55d045570-c6c952ace7917d173052.js","size":25172},{"name":"component---src-pages-strony-wordpress-js-f392a0245252936e079f.js","size":12616}],"filteredAssets":0,"assetsSize":587517,"filteredAuxiliaryAssets":5,"auxiliaryAssetsSize":1034271}},"assetsByChunkName":{"app":["webpack-runtime-33dc8196d44d0a9c8032.js","styles.b11e88f89ca1773c2510.css","framework-4c9a48b6a0c8be73726d.js","app-52e2d6df4af42b91e8b5.js"],"component---src-pages-404-js":["component---src-pages-404-js-f52d51dd12780ed9f66a.js"],"component---src-pages-aplikacje-webowe-js":["styles.b11e88f89ca1773c2510.css","framework-4c9a48b6a0c8be73726d.js","75b12c86f78d2e1ac051b4f2e36f7c601b217100-8a5fbc6d938fc1481e36.js","a22ac5a548f60a75627e73a2e529076be61eb59b-5b84b762fb8ba606ec78.js","ac6aa5ad65d35adc8bf4262e472648a55d045570-c6c952ace7917d173052.js","component---src-pages-aplikacje-webowe-js-70fab800ee17bd94dcec.js"],"component---src-pages-blog-aplikacje-webowe-vs-strony-internetowe-js":["styles.b11e88f89ca1773c2510.css","framework-4c9a48b6a0c8be73726d.js","75b12c86f78d2e1ac051b4f2e36f7c601b217100-8a5fbc6d938fc1481e36.js","component---src-pages-blog-aplikacje-webowe-vs-strony-internetowe-js-02fe13acb9188ac87956.js"],"component---src-pages-blog-cms-vs-strona-pisana-od-podstaw-js":["styles.b11e88f89ca1773c2510.css","framework-4c9a48b6a0c8be73726d.js","75b12c86f78d2e1ac051b4f2e36f7c601b217100-8a5fbc6d938fc1481e36.js","component---src-pages-blog-cms-vs-strona-pisana-od-podstaw-js-e3df847d45b9965a1a29.js"],"component---src-pages-blog-czym-jest-responsywnosc-strony-js":["styles.b11e88f89ca1773c2510.css","framework-4c9a48b6a0c8be73726d.js","75b12c86f78d2e1ac051b4f2e36f7c601b217100-8a5fbc6d938fc1481e36.js","component---src-pages-blog-czym-jest-responsywnosc-strony-js-88feba1841e5e5f40254.js"],"component---src-pages-blog-index-js":["styles.b11e88f89ca1773c2510.css","framework-4c9a48b6a0c8be73726d.js","75b12c86f78d2e1ac051b4f2e36f7c601b217100-8a5fbc6d938fc1481e36.js","c0b03ecfeac71231e378ab5f4a87460e1424d7c4-f7a30e69868db9ce4f7b.js","component---src-pages-blog-index-js-5e221ae42624418f7e9d.js"],"component---src-pages-blog-jak-przebiega-proces-tworzenia-strony-js":["styles.b11e88f89ca1773c2510.css","framework-4c9a48b6a0c8be73726d.js","75b12c86f78d2e1ac051b4f2e36f7c601b217100-8a5fbc6d938fc1481e36.js","component---src-pages-blog-jak-przebiega-proces-tworzenia-strony-js-dcf9b7bbc8c9474f1c3b.js"],"component---src-pages-blog-jak-wybrac-idealna-strone-js":["styles.b11e88f89ca1773c2510.css","framework-4c9a48b6a0c8be73726d.js","75b12c86f78d2e1ac051b4f2e36f7c601b217100-8a5fbc6d938fc1481e36.js","component---src-pages-blog-jak-wybrac-idealna-strone-js-42a778c173349efce3db.js"],"component---src-pages-blog-jak-wybrac-najlepszy-hosting-i-domene-js":["styles.b11e88f89ca1773c2510.css","framework-4c9a48b6a0c8be73726d.js","75b12c86f78d2e1ac051b4f2e36f7c601b217100-8a5fbc6d938fc1481e36.js","component---src-pages-blog-jak-wybrac-najlepszy-hosting-i-domene-js-8f046ff3a6b6f0165991.js"],"component---src-pages-blog-jakie-funkcje-powinna-miec-nowoczesna-strona-js":["styles.b11e88f89ca1773c2510.css","framework-4c9a48b6a0c8be73726d.js","75b12c86f78d2e1ac051b4f2e36f7c601b217100-8a5fbc6d938fc1481e36.js","component---src-pages-blog-jakie-funkcje-powinna-miec-nowoczesna-strona-js-a55d75776f63f929d56d.js"],"component---src-pages-formularz-szybkiej-wyceny-js":["styles.b11e88f89ca1773c2510.css","framework-4c9a48b6a0c8be73726d.js","75b12c86f78d2e1ac051b4f2e36f7c601b217100-8a5fbc6d938fc1481e36.js","a22ac5a548f60a75627e73a2e529076be61eb59b-5b84b762fb8ba606ec78.js","component---src-pages-formularz-szybkiej-wyceny-js-04a96c3c783fe47e31b8.js"],"component---src-pages-index-js":["styles.b11e88f89ca1773c2510.css","framework-4c9a48b6a0c8be73726d.js","75b12c86f78d2e1ac051b4f2e36f7c601b217100-8a5fbc6d938fc1481e36.js","c0b03ecfeac71231e378ab5f4a87460e1424d7c4-f7a30e69868db9ce4f7b.js","component---src-pages-index-js-992a2ceb9c513891e40b.js"],"component---src-pages-kontakt-js":["styles.b11e88f89ca1773c2510.css","framework-4c9a48b6a0c8be73726d.js","7d0bf13e-22a0e63f405793f6edfa.js","75b12c86f78d2e1ac051b4f2e36f7c601b217100-8a5fbc6d938fc1481e36.js","a22ac5a548f60a75627e73a2e529076be61eb59b-5b84b762fb8ba606ec78.js","component---src-pages-kontakt-js-c0163be5d6b255fdfe07.js"],"component---src-pages-polityka-prywatnosci-js":["styles.b11e88f89ca1773c2510.css","framework-4c9a48b6a0c8be73726d.js","75b12c86f78d2e1ac051b4f2e36f7c601b217100-8a5fbc6d938fc1481e36.js","component---src-pages-polityka-prywatnosci-js-f2e04dcbc3ab5966e07b.js"],"component---src-pages-projektowanie-logo-js":["styles.b11e88f89ca1773c2510.css","framework-4c9a48b6a0c8be73726d.js","75b12c86f78d2e1ac051b4f2e36f7c601b217100-8a5fbc6d938fc1481e36.js","a22ac5a548f60a75627e73a2e529076be61eb59b-5b84b762fb8ba606ec78.js","ac6aa5ad65d35adc8bf4262e472648a55d045570-c6c952ace7917d173052.js","component---src-pages-projektowanie-logo-js-56a8f45f3c0fcf0a6525.js"],"component---src-pages-sklepy-internetowe-js":["styles.b11e88f89ca1773c2510.css","framework-4c9a48b6a0c8be73726d.js","75b12c86f78d2e1ac051b4f2e36f7c601b217100-8a5fbc6d938fc1481e36.js","a22ac5a548f60a75627e73a2e529076be61eb59b-5b84b762fb8ba606ec78.js","ac6aa5ad65d35adc8bf4262e472648a55d045570-c6c952ace7917d173052.js","component---src-pages-sklepy-internetowe-js-a300c94d4d4f972f63a2.js"],"component---src-pages-strony-lms-js":["styles.b11e88f89ca1773c2510.css","framework-4c9a48b6a0c8be73726d.js","75b12c86f78d2e1ac051b4f2e36f7c601b217100-8a5fbc6d938fc1481e36.js","a22ac5a548f60a75627e73a2e529076be61eb59b-5b84b762fb8ba606ec78.js","ac6aa5ad65d35adc8bf4262e472648a55d045570-c6c952ace7917d173052.js","component---src-pages-strony-lms-js-4f8977cc8ffe3cc9b6d6.js"],"component---src-pages-strony-niestandardowe-js":["styles.b11e88f89ca1773c2510.css","framework-4c9a48b6a0c8be73726d.js","75b12c86f78d2e1ac051b4f2e36f7c601b217100-8a5fbc6d938fc1481e36.js","a22ac5a548f60a75627e73a2e529076be61eb59b-5b84b762fb8ba606ec78.js","ac6aa5ad65d35adc8bf4262e472648a55d045570-c6c952ace7917d173052.js","component---src-pages-strony-niestandardowe-js-df2ca8f017bd61cc8f4a.js"],"component---src-pages-strony-wordpress-js":["styles.b11e88f89ca1773c2510.css","framework-4c9a48b6a0c8be73726d.js","75b12c86f78d2e1ac051b4f2e36f7c601b217100-8a5fbc6d938fc1481e36.js","a22ac5a548f60a75627e73a2e529076be61eb59b-5b84b762fb8ba606ec78.js","ac6aa5ad65d35adc8bf4262e472648a55d045570-c6c952ace7917d173052.js","component---src-pages-strony-wordpress-js-f392a0245252936e079f.js"]},"childAssetsByChunkName":{}}